"일자","요일","시간대","업종","이용건수"
"20140201","토","00","음식점-족발/보쌈전문","18"
"20140201","토","00","음식점-중국음식","16"
"20140201","토","00","치킨","380"
"20140201","토","00","피자","32"
"20140202","일","00","음식점-족발/보쌈전문","59"
"20140202","일","00","음식점-중국음식","95"
"20140202","일","00","치킨","714"
"20140202","일","00","피자","61"
"20140203","월","00","음식점-족발/보쌈전문","42"
"20140203","월","00","음식점-중국음식","128"
"20140203","월","00","치킨","388"
"20140203","월","00","피자","36"
"20140204","화","00","음식점-족발/보쌈전문","41"
"20140204","화","00","음식점-중국음식","137"
"20140204","화","00","치킨","466"
"20140204","화","00","피자","26"
"20140205","수","00","음식점-족발/보쌈전문","41"
"20140205","수","00","음식점-중국음식","148"
"20140205","수","00","치킨","492"
"20140205","수","00","피자","37"
"20140206","목","00","음식점-족발/보쌈전문","53"
"20140206","목","00","음식점-중국음식","112"
"20140206","목","00","치킨","442"
"20140206","목","00","피자","46"
"20140207","금","00","음식점-족발/보쌈전문","53"
"20140207","금","00","음식점-중국음식","139"
"20140207","금","00","치킨","575"
"20140207","금","00","피자","37"
"20140208","토","00","음식점-족발/보쌈전문","109"
"20140208","토","00","음식점-중국음식","172"
"20140208","토","00","치킨","989"
"20140208","토","00","피자","44"
"20140209","일","00","음식점-족발/보쌈전문","136"
"20140209","일","00","음식점-중국음식","184"
"20140209","일","00","치킨","1032"
"20140209","일","00","피자","55"
"20140210","월","00","음식점-족발/보쌈전문","62"
"20140210","월","00","음식점-중국음식","131"
"20140210","월","00","치킨","534"
"20140210","월","00","피자","41"
"20140211","화","00","음식점-족발/보쌈전문","52"
"20140211","화","00","음식점-중국음식","152"
"20140211","화","00","치킨","551"
"20140211","화","00","피자","32"
"20140212","수","00","음식점-족발/보쌈전문","59"
"20140212","수","00","음식점-중국음식","123"
"20140212","수","00","치킨","615"
"20140212","수","00","피자","43"
"20140213","목","00","음식점-족발/보쌈전문","55"
"20140213","목","00","음식점-중국음식","147"
"20140213","목","00","치킨","560"
"20140213","목","00","피자","40"
"20140214","금","00","음식점-족발/보쌈전문","46"
"20140214","금","00","음식점-중국음식","118"
"20140214","금","00","치킨","477"
"20140214","금","00","피자","26"
"20140215","토","00","음식점-족발/보쌈전문","90"
"20140215","토","00","음식점-중국음식","131"
"20140215","토","00","치킨","826"
"20140215","토","00","피자","45"
"20140216","일","00","음식점-족발/보쌈전문","103"
"20140216","일","00","음식점-중국음식","141"
"20140216","일","00","치킨","956"
"20140216","일","00","피자","29"
"20140217","월","00","음식점-족발/보쌈전문","52"
"20140217","월","00","음식점-중국음식","101"
"20140217","월","00","치킨","524"
"20140217","월","00","피자","34"
"20140218","화","00","음식점-족발/보쌈전문","53"
"20140218","화","00","음식점-중국음식","130"
"20140218","화","00","치킨","521"
"20140218","화","00","피자","34"
"20140219","수","00","음식점-족발/보쌈전문","60"
"20140219","수","00","음식점-중국음식","117"
"20140219","수","00","치킨","527"
"20140219","수","00","피자","25"
"20140220","목","00","음식점-족발/보쌈전문","73"
"20140220","목","00","음식점-중국음식","152"
"20140220","목","00","치킨","882"
"20140220","목","00","피자","57"
"20140221","금","00","음식점-족발/보쌈전문","77"
"20140221","금","00","음식점-중국음식","145"
"20140221","금","00","치킨","909"
"20140221","금","00","피자","38"
"20140222","토","00","음식점-족발/보쌈전문","79"
"20140222","토","00","음식점-중국음식","155"
"20140222","토","00","치킨","1033"
"20140222","토","00","피자","44"
"20140223","일","00","음식점-족발/보쌈전문","98"
"20140223","일","00","음식점-중국음식","141"
"20140223","일","00","치킨","1049"
"20140223","일","00","피자","47"
"20140224","월","00","음식점-족발/보쌈전문","51"
"20140224","월","00","음식점-중국음식","153"
"20140224","월","00","치킨","545"
"20140224","월","00","피자","26"
"20140225","화","00","음식점-족발/보쌈전문","54"
"20140225","화","00","음식점-중국음식","125"
"20140225","화","00","치킨","586"
"20140225","화","00","피자","30"
"20140226","수","00","음식점-족발/보쌈전문","41"
"20140226","수","00","음식점-중국음식","130"
"20140226","수","00","치킨","593"
"20140226","수","00","피자","27"
"20140227","목","00","음식점-족발/보쌈전문","52"
"20140227","목","00","음식점-중국음식","149"
"20140227","목","00","치킨","580"
"20140227","목","00","피자","21"
"20140228","금","00","음식점-족발/보쌈전문","54"
"20140228","금","00","음식점-중국음식","139"
"20140228","금","00","치킨","683"
"20140228","금","00","피자","38"
"20140201","토","01","음식점-족발/보쌈전문","10"
"20140201","토","01","음식점-중국음식","18"
"20140201","토","01","치킨","122"
"20140201","토","01","피자","8"
"20140202","일","01","음식점-족발/보쌈전문","33"
"20140202","일","01","음식점-중국음식","82"
"20140202","일","01","치킨","204"
"20140202","일","01","피자","20"
"20140203","월","01","음식점-족발/보쌈전문","24"
"20140203","월","01","음식점-중국음식","113"
"20140203","월","01","치킨","133"
"20140203","월","01","피자","14"
"20140204","화","01","음식점-족발/보쌈전문","24"
"20140204","화","01","음식점-중국음식","118"
"20140204","화","01","치킨","166"
"20140204","화","01","피자","13"
"20140205","수","01","음식점-족발/보쌈전문","33"
"20140205","수","01","음식점-중국음식","89"
"20140205","수","01","치킨","145"
"20140205","수","01","피자","18"
"20140206","목","01","음식점-족발/보쌈전문","35"
"20140206","목","01","음식점-중국음식","122"
"20140206","목","01","치킨","177"
"20140206","목","01","피자","9"
"20140207","금","01","음식점-족발/보쌈전문","39"
"20140207","금","01","음식점-중국음식","121"
"20140207","금","01","치킨","157"
"20140207","금","01","피자","20"
"20140208","토","01","음식점-족발/보쌈전문","45"
"20140208","토","01","음식점-중국음식","144"
"20140208","토","01","치킨","316"
"20140208","토","01","피자","23"
"20140209","일","01","음식점-족발/보쌈전문","48"
"20140209","일","01","음식점-중국음식","155"
"20140209","일","01","치킨","380"
"20140209","일","01","피자","37"
"20140210","월","01","음식점-족발/보쌈전문","30"
"20140210","월","01","음식점-중국음식","132"
"20140210","월","01","치킨","174"
"20140210","월","01","피자","9"
"20140211","화","01","음식점-족발/보쌈전문","26"
"20140211","화","01","음식점-중국음식","134"
"20140211","화","01","치킨","181"
"20140211","화","01","피자","21"
"20140212","수","01","음식점-족발/보쌈전문","30"
"20140212","수","01","음식점-중국음식","120"
"20140212","수","01","치킨","177"
"20140212","수","01","피자","13"
"20140213","목","01","음식점-족발/보쌈전문","25"
"20140213","목","01","음식점-중국음식","105"
"20140213","목","01","치킨","208"
"20140213","목","01","피자","15"
"20140214","금","01","음식점-족발/보쌈전문","32"
"20140214","금","01","음식점-중국음식","101"
"20140214","금","01","치킨","170"
"20140214","금","01","피자","9"
"20140215","토","01","음식점-족발/보쌈전문","45"
"20140215","토","01","음식점-중국음식","118"
"20140215","토","01","치킨","299"
"20140215","토","01","피자","25"
"20140216","일","01","음식점-족발/보쌈전문","44"
"20140216","일","01","음식점-중국음식","139"
"20140216","일","01","치킨","284"
"20140216","일","01","피자","16"
"20140217","월","01","음식점-족발/보쌈전문","21"
"20140217","월","01","음식점-중국음식","102"
"20140217","월","01","치킨","186"
"20140217","월","01","피자","10"
"20140218","화","01","음식점-족발/보쌈전문","33"
"20140218","화","01","음식점-중국음식","111"
"20140218","화","01","치킨","173"
"20140218","화","01","피자","16"
"20140219","수","01","음식점-족발/보쌈전문","35"
"20140219","수","01","음식점-중국음식","95"
"20140219","수","01","치킨","197"
"20140219","수","01","피자","13"
"20140220","목","01","음식점-족발/보쌈전문","30"
"20140220","목","01","음식점-중국음식","111"
"20140220","목","01","치킨","311"
"20140220","목","01","피자","21"
"20140221","금","01","음식점-족발/보쌈전문","46"
"20140221","금","01","음식점-중국음식","121"
"20140221","금","01","치킨","302"
"20140221","금","01","피자","20"
"20140222","토","01","음식점-족발/보쌈전문","43"
"20140222","토","01","음식점-중국음식","130"
"20140222","토","01","치킨","395"
"20140222","토","01","피자","17"
"20140223","일","01","음식점-족발/보쌈전문","56"
"20140223","일","01","음식점-중국음식","118"
"20140223","일","01","치킨","339"
"20140223","일","01","피자","22"
"20140224","월","01","음식점-족발/보쌈전문","27"
"20140224","월","01","음식점-중국음식","105"
"20140224","월","01","치킨","177"
"20140224","월","01","피자","17"
"20140225","화","01","음식점-족발/보쌈전문","29"
"20140225","화","01","음식점-중국음식","109"
"20140225","화","01","치킨","201"
"20140225","화","01","피자","9"
"20140226","수","01","음식점-족발/보쌈전문","38"
"20140226","수","01","음식점-중국음식","122"
"20140226","수","01","치킨","204"
"20140226","수","01","피자","15"
"20140227","목","01","음식점-족발/보쌈전문","31"
"20140227","목","01","음식점-중국음식","118"
"20140227","목","01","치킨","200"
"20140227","목","01","피자","7"
"20140228","금","01","음식점-족발/보쌈전문","43"
"20140228","금","01","음식점-중국음식","109"
"20140228","금","01","치킨","223"
"20140228","금","01","피자","12"
"20140201","토","02","음식점-중국음식","12"
"20140201","토","02","치킨","35"
"20140201","토","02","피자","7"
"20140202","일","02","음식점-족발/보쌈전문","12"
"20140202","일","02","음식점-중국음식","76"
"20140202","일","02","치킨","76"
"20140202","일","02","피자","9"
"20140203","월","02","음식점-중국음식","95"
"20140203","월","02","치킨","31"
"20140203","월","02","피자","7"
"20140204","화","02","음식점-족발/보쌈전문","11"
"20140204","화","02","음식점-중국음식","83"
"20140204","화","02","치킨","42"
"20140204","화","02","피자","14"
"20140205","수","02","음식점-족발/보쌈전문","14"
"20140205","수","02","음식점-중국음식","95"
"20140205","수","02","치킨","49"
"20140205","수","02","피자","10"
"20140206","목","02","음식점-족발/보쌈전문","16"
"20140206","목","02","음식점-중국음식","86"
"20140206","목","02","치킨","46"
"20140206","목","02","피자","10"
"20140207","금","02","음식점-족발/보쌈전문","6"
"20140207","금","02","음식점-중국음식","87"
"20140207","금","02","치킨","70"
"20140207","금","02","피자","14"
"20140208","토","02","음식점-족발/보쌈전문","21"
"20140208","토","02","음식점-중국음식","96"
"20140208","토","02","치킨","88"
"20140208","토","02","피자","10"
"20140209","일","02","음식점-족발/보쌈전문","25"
"20140209","일","02","음식점-중국음식","132"
"20140209","일","02","치킨","99"
"20140209","일","02","피자","23"
"20140210","월","02","음식점-족발/보쌈전문","22"
"20140210","월","02","음식점-중국음식","118"
"20140210","월","02","치킨","60"
"20140210","월","02","피자","12"
"20140211","화","02","음식점-족발/보쌈전문","15"
"20140211","화","02","음식점-중국음식","100"
"20140211","화","02","치킨","64"
"20140211","화","02","피자","13"
"20140212","수","02","음식점-족발/보쌈전문","16"
"20140212","수","02","음식점-중국음식","115"
"20140212","수","02","치킨","82"
"20140212","수","02","피자","12"
"20140213","목","02","음식점-족발/보쌈전문","16"
"20140213","목","02","음식점-중국음식","106"
"20140213","목","02","치킨","57"
"20140213","목","02","피자","7"
"20140214","금","02","음식점-족발/보쌈전문","13"
"20140214","금","02","음식점-중국음식","100"
"20140214","금","02","치킨","68"
"20140214","금","02","피자","8"
"20140215","토","02","음식점-족발/보쌈전문","37"
"20140215","토","02","음식점-중국음식","129"
"20140215","토","02","치킨","88"
"20140215","토","02","피자","9"
"20140216","일","02","음식점-족발/보쌈전문","23"
"20140216","일","02","음식점-중국음식","116"
"20140216","일","02","치킨","101"
"20140216","일","02","피자","15"
"20140217","월","02","음식점-족발/보쌈전문","18"
"20140217","월","02","음식점-중국음식","78"
"20140217","월","02","치킨","44"
"20140217","월","02","피자","5"
"20140218","화","02","음식점-족발/보쌈전문","21"
"20140218","화","02","음식점-중국음식","108"
"20140218","화","02","치킨","63"
"20140218","화","02","피자","7"
"20140219","수","02","음식점-족발/보쌈전문","18"
"20140219","수","02","음식점-중국음식","113"
"20140219","수","02","치킨","83"
"20140219","수","02","피자","6"
"20140220","목","02","음식점-족발/보쌈전문","17"
"20140220","목","02","음식점-중국음식","108"
"20140220","목","02","치킨","90"
"20140220","목","02","피자","15"
"20140221","금","02","음식점-족발/보쌈전문","25"
"20140221","금","02","음식점-중국음식","101"
"20140221","금","02","치킨","123"
"20140221","금","02","피자","10"
"20140222","토","02","음식점-족발/보쌈전문","28"
"20140222","토","02","음식점-중국음식","119"
"20140222","토","02","치킨","120"
"20140222","토","02","피자","14"
"20140223","일","02","음식점-족발/보쌈전문","28"
"20140223","일","02","음식점-중국음식","96"
"20140223","일","02","치킨","111"
"20140223","일","02","피자","16"
"20140224","월","02","음식점-족발/보쌈전문","13"
"20140224","월","02","음식점-중국음식","87"
"20140224","월","02","치킨","69"
"20140224","월","02","피자","12"
"20140225","화","02","음식점-족발/보쌈전문","14"
"20140225","화","02","음식점-중국음식","117"
"20140225","화","02","치킨","60"
"20140225","화","02","피자","6"
"20140226","수","02","음식점-족발/보쌈전문","13"
"20140226","수","02","음식점-중국음식","100"
"20140226","수","02","치킨","61"
"20140226","수","02","피자","6"
"20140227","목","02","음식점-족발/보쌈전문","18"
"20140227","목","02","음식점-중국음식","124"
"20140227","목","02","치킨","68"
"20140227","목","02","피자","16"
"20140228","금","02","음식점-족발/보쌈전문","17"
"20140228","금","02","음식점-중국음식","102"
"20140228","금","02","치킨","91"
"20140228","금","02","피자","9"
"20140201","토","03","치킨","16"
"20140202","일","03","음식점-족발/보쌈전문","12"
"20140202","일","03","음식점-중국음식","67"
"20140202","일","03","치킨","40"
"20140202","일","03","피자","5"
"20140203","월","03","음식점-중국음식","79"
"20140203","월","03","치킨","16"
"20140204","화","03","음식점-족발/보쌈전문","5"
"20140204","화","03","음식점-중국음식","81"
"20140204","화","03","치킨","19"
"20140204","화","03","피자","10"
"20140205","수","03","음식점-족발/보쌈전문","8"
"20140205","수","03","음식점-중국음식","82"
"20140205","수","03","치킨","32"
"20140205","수","03","피자","10"
"20140206","목","03","음식점-족발/보쌈전문","11"
"20140206","목","03","음식점-중국음식","90"
"20140206","목","03","치킨","19"
"20140206","목","03","피자","8"
"20140207","금","03","음식점-족발/보쌈전문","9"
"20140207","금","03","음식점-중국음식","92"
"20140207","금","03","치킨","28"
"20140207","금","03","피자","7"
"20140208","토","03","음식점-족발/보쌈전문","11"
"20140208","토","03","음식점-중국음식","107"
"20140208","토","03","치킨","32"
"20140208","토","03","피자","8"
"20140209","일","03","음식점-족발/보쌈전문","17"
"20140209","일","03","음식점-중국음식","86"
"20140209","일","03","치킨","49"
"20140209","일","03","피자","6"
"20140210","월","03","음식점-중국음식","101"
"20140210","월","03","치킨","24"
"20140210","월","03","피자","6"
"20140211","화","03","음식점-족발/보쌈전문","8"
"20140211","화","03","음식점-중국음식","68"
"20140211","화","03","치킨","17"
"20140211","화","03","피자","9"
"20140212","수","03","음식점-족발/보쌈전문","11"
"20140212","수","03","음식점-중국음식","83"
"20140212","수","03","치킨","31"
"20140212","수","03","피자","10"
"20140213","목","03","음식점-족발/보쌈전문","13"
"20140213","목","03","음식점-중국음식","87"
"20140213","목","03","치킨","28"
"20140213","목","03","피자","6"
"20140214","금","03","음식점-족발/보쌈전문","8"
"20140214","금","03","음식점-중국음식","89"
"20140214","금","03","치킨","33"
"20140215","토","03","음식점-족발/보쌈전문","15"
"20140215","토","03","음식점-중국음식","98"
"20140215","토","03","치킨","37"
"20140215","토","03","피자","9"
"20140216","일","03","음식점-족발/보쌈전문","6"
"20140216","일","03","음식점-중국음식","96"
"20140216","일","03","치킨","36"
"20140217","월","03","음식점-족발/보쌈전문","9"
"20140217","월","03","음식점-중국음식","69"
"20140217","월","03","치킨","13"
"20140217","월","03","피자","7"
"20140218","화","03","음식점-족발/보쌈전문","13"
"20140218","화","03","음식점-중국음식","69"
"20140218","화","03","치킨","20"
"20140218","화","03","피자","7"
"20140219","수","03","음식점-족발/보쌈전문","14"
"20140219","수","03","음식점-중국음식","102"
"20140219","수","03","치킨","23"
"20140219","수","03","피자","9"
"20140220","목","03","음식점-족발/보쌈전문","9"
"20140220","목","03","음식점-중국음식","92"
"20140220","목","03","치킨","37"
"20140220","목","03","피자","9"
"20140221","금","03","음식점-족발/보쌈전문","22"
"20140221","금","03","음식점-중국음식","92"
"20140221","금","03","치킨","37"
"20140221","금","03","피자","8"
"20140222","토","03","음식점-족발/보쌈전문","17"
"20140222","토","03","음식점-중국음식","108"
"20140222","토","03","치킨","54"
"20140222","토","03","피자","13"
"20140223","일","03","음식점-족발/보쌈전문","8"
"20140223","일","03","음식점-중국음식","111"
"20140223","일","03","치킨","36"
"20140223","일","03","피자","12"
"20140224","월","03","음식점-중국음식","61"
"20140224","월","03","치킨","30"
"20140224","월","03","피자","6"
"20140225","화","03","음식점-중국음식","83"
"20140225","화","03","치킨","41"
"20140226","수","03","음식점-족발/보쌈전문","11"
"20140226","수","03","음식점-중국음식","73"
"20140226","수","03","치킨","33"
"20140226","수","03","피자","7"
"20140227","목","03","음식점-족발/보쌈전문","11"
"20140227","목","03","음식점-중국음식","73"
"20140227","목","03","치킨","22"
"20140228","금","03","음식점-족발/보쌈전문","7"
"20140228","금","03","음식점-중국음식","83"
"20140228","금","03","치킨","24"
"20140201","토","04","음식점-중국음식","6"
"20140202","일","04","음식점-중국음식","40"
"20140202","일","04","치킨","19"
"20140203","월","04","음식점-중국음식","58"
"20140204","화","04","음식점-중국음식","61"
"20140204","화","04","치킨","10"
"20140204","화","04","피자","9"
"20140205","수","04","음식점-족발/보쌈전문","10"
"20140205","수","04","음식점-중국음식","73"
"20140205","수","04","치킨","12"
"20140206","목","04","음식점-족발/보쌈전문","7"
"20140206","목","04","음식점-중국음식","80"
"20140206","목","04","치킨","20"
"20140206","목","04","피자","10"
"20140207","금","04","음식점-중국음식","67"
"20140207","금","04","치킨","9"
"20140207","금","04","피자","6"
"20140208","토","04","음식점-족발/보쌈전문","8"
"20140208","토","04","음식점-중국음식","84"
"20140208","토","04","치킨","25"
"20140209","일","04","음식점-중국음식","75"
"20140209","일","04","치킨","14"
"20140209","일","04","피자","6"
"20140210","월","04","음식점-중국음식","57"
"20140210","월","04","치킨","15"
"20140211","화","04","음식점-족발/보쌈전문","5"
"20140211","화","04","음식점-중국음식","77"
"20140211","화","04","치킨","10"
"20140211","화","04","피자","13"
"20140212","수","04","음식점-중국음식","62"
"20140212","수","04","치킨","11"
"20140213","목","04","음식점-중국음식","70"
"20140213","목","04","치킨","22"
"20140214","금","04","음식점-족발/보쌈전문","9"
"20140214","금","04","음식점-중국음식","63"
"20140214","금","04","치킨","17"
"20140215","토","04","음식점-족발/보쌈전문","5"
"20140215","토","04","음식점-중국음식","106"
"20140215","토","04","치킨","25"
"20140216","일","04","음식점-중국음식","68"
"20140216","일","04","치킨","15"
"20140217","월","04","음식점-중국음식","64"
"20140217","월","04","치킨","18"
"20140218","화","04","음식점-족발/보쌈전문","7"
"20140218","화","04","음식점-중국음식","59"
"20140218","화","04","치킨","27"
"20140219","수","04","음식점-족발/보쌈전문","7"
"20140219","수","04","음식점-중국음식","78"
"20140219","수","04","치킨","20"
"20140220","목","04","음식점-중국음식","48"
"20140220","목","04","치킨","17"
"20140221","금","04","음식점-족발/보쌈전문","8"
"20140221","금","04","음식점-중국음식","72"
"20140221","금","04","치킨","19"
"20140221","금","04","피자","6"
"20140222","토","04","음식점-족발/보쌈전문","11"
"20140222","토","04","음식점-중국음식","90"
"20140222","토","04","치킨","26"
"20140222","토","04","피자","5"
"20140223","일","04","음식점-족발/보쌈전문","6"
"20140223","일","04","음식점-중국음식","78"
"20140223","일","04","치킨","19"
"20140223","일","04","피자","6"
"20140224","월","04","음식점-중국음식","67"
"20140224","월","04","치킨","18"
"20140225","화","04","음식점-중국음식","52"
"20140225","화","04","치킨","19"
"20140226","수","04","음식점-중국음식","72"
"20140226","수","04","치킨","21"
"20140227","목","04","음식점-족발/보쌈전문","9"
"20140227","목","04","음식점-중국음식","66"
"20140227","목","04","치킨","13"
"20140228","금","04","음식점-중국음식","83"
"20140228","금","04","치킨","19"
"20140201","토","05","음식점-중국음식","11"
"20140202","일","05","음식점-중국음식","34"
"20140203","월","05","음식점-중국음식","36"
"20140204","화","05","음식점-족발/보쌈전문","5"
"20140204","화","05","음식점-중국음식","73"
"20140204","화","05","치킨","8"
"20140205","수","05","음식점-중국음식","53"
"20140205","수","05","치킨","10"
"20140206","목","05","음식점-중국음식","49"
"20140206","목","05","치킨","5"
"20140207","금","05","음식점-족발/보쌈전문","5"
"20140207","금","05","음식점-중국음식","48"
"20140207","금","05","치킨","5"
"20140208","토","05","음식점-족발/보쌈전문","6"
"20140208","토","05","음식점-중국음식","73"
"20140208","토","05","치킨","10"
"20140209","일","05","음식점-중국음식","66"
"20140209","일","05","치킨","10"
"20140210","월","05","음식점-중국음식","55"
"20140211","화","05","음식점-족발/보쌈전문","7"
"20140211","화","05","음식점-중국음식","63"
"20140211","화","05","치킨","9"
"20140212","수","05","음식점-족발/보쌈전문","5"
"20140212","수","05","음식점-중국음식","71"
"20140212","수","05","치킨","9"
"20140213","목","05","음식점-중국음식","57"
"20140213","목","05","치킨","8"
"20140214","금","05","음식점-족발/보쌈전문","6"
"20140214","금","05","음식점-중국음식","47"
"20140214","금","05","치킨","8"
"20140215","토","05","음식점-족발/보쌈전문","6"
"20140215","토","05","음식점-중국음식","73"
"20140215","토","05","치킨","12"
"20140215","토","05","피자","5"
"20140216","일","05","음식점-중국음식","61"
"20140216","일","05","치킨","6"
"20140217","월","05","음식점-중국음식","38"
"20140217","월","05","치킨","10"
"20140218","화","05","음식점-중국음식","68"
"20140218","화","05","치킨","13"
"20140218","화","05","피자","5"
"20140219","수","05","음식점-중국음식","61"
"20140219","수","05","치킨","9"
"20140220","목","05","음식점-중국음식","62"
"20140220","목","05","치킨","6"
"20140221","금","05","음식점-족발/보쌈전문","5"
"20140221","금","05","음식점-중국음식","64"
"20140221","금","05","치킨","9"
"20140222","토","05","음식점-중국음식","72"
"20140222","토","05","치킨","17"
"20140223","일","05","음식점-중국음식","67"
"20140223","일","05","치킨","6"
"20140223","일","05","피자","7"
"20140224","월","05","음식점-중국음식","46"
"20140224","월","05","치킨","5"
"20140225","화","05","음식점-중국음식","57"
"20140225","화","05","치킨","6"
"20140226","수","05","음식점-족발/보쌈전문","6"
"20140226","수","05","음식점-중국음식","54"
"20140226","수","05","치킨","6"
"20140227","목","05","음식점-족발/보쌈전문","7"
"20140227","목","05","음식점-중국음식","46"
"20140227","목","05","치킨","13"
"20140228","금","05","음식점-족발/보쌈전문","6"
"20140228","금","05","음식점-중국음식","56"
"20140228","금","05","치킨","10"
"20140201","토","06","음식점-중국음식","7"
"20140202","일","06","음식점-중국음식","26"
"20140203","월","06","음식점-중국음식","42"
"20140204","화","06","음식점-족발/보쌈전문","8"
"20140204","화","06","음식점-중국음식","44"
"20140205","수","06","음식점-족발/보쌈전문","8"
"20140205","수","06","음식점-중국음식","46"
"20140206","목","06","음식점-족발/보쌈전문","8"
"20140206","목","06","음식점-중국음식","51"
"20140206","목","06","치킨","5"
"20140207","금","06","음식점-족발/보쌈전문","5"
"20140207","금","06","음식점-중국음식","42"
"20140208","토","06","음식점-족발/보쌈전문","9"
"20140208","토","06","음식점-중국음식","80"
"20140208","토","06","치킨","8"
"20140208","토","06","피자","7"
"20140209","일","06","음식점-중국음식","56"
"20140210","월","06","음식점-족발/보쌈전문","7"
"20140210","월","06","음식점-중국음식","54"
"20140211","화","06","음식점-중국음식","42"
"20140211","화","06","치킨","5"
"20140212","수","06","음식점-족발/보쌈전문","9"
"20140212","수","06","음식점-중국음식","51"
"20140213","목","06","음식점-족발/보쌈전문","6"
"20140213","목","06","음식점-중국음식","59"
"20140214","금","06","음식점-족발/보쌈전문","6"
"20140214","금","06","음식점-중국음식","50"
"20140214","금","06","치킨","7"
"20140215","토","06","음식점-족발/보쌈전문","9"
"20140215","토","06","음식점-중국음식","76"
"20140215","토","06","치킨","6"
"20140216","일","06","음식점-중국음식","47"
"20140217","월","06","음식점-족발/보쌈전문","7"
"20140217","월","06","음식점-중국음식","41"
"20140217","월","06","치킨","7"
"20140218","화","06","음식점-중국음식","49"
"20140219","수","06","음식점-족발/보쌈전문","6"
"20140219","수","06","음식점-중국음식","62"
"20140220","목","06","음식점-족발/보쌈전문","10"
"20140220","목","06","음식점-중국음식","55"
"20140221","금","06","음식점-족발/보쌈전문","10"
"20140221","금","06","음식점-중국음식","49"
"20140222","토","06","음식점-중국음식","71"
"20140222","토","06","치킨","11"
"20140222","토","06","피자","7"
"20140223","일","06","음식점-중국음식","56"
"20140224","월","06","음식점-족발/보쌈전문","10"
"20140224","월","06","음식점-중국음식","33"
"20140225","화","06","음식점-족발/보쌈전문","5"
"20140225","화","06","음식점-중국음식","49"
"20140225","화","06","치킨","6"
"20140226","수","06","음식점-족발/보쌈전문","8"
"20140226","수","06","음식점-중국음식","42"
"20140227","목","06","음식점-족발/보쌈전문","8"
"20140227","목","06","음식점-중국음식","48"
"20140228","금","06","음식점-족발/보쌈전문","7"
"20140228","금","06","음식점-중국음식","45"
"20140228","금","06","치킨","9"
"20140228","금","06","피자","5"
"20140201","토","07","음식점-중국음식","12"
"20140202","일","07","음식점-중국음식","41"
"20140203","월","07","음식점-족발/보쌈전문","7"
"20140203","월","07","음식점-중국음식","39"
"20140204","화","07","음식점-족발/보쌈전문","7"
"20140204","화","07","음식점-중국음식","39"
"20140205","수","07","음식점-중국음식","44"
"20140206","목","07","음식점-족발/보쌈전문","6"
"20140206","목","07","음식점-중국음식","38"
"20140207","금","07","음식점-족발/보쌈전문","6"
"20140207","금","07","음식점-중국음식","46"
"20140207","금","07","치킨","5"
"20140208","토","07","음식점-족발/보쌈전문","5"
"20140208","토","07","음식점-중국음식","62"
"20140208","토","07","치킨","5"
"20140209","일","07","음식점-중국음식","57"
"20140210","월","07","음식점-족발/보쌈전문","6"
"20140210","월","07","음식점-중국음식","42"
"20140211","화","07","음식점-족발/보쌈전문","10"
"20140211","화","07","음식점-중국음식","37"
"20140212","수","07","음식점-중국음식","52"
"20140213","목","07","음식점-족발/보쌈전문","8"
"20140213","목","07","음식점-중국음식","45"
"20140213","목","07","치킨","10"
"20140214","금","07","음식점-족발/보쌈전문","7"
"20140214","금","07","음식점-중국음식","47"
"20140215","토","07","음식점-족발/보쌈전문","5"
"20140215","토","07","음식점-중국음식","59"
"20140215","토","07","치킨","5"
"20140216","일","07","음식점-중국음식","52"
"20140217","월","07","음식점-족발/보쌈전문","6"
"20140217","월","07","음식점-중국음식","46"
"20140218","화","07","음식점-족발/보쌈전문","9"
"20140218","화","07","음식점-중국음식","43"
"20140219","수","07","음식점-족발/보쌈전문","6"
"20140219","수","07","음식점-중국음식","37"
"20140220","목","07","음식점-족발/보쌈전문","5"
"20140220","목","07","음식점-중국음식","41"
"20140220","목","07","치킨","5"
"20140221","금","07","음식점-족발/보쌈전문","7"
"20140221","금","07","음식점-중국음식","53"
"20140222","토","07","음식점-족발/보쌈전문","6"
"20140222","토","07","음식점-중국음식","67"
"20140222","토","07","치킨","5"
"20140223","일","07","음식점-족발/보쌈전문","5"
"20140223","일","07","음식점-중국음식","54"
"20140224","월","07","음식점-족발/보쌈전문","10"
"20140224","월","07","음식점-중국음식","35"
"20140224","월","07","치킨","5"
"20140225","화","07","음식점-족발/보쌈전문","7"
"20140225","화","07","음식점-중국음식","40"
"20140225","화","07","치킨","6"
"20140226","수","07","음식점-족발/보쌈전문","11"
"20140226","수","07","음식점-중국음식","27"
"20140227","목","07","음식점-족발/보쌈전문","8"
"20140227","목","07","음식점-중국음식","39"
"20140227","목","07","치킨","5"
"20140228","금","07","음식점-족발/보쌈전문","9"
"20140228","금","07","음식점-중국음식","34"
"20140201","토","08","음식점-중국음식","27"
"20140202","일","08","음식점-중국음식","56"
"20140203","월","08","음식점-족발/보쌈전문","8"
"20140203","월","08","음식점-중국음식","55"
"20140204","화","08","음식점-족발/보쌈전문","5"
"20140204","화","08","음식점-중국음식","57"
"20140205","수","08","음식점-족발/보쌈전문","6"
"20140205","수","08","음식점-중국음식","61"
"20140206","목","08","음식점-족발/보쌈전문","7"
"20140206","목","08","음식점-중국음식","56"
"20140206","목","08","치킨","5"
"20140207","금","08","음식점-족발/보쌈전문","5"
"20140207","금","08","음식점-중국음식","44"
"20140208","토","08","음식점-족발/보쌈전문","6"
"20140208","토","08","음식점-중국음식","74"
"20140208","토","08","치킨","7"
"20140209","일","08","음식점-중국음식","73"
"20140209","일","08","치킨","6"
"20140209","일","08","피자","5"
"20140210","월","08","음식점-족발/보쌈전문","9"
"20140210","월","08","음식점-중국음식","48"
"20140210","월","08","치킨","6"
"20140211","화","08","음식점-족발/보쌈전문","5"
"20140211","화","08","음식점-중국음식","64"
"20140211","화","08","치킨","10"
"20140211","화","08","피자","7"
"20140212","수","08","음식점-중국음식","68"
"20140213","목","08","음식점-족발/보쌈전문","12"
"20140213","목","08","음식점-중국음식","48"
"20140213","목","08","치킨","8"
"20140214","금","08","음식점-족발/보쌈전문","7"
"20140214","금","08","음식점-중국음식","48"
"20140214","금","08","치킨","5"
"20140214","금","08","피자","6"
"20140215","토","08","음식점-중국음식","77"
"20140216","일","08","음식점-중국음식","69"
"20140217","월","08","음식점-중국음식","61"
"20140217","월","08","치킨","5"
"20140218","화","08","음식점-중국음식","68"
"20140219","수","08","음식점-족발/보쌈전문","5"
"20140219","수","08","음식점-중국음식","73"
"20140220","목","08","음식점-족발/보쌈전문","5"
"20140220","목","08","음식점-중국음식","56"
"20140221","금","08","음식점-족발/보쌈전문","5"
"20140221","금","08","음식점-중국음식","65"
"20140221","금","08","치킨","10"
"20140222","토","08","음식점-족발/보쌈전문","5"
"20140222","토","08","음식점-중국음식","85"
"20140222","토","08","치킨","5"
"20140223","일","08","음식점-중국음식","87"
"20140223","일","08","피자","5"
"20140224","월","08","음식점-중국음식","74"
"20140224","월","08","치킨","9"
"20140225","화","08","음식점-중국음식","55"
"20140225","화","08","치킨","5"
"20140226","수","08","음식점-족발/보쌈전문","7"
"20140226","수","08","음식점-중국음식","52"
"20140227","목","08","음식점-족발/보쌈전문","7"
"20140227","목","08","음식점-중국음식","65"
"20140227","목","08","치킨","5"
"20140228","금","08","음식점-족발/보쌈전문","9"
"20140228","금","08","음식점-중국음식","69"
"20140228","금","08","치킨","5"
"20140228","금","08","피자","5"
"20140201","토","09","음식점-족발/보쌈전문","7"
"20140201","토","09","음식점-중국음식","86"
"20140201","토","09","피자","5"
"20140202","일","09","음식점-중국음식","162"
"20140202","일","09","피자","18"
"20140203","월","09","음식점-족발/보쌈전문","16"
"20140203","월","09","음식점-중국음식","165"
"20140203","월","09","치킨","11"
"20140203","월","09","피자","12"
"20140204","화","09","음식점-족발/보쌈전문","17"
"20140204","화","09","음식점-중국음식","139"
"20140204","화","09","치킨","6"
"20140205","수","09","음식점-족발/보쌈전문","16"
"20140205","수","09","음식점-중국음식","163"
"20140205","수","09","치킨","10"
"20140205","수","09","피자","15"
"20140206","목","09","음식점-족발/보쌈전문","11"
"20140206","목","09","음식점-중국음식","153"
"20140206","목","09","치킨","12"
"20140206","목","09","피자","15"
"20140207","금","09","음식점-족발/보쌈전문","16"
"20140207","금","09","음식점-중국음식","207"
"20140207","금","09","치킨","12"
"20140207","금","09","피자","15"
"20140208","토","09","음식점-족발/보쌈전문","9"
"20140208","토","09","음식점-중국음식","199"
"20140208","토","09","치킨","6"
"20140208","토","09","피자","10"
"20140209","일","09","음식점-족발/보쌈전문","14"
"20140209","일","09","음식점-중국음식","195"
"20140209","일","09","치킨","5"
"20140209","일","09","피자","13"
"20140210","월","09","음식점-족발/보쌈전문","13"
"20140210","월","09","음식점-중국음식","140"
"20140210","월","09","치킨","11"
"20140210","월","09","피자","20"
"20140211","화","09","음식점-족발/보쌈전문","15"
"20140211","화","09","음식점-중국음식","193"
"20140211","화","09","치킨","9"
"20140211","화","09","피자","18"
"20140212","수","09","음식점-족발/보쌈전문","15"
"20140212","수","09","음식점-중국음식","187"
"20140212","수","09","치킨","8"
"20140212","수","09","피자","11"
"20140213","목","09","음식점-족발/보쌈전문","15"
"20140213","목","09","음식점-중국음식","169"
"20140213","목","09","치킨","24"
"20140213","목","09","피자","26"
"20140214","금","09","음식점-족발/보쌈전문","5"
"20140214","금","09","음식점-중국음식","228"
"20140214","금","09","치킨","6"
"20140214","금","09","피자","13"
"20140215","토","09","음식점-족발/보쌈전문","14"
"20140215","토","09","음식점-중국음식","189"
"20140215","토","09","치킨","9"
"20140215","토","09","피자","8"
"20140216","일","09","음식점-중국음식","181"
"20140216","일","09","피자","12"
"20140217","월","09","음식점-족발/보쌈전문","15"
"20140217","월","09","음식점-중국음식","148"
"20140217","월","09","치킨","5"
"20140218","화","09","음식점-족발/보쌈전문","13"
"20140218","화","09","음식점-중국음식","151"
"20140218","화","09","치킨","9"
"20140218","화","09","피자","10"
"20140219","수","09","음식점-족발/보쌈전문","23"
"20140219","수","09","음식점-중국음식","170"
"20140219","수","09","치킨","9"
"20140219","수","09","피자","10"
"20140220","목","09","음식점-족발/보쌈전문","12"
"20140220","목","09","음식점-중국음식","166"
"20140220","목","09","치킨","7"
"20140220","목","09","피자","11"
"20140221","금","09","음식점-족발/보쌈전문","15"
"20140221","금","09","음식점-중국음식","181"
"20140221","금","09","치킨","8"
"20140221","금","09","피자","20"
"20140222","토","09","음식점-족발/보쌈전문","14"
"20140222","토","09","음식점-중국음식","190"
"20140222","토","09","치킨","9"
"20140222","토","09","피자","6"
"20140223","일","09","음식점-족발/보쌈전문","9"
"20140223","일","09","음식점-중국음식","190"
"20140223","일","09","피자","21"
"20140224","월","09","음식점-족발/보쌈전문","12"
"20140224","월","09","음식점-중국음식","156"
"20140224","월","09","치킨","15"
"20140224","월","09","피자","10"
"20140225","화","09","음식점-족발/보쌈전문","18"
"20140225","화","09","음식점-중국음식","176"
"20140225","화","09","치킨","9"
"20140225","화","09","피자","12"
"20140226","수","09","음식점-족발/보쌈전문","9"
"20140226","수","09","음식점-중국음식","163"
"20140226","수","09","치킨","5"
"20140226","수","09","피자","16"
"20140227","목","09","음식점-족발/보쌈전문","15"
"20140227","목","09","음식점-중국음식","160"
"20140227","목","09","치킨","13"
"20140227","목","09","피자","10"
"20140228","금","09","음식점-족발/보쌈전문","17"
"20140228","금","09","음식점-중국음식","172"
"20140228","금","09","치킨","11"
"20140228","금","09","피자","15"
"20140201","토","10","음식점-족발/보쌈전문","11"
"20140201","토","10","음식점-중국음식","276"
"20140201","토","10","치킨","10"
"20140201","토","10","피자","66"
"20140202","일","10","음식점-족발/보쌈전문","23"
"20140202","일","10","음식점-중국음식","515"
"20140202","일","10","피자","92"
"20140203","월","10","음식점-족발/보쌈전문","30"
"20140203","월","10","음식점-중국음식","457"
"20140203","월","10","치킨","19"
"20140203","월","10","피자","41"
"20140204","화","10","음식점-족발/보쌈전문","29"
"20140204","화","10","음식점-중국음식","461"
"20140204","화","10","치킨","15"
"20140204","화","10","피자","58"
"20140205","수","10","음식점-족발/보쌈전문","40"
"20140205","수","10","음식점-중국음식","486"
"20140205","수","10","치킨","21"
"20140205","수","10","피자","63"
"20140206","목","10","음식점-족발/보쌈전문","31"
"20140206","목","10","음식점-중국음식","565"
"20140206","목","10","치킨","25"
"20140206","목","10","피자","79"
"20140207","금","10","음식점-족발/보쌈전문","40"
"20140207","금","10","음식점-중국음식","607"
"20140207","금","10","치킨","43"
"20140207","금","10","피자","81"
"20140208","토","10","음식점-족발/보쌈전문","32"
"20140208","토","10","음식점-중국음식","729"
"20140208","토","10","치킨","30"
"20140208","토","10","피자","88"
"20140209","일","10","음식점-족발/보쌈전문","23"
"20140209","일","10","음식점-중국음식","759"
"20140209","일","10","치킨","19"
"20140209","일","10","피자","66"
"20140210","월","10","음식점-족발/보쌈전문","25"
"20140210","월","10","음식점-중국음식","473"
"20140210","월","10","치킨","31"
"20140210","월","10","피자","61"
"20140211","화","10","음식점-족발/보쌈전문","38"
"20140211","화","10","음식점-중국음식","545"
"20140211","화","10","치킨","27"
"20140211","화","10","피자","70"
"20140212","수","10","음식점-족발/보쌈전문","24"
"20140212","수","10","음식점-중국음식","529"
"20140212","수","10","치킨","27"
"20140212","수","10","피자","65"
"20140213","목","10","음식점-족발/보쌈전문","46"
"20140213","목","10","음식점-중국음식","579"
"20140213","목","10","치킨","21"
"20140213","목","10","피자","91"
"20140214","금","10","음식점-족발/보쌈전문","35"
"20140214","금","10","음식점-중국음식","716"
"20140214","금","10","치킨","26"
"20140214","금","10","피자","90"
"20140215","토","10","음식점-족발/보쌈전문","37"
"20140215","토","10","음식점-중국음식","672"
"20140215","토","10","치킨","27"
"20140215","토","10","피자","70"
"20140216","일","10","음식점-족발/보쌈전문","32"
"20140216","일","10","음식점-중국음식","687"
"20140216","일","10","치킨","19"
"20140216","일","10","피자","103"
"20140217","월","10","음식점-족발/보쌈전문","23"
"20140217","월","10","음식점-중국음식","437"
"20140217","월","10","치킨","27"
"20140217","월","10","피자","49"
"20140218","화","10","음식점-족발/보쌈전문","38"
"20140218","화","10","음식점-중국음식","565"
"20140218","화","10","치킨","22"
"20140218","화","10","피자","57"
"20140219","수","10","음식점-족발/보쌈전문","33"
"20140219","수","10","음식점-중국음식","528"
"20140219","수","10","치킨","26"
"20140219","수","10","피자","80"
"20140220","목","10","음식점-족발/보쌈전문","39"
"20140220","목","10","음식점-중국음식","466"
"20140220","목","10","치킨","26"
"20140220","목","10","피자","49"
"20140221","금","10","음식점-족발/보쌈전문","46"
"20140221","금","10","음식점-중국음식","537"
"20140221","금","10","치킨","15"
"20140221","금","10","피자","56"
"20140222","토","10","음식점-족발/보쌈전문","27"
"20140222","토","10","음식점-중국음식","696"
"20140222","토","10","치킨","36"
"20140222","토","10","피자","75"
"20140223","일","10","음식점-족발/보쌈전문","21"
"20140223","일","10","음식점-중국음식","752"
"20140223","일","10","치킨","25"
"20140223","일","10","피자","107"
"20140224","월","10","음식점-족발/보쌈전문","40"
"20140224","월","10","음식점-중국음식","500"
"20140224","월","10","치킨","16"
"20140224","월","10","피자","48"
"20140225","화","10","음식점-족발/보쌈전문","39"
"20140225","화","10","음식점-중국음식","500"
"20140225","화","10","치킨","18"
"20140225","화","10","피자","52"
"20140226","수","10","음식점-족발/보쌈전문","29"
"20140226","수","10","음식점-중국음식","521"
"20140226","수","10","치킨","26"
"20140226","수","10","피자","61"
"20140227","목","10","음식점-족발/보쌈전문","32"
"20140227","목","10","음식점-중국음식","500"
"20140227","목","10","치킨","18"
"20140227","목","10","피자","57"
"20140228","금","10","음식점-족발/보쌈전문","39"
"20140228","금","10","음식점-중국음식","510"
"20140228","금","10","치킨","23"
"20140228","금","10","피자","71"
"20140201","토","11","음식점-족발/보쌈전문","25"
"20140201","토","11","음식점-중국음식","765"
"20140201","토","11","치킨","76"
"20140201","토","11","피자","230"
"20140202","일","11","음식점-족발/보쌈전문","42"
"20140202","일","11","음식점-중국음식","1421"
"20140202","일","11","치킨","101"
"20140202","일","11","피자","315"
"20140203","월","11","음식점-족발/보쌈전문","55"
"20140203","월","11","음식점-중국음식","1297"
"20140203","월","11","치킨","62"
"20140203","월","11","피자","212"
"20140204","화","11","음식점-족발/보쌈전문","50"
"20140204","화","11","음식점-중국음식","1516"
"20140204","화","11","치킨","77"
"20140204","화","11","피자","219"
"20140205","수","11","음식점-족발/보쌈전문","54"
"20140205","수","11","음식점-중국음식","1454"
"20140205","수","11","치킨","76"
"20140205","수","11","피자","198"
"20140206","목","11","음식점-족발/보쌈전문","68"
"20140206","목","11","음식점-중국음식","1612"
"20140206","목","11","치킨","92"
"20140206","목","11","피자","271"
"20140207","금","11","음식점-족발/보쌈전문","79"
"20140207","금","11","음식점-중국음식","1892"
"20140207","금","11","치킨","122"
"20140207","금","11","피자","263"
"20140208","토","11","음식점-족발/보쌈전문","85"
"20140208","토","11","음식점-중국음식","2148"
"20140208","토","11","치킨","195"
"20140208","토","11","피자","386"
"20140209","일","11","음식점-족발/보쌈전문","61"
"20140209","일","11","음식점-중국음식","2115"
"20140209","일","11","치킨","128"
"20140209","일","11","피자","382"
"20140210","월","11","음식점-족발/보쌈전문","78"
"20140210","월","11","음식점-중국음식","1447"
"20140210","월","11","치킨","99"
"20140210","월","11","피자","210"
"20140211","화","11","음식점-족발/보쌈전문","56"
"20140211","화","11","음식점-중국음식","1545"
"20140211","화","11","치킨","116"
"20140211","화","11","피자","234"
"20140212","수","11","음식점-족발/보쌈전문","68"
"20140212","수","11","음식점-중국음식","1646"
"20140212","수","11","치킨","104"
"20140212","수","11","피자","241"
"20140213","목","11","음식점-족발/보쌈전문","67"
"20140213","목","11","음식점-중국음식","1753"
"20140213","목","11","치킨","106"
"20140213","목","11","피자","276"
"20140214","금","11","음식점-족발/보쌈전문","71"
"20140214","금","11","음식점-중국음식","2278"
"20140214","금","11","치킨","169"
"20140214","금","11","피자","339"
"20140215","토","11","음식점-족발/보쌈전문","61"
"20140215","토","11","음식점-중국음식","2026"
"20140215","토","11","치킨","187"
"20140215","토","11","피자","366"
"20140216","일","11","음식점-족발/보쌈전문","51"
"20140216","일","11","음식점-중국음식","1900"
"20140216","일","11","치킨","131"
"20140216","일","11","피자","336"
"20140217","월","11","음식점-족발/보쌈전문","75"
"20140217","월","11","음식점-중국음식","1447"
"20140217","월","11","치킨","104"
"20140217","월","11","피자","219"
"20140218","화","11","음식점-족발/보쌈전문","58"
"20140218","화","11","음식점-중국음식","1676"
"20140218","화","11","치킨","109"
"20140218","화","11","피자","247"
"20140219","수","11","음식점-족발/보쌈전문","57"
"20140219","수","11","음식점-중국음식","1694"
"20140219","수","11","치킨","90"
"20140219","수","11","피자","236"
"20140220","목","11","음식점-족발/보쌈전문","58"
"20140220","목","11","음식점-중국음식","1713"
"20140220","목","11","치킨","114"
"20140220","목","11","피자","263"
"20140221","금","11","음식점-족발/보쌈전문","62"
"20140221","금","11","음식점-중국음식","1879"
"20140221","금","11","치킨","110"
"20140221","금","11","피자","313"
"20140222","토","11","음식점-족발/보쌈전문","77"
"20140222","토","11","음식점-중국음식","2095"
"20140222","토","11","치킨","187"
"20140222","토","11","피자","348"
"20140223","일","11","음식점-족발/보쌈전문","50"
"20140223","일","11","음식점-중국음식","2034"
"20140223","일","11","치킨","142"
"20140223","일","11","피자","343"
"20140224","월","11","음식점-족발/보쌈전문","40"
"20140224","월","11","음식점-중국음식","1493"
"20140224","월","11","치킨","113"
"20140224","월","11","피자","206"
"20140225","화","11","음식점-족발/보쌈전문","71"
"20140225","화","11","음식점-중국음식","1719"
"20140225","화","11","치킨","125"
"20140225","화","11","피자","306"
"20140226","수","11","음식점-족발/보쌈전문","71"
"20140226","수","11","음식점-중국음식","1773"
"20140226","수","11","치킨","114"
"20140226","수","11","피자","285"
"20140227","목","11","음식점-족발/보쌈전문","79"
"20140227","목","11","음식점-중국음식","1733"
"20140227","목","11","치킨","122"
"20140227","목","11","피자","252"
"20140228","금","11","음식점-족발/보쌈전문","67"
"20140228","금","11","음식점-중국음식","1821"
"20140228","금","11","치킨","171"
"20140228","금","11","피자","300"
"20140201","토","12","음식점-족발/보쌈전문","45"
"20140201","토","12","음식점-중국음식","993"
"20140201","토","12","치킨","258"
"20140201","토","12","피자","486"
"20140202","일","12","음식점-족발/보쌈전문","73"
"20140202","일","12","음식점-중국음식","2361"
"20140202","일","12","치킨","319"
"20140202","일","12","피자","538"
"20140203","월","12","음식점-족발/보쌈전문","44"
"20140203","월","12","음식점-중국음식","2011"
"20140203","월","12","치킨","239"
"20140203","월","12","피자","249"
"20140204","화","12","음식점-족발/보쌈전문","58"
"20140204","화","12","음식점-중국음식","2257"
"20140204","화","12","치킨","218"
"20140204","화","12","피자","296"
"20140205","수","12","음식점-족발/보쌈전문","49"
"20140205","수","12","음식점-중국음식","2244"
"20140205","수","12","치킨","232"
"20140205","수","12","피자","263"
"20140206","목","12","음식점-족발/보쌈전문","60"
"20140206","목","12","음식점-중국음식","2356"
"20140206","목","12","치킨","244"
"20140206","목","12","피자","303"
"20140207","금","12","음식점-족발/보쌈전문","76"
"20140207","금","12","음식점-중국음식","2848"
"20140207","금","12","치킨","311"
"20140207","금","12","피자","324"
"20140208","토","12","음식점-족발/보쌈전문","105"
"20140208","토","12","음식점-중국음식","3443"
"20140208","토","12","치킨","498"
"20140208","토","12","피자","632"
"20140209","일","12","음식점-족발/보쌈전문","112"
"20140209","일","12","음식점-중국음식","3164"
"20140209","일","12","치킨","470"
"20140209","일","12","피자","676"
"20140210","월","12","음식점-족발/보쌈전문","65"
"20140210","월","12","음식점-중국음식","2048"
"20140210","월","12","치킨","279"
"20140210","월","12","피자","245"
"20140211","화","12","음식점-족발/보쌈전문","79"
"20140211","화","12","음식점-중국음식","2503"
"20140211","화","12","치킨","234"
"20140211","화","12","피자","331"
"20140212","수","12","음식점-족발/보쌈전문","70"
"20140212","수","12","음식점-중국음식","2517"
"20140212","수","12","치킨","299"
"20140212","수","12","피자","333"
"20140213","목","12","음식점-족발/보쌈전문","71"
"20140213","목","12","음식점-중국음식","2415"
"20140213","목","12","치킨","275"
"20140213","목","12","피자","348"
"20140214","금","12","음식점-족발/보쌈전문","108"
"20140214","금","12","음식점-중국음식","3898"
"20140214","금","12","치킨","393"
"20140214","금","12","피자","470"
"20140215","토","12","음식점-족발/보쌈전문","100"
"20140215","토","12","음식점-중국음식","3340"
"20140215","토","12","치킨","442"
"20140215","토","12","피자","559"
"20140216","일","12","음식점-족발/보쌈전문","105"
"20140216","일","12","음식점-중국음식","2976"
"20140216","일","12","치킨","464"
"20140216","일","12","피자","560"
"20140217","월","12","음식점-족발/보쌈전문","78"
"20140217","월","12","음식점-중국음식","2242"
"20140217","월","12","치킨","237"
"20140217","월","12","피자","307"
"20140218","화","12","음식점-족발/보쌈전문","67"
"20140218","화","12","음식점-중국음식","2378"
"20140218","화","12","치킨","311"
"20140218","화","12","피자","340"
"20140219","수","12","음식점-족발/보쌈전문","70"
"20140219","수","12","음식점-중국음식","2550"
"20140219","수","12","치킨","300"
"20140219","수","12","피자","372"
"20140220","목","12","음식점-족발/보쌈전문","68"
"20140220","목","12","음식점-중국음식","2600"
"20140220","목","12","치킨","281"
"20140220","목","12","피자","372"
"20140221","금","12","음식점-족발/보쌈전문","82"
"20140221","금","12","음식점-중국음식","2945"
"20140221","금","12","치킨","320"
"20140221","금","12","피자","435"
"20140222","토","12","음식점-족발/보쌈전문","112"
"20140222","토","12","음식점-중국음식","3343"
"20140222","토","12","치킨","534"
"20140222","토","12","피자","563"
"20140223","일","12","음식점-족발/보쌈전문","110"
"20140223","일","12","음식점-중국음식","3240"
"20140223","일","12","치킨","527"
"20140223","일","12","피자","590"
"20140224","월","12","음식점-족발/보쌈전문","53"
"20140224","월","12","음식점-중국음식","2377"
"20140224","월","12","치킨","283"
"20140224","월","12","피자","289"
"20140225","화","12","음식점-족발/보쌈전문","89"
"20140225","화","12","음식점-중국음식","2565"
"20140225","화","12","치킨","333"
"20140225","화","12","피자","368"
"20140226","수","12","음식점-족발/보쌈전문","73"
"20140226","수","12","음식점-중국음식","2523"
"20140226","수","12","치킨","315"
"20140226","수","12","피자","408"
"20140227","목","12","음식점-족발/보쌈전문","57"
"20140227","목","12","음식점-중국음식","2664"
"20140227","목","12","치킨","348"
"20140227","목","12","피자","325"
"20140228","금","12","음식점-족발/보쌈전문","87"
"20140228","금","12","음식점-중국음식","2793"
"20140228","금","12","치킨","402"
"20140228","금","12","피자","393"
"20140201","토","13","음식점-족발/보쌈전문","71"
"20140201","토","13","음식점-중국음식","1029"
"20140201","토","13","치킨","356"
"20140201","토","13","피자","575"
"20140202","일","13","음식점-족발/보쌈전문","82"
"20140202","일","13","음식점-중국음식","2311"
"20140202","일","13","치킨","422"
"20140202","일","13","피자","686"
"20140203","월","13","음식점-족발/보쌈전문","47"
"20140203","월","13","음식점-중국음식","1678"
"20140203","월","13","치킨","283"
"20140203","월","13","피자","230"
"20140204","화","13","음식점-족발/보쌈전문","58"
"20140204","화","13","음식점-중국음식","1746"
"20140204","화","13","치킨","253"
"20140204","화","13","피자","252"
"20140205","수","13","음식점-족발/보쌈전문","49"
"20140205","수","13","음식점-중국음식","1753"
"20140205","수","13","치킨","258"
"20140205","수","13","피자","333"
"20140206","목","13","음식점-족발/보쌈전문","81"
"20140206","목","13","음식점-중국음식","1844"
"20140206","목","13","치킨","311"
"20140206","목","13","피자","331"
"20140207","금","13","음식점-족발/보쌈전문","80"
"20140207","금","13","음식점-중국음식","2043"
"20140207","금","13","치킨","306"
"20140207","금","13","피자","317"
"20140208","토","13","음식점-족발/보쌈전문","122"
"20140208","토","13","음식점-중국음식","3164"
"20140208","토","13","치킨","600"
"20140208","토","13","피자","621"
"20140209","일","13","음식점-족발/보쌈전문","81"
"20140209","일","13","음식점-중국음식","2964"
"20140209","일","13","치킨","616"
"20140209","일","13","피자","783"
"20140210","월","13","음식점-족발/보쌈전문","59"
"20140210","월","13","음식점-중국음식","1704"
"20140210","월","13","치킨","322"
"20140210","월","13","피자","296"
"20140211","화","13","음식점-족발/보쌈전문","63"
"20140211","화","13","음식점-중국음식","1927"
"20140211","화","13","치킨","338"
"20140211","화","13","피자","293"
"20140212","수","13","음식점-족발/보쌈전문","69"
"20140212","수","13","음식점-중국음식","1886"
"20140212","수","13","치킨","333"
"20140212","수","13","피자","317"
"20140213","목","13","음식점-족발/보쌈전문","68"
"20140213","목","13","음식점-중국음식","1894"
"20140213","목","13","치킨","325"
"20140213","목","13","피자","307"
"20140214","금","13","음식점-족발/보쌈전문","87"
"20140214","금","13","음식점-중국음식","2488"
"20140214","금","13","치킨","391"
"20140214","금","13","피자","352"
"20140215","토","13","음식점-족발/보쌈전문","108"
"20140215","토","13","음식점-중국음식","2761"
"20140215","토","13","치킨","509"
"20140215","토","13","피자","541"
"20140216","일","13","음식점-족발/보쌈전문","96"
"20140216","일","13","음식점-중국음식","2851"
"20140216","일","13","치킨","593"
"20140216","일","13","피자","666"
"20140217","월","13","음식점-족발/보쌈전문","57"
"20140217","월","13","음식점-중국음식","1724"
"20140217","월","13","치킨","305"
"20140217","월","13","피자","238"
"20140218","화","13","음식점-족발/보쌈전문","70"
"20140218","화","13","음식점-중국음식","1865"
"20140218","화","13","치킨","353"
"20140218","화","13","피자","312"
"20140219","수","13","음식점-족발/보쌈전문","53"
"20140219","수","13","음식점-중국음식","1989"
"20140219","수","13","치킨","309"
"20140219","수","13","피자","284"
"20140220","목","13","음식점-족발/보쌈전문","75"
"20140220","목","13","음식점-중국음식","2008"
"20140220","목","13","치킨","395"
"20140220","목","13","피자","319"
"20140221","금","13","음식점-족발/보쌈전문","66"
"20140221","금","13","음식점-중국음식","2202"
"20140221","금","13","치킨","351"
"20140221","금","13","피자","328"
"20140222","토","13","음식점-족발/보쌈전문","122"
"20140222","토","13","음식점-중국음식","3020"
"20140222","토","13","치킨","593"
"20140222","토","13","피자","594"
"20140223","일","13","음식점-족발/보쌈전문","93"
"20140223","일","13","음식점-중국음식","3008"
"20140223","일","13","치킨","746"
"20140223","일","13","피자","713"
"20140224","월","13","음식점-족발/보쌈전문","50"
"20140224","월","13","음식점-중국음식","1853"
"20140224","월","13","치킨","341"
"20140224","월","13","피자","311"
"20140225","화","13","음식점-족발/보쌈전문","70"
"20140225","화","13","음식점-중국음식","1959"
"20140225","화","13","치킨","371"
"20140225","화","13","피자","303"
"20140226","수","13","음식점-족발/보쌈전문","69"
"20140226","수","13","음식점-중국음식","2073"
"20140226","수","13","치킨","400"
"20140226","수","13","피자","329"
"20140227","목","13","음식점-족발/보쌈전문","69"
"20140227","목","13","음식점-중국음식","1955"
"20140227","목","13","치킨","449"
"20140227","목","13","피자","298"
"20140228","금","13","음식점-족발/보쌈전문","80"
"20140228","금","13","음식점-중국음식","2174"
"20140228","금","13","치킨","441"
"20140228","금","13","피자","369"
"20140201","토","14","음식점-족발/보쌈전문","85"
"20140201","토","14","음식점-중국음식","833"
"20140201","토","14","치킨","525"
"20140201","토","14","피자","586"
"20140202","일","14","음식점-족발/보쌈전문","90"
"20140202","일","14","음식점-중국음식","1916"
"20140202","일","14","치킨","492"
"20140202","일","14","피자","676"
"20140203","월","14","음식점-족발/보쌈전문","52"
"20140203","월","14","음식점-중국음식","1253"
"20140203","월","14","치킨","326"
"20140203","월","14","피자","273"
"20140204","화","14","음식점-족발/보쌈전문","55"
"20140204","화","14","음식점-중국음식","1253"
"20140204","화","14","치킨","297"
"20140204","화","14","피자","236"
"20140205","수","14","음식점-족발/보쌈전문","63"
"20140205","수","14","음식점-중국음식","1266"
"20140205","수","14","치킨","304"
"20140205","수","14","피자","319"
"20140206","목","14","음식점-족발/보쌈전문","73"
"20140206","목","14","음식점-중국음식","1255"
"20140206","목","14","치킨","291"
"20140206","목","14","피자","348"
"20140207","금","14","음식점-족발/보쌈전문","75"
"20140207","금","14","음식점-중국음식","1271"
"20140207","금","14","치킨","374"
"20140207","금","14","피자","292"
"20140208","토","14","음식점-족발/보쌈전문","126"
"20140208","토","14","음식점-중국음식","2199"
"20140208","토","14","치킨","592"
"20140208","토","14","피자","641"
"20140209","일","14","음식점-족발/보쌈전문","113"
"20140209","일","14","음식점-중국음식","2295"
"20140209","일","14","치킨","746"
"20140209","일","14","피자","684"
"20140210","월","14","음식점-족발/보쌈전문","66"
"20140210","월","14","음식점-중국음식","1217"
"20140210","월","14","치킨","340"
"20140210","월","14","피자","308"
"20140211","화","14","음식점-족발/보쌈전문","59"
"20140211","화","14","음식점-중국음식","1285"
"20140211","화","14","치킨","314"
"20140211","화","14","피자","275"
"20140212","수","14","음식점-족발/보쌈전문","48"
"20140212","수","14","음식점-중국음식","1336"
"20140212","수","14","치킨","355"
"20140212","수","14","피자","297"
"20140213","목","14","음식점-족발/보쌈전문","71"
"20140213","목","14","음식점-중국음식","1392"
"20140213","목","14","치킨","318"
"20140213","목","14","피자","322"
"20140214","금","14","음식점-족발/보쌈전문","54"
"20140214","금","14","음식점-중국음식","1352"
"20140214","금","14","치킨","347"
"20140214","금","14","피자","322"
"20140215","토","14","음식점-족발/보쌈전문","104"
"20140215","토","14","음식점-중국음식","2081"
"20140215","토","14","치킨","592"
"20140215","토","14","피자","483"
"20140216","일","14","음식점-족발/보쌈전문","93"
"20140216","일","14","음식점-중국음식","2187"
"20140216","일","14","치킨","689"
"20140216","일","14","피자","615"
"20140217","월","14","음식점-족발/보쌈전문","71"
"20140217","월","14","음식점-중국음식","1164"
"20140217","월","14","치킨","321"
"20140217","월","14","피자","239"
"20140218","화","14","음식점-족발/보쌈전문","59"
"20140218","화","14","음식점-중국음식","1304"
"20140218","화","14","치킨","381"
"20140218","화","14","피자","285"
"20140219","수","14","음식점-족발/보쌈전문","63"
"20140219","수","14","음식점-중국음식","1276"
"20140219","수","14","치킨","337"
"20140219","수","14","피자","260"
"20140220","목","14","음식점-족발/보쌈전문","63"
"20140220","목","14","음식점-중국음식","1343"
"20140220","목","14","치킨","311"
"20140220","목","14","피자","304"
"20140221","금","14","음식점-족발/보쌈전문","66"
"20140221","금","14","음식점-중국음식","1437"
"20140221","금","14","치킨","414"
"20140221","금","14","피자","309"
"20140222","토","14","음식점-족발/보쌈전문","88"
"20140222","토","14","음식점-중국음식","2026"
"20140222","토","14","치킨","596"
"20140222","토","14","피자","554"
"20140223","일","14","음식점-족발/보쌈전문","106"
"20140223","일","14","음식점-중국음식","2289"
"20140223","일","14","치킨","862"
"20140223","일","14","피자","702"
"20140224","월","14","음식점-족발/보쌈전문","51"
"20140224","월","14","음식점-중국음식","1223"
"20140224","월","14","치킨","356"
"20140224","월","14","피자","282"
"20140225","화","14","음식점-족발/보쌈전문","67"
"20140225","화","14","음식점-중국음식","1284"
"20140225","화","14","치킨","340"
"20140225","화","14","피자","289"
"20140226","수","14","음식점-족발/보쌈전문","91"
"20140226","수","14","음식점-중국음식","1376"
"20140226","수","14","치킨","376"
"20140226","수","14","피자","262"
"20140227","목","14","음식점-족발/보쌈전문","63"
"20140227","목","14","음식점-중국음식","1311"
"20140227","목","14","치킨","414"
"20140227","목","14","피자","291"
"20140228","금","14","음식점-족발/보쌈전문","80"
"20140228","금","14","음식점-중국음식","1357"
"20140228","금","14","치킨","390"
"20140228","금","14","피자","352"
"20140201","토","15","음식점-족발/보쌈전문","116"
"20140201","토","15","음식점-중국음식","763"
"20140201","토","15","치킨","684"
"20140201","토","15","피자","655"
"20140202","일","15","음식점-족발/보쌈전문","128"
"20140202","일","15","음식점-중국음식","1462"
"20140202","일","15","치킨","720"
"20140202","일","15","피자","706"
"20140203","월","15","음식점-족발/보쌈전문","66"
"20140203","월","15","음식점-중국음식","1017"
"20140203","월","15","치킨","426"
"20140203","월","15","피자","307"
"20140204","화","15","음식점-족발/보쌈전문","67"
"20140204","화","15","음식점-중국음식","1014"
"20140204","화","15","치킨","461"
"20140204","화","15","피자","357"
"20140205","수","15","음식점-족발/보쌈전문","63"
"20140205","수","15","음식점-중국음식","1045"
"20140205","수","15","치킨","459"
"20140205","수","15","피자","357"
"20140206","목","15","음식점-족발/보쌈전문","73"
"20140206","목","15","음식점-중국음식","1060"
"20140206","목","15","치킨","462"
"20140206","목","15","피자","372"
"20140207","금","15","음식점-족발/보쌈전문","73"
"20140207","금","15","음식점-중국음식","1081"
"20140207","금","15","치킨","456"
"20140207","금","15","피자","345"
"20140208","토","15","음식점-족발/보쌈전문","138"
"20140208","토","15","음식점-중국음식","1672"
"20140208","토","15","치킨","797"
"20140208","토","15","피자","622"
"20140209","일","15","음식점-족발/보쌈전문","146"
"20140209","일","15","음식점-중국음식","1750"
"20140209","일","15","치킨","975"
"20140209","일","15","피자","800"
"20140210","월","15","음식점-족발/보쌈전문","61"
"20140210","월","15","음식점-중국음식","1066"
"20140210","월","15","치킨","408"
"20140210","월","15","피자","331"
"20140211","화","15","음식점-족발/보쌈전문","62"
"20140211","화","15","음식점-중국음식","1039"
"20140211","화","15","치킨","421"
"20140211","화","15","피자","314"
"20140212","수","15","음식점-족발/보쌈전문","61"
"20140212","수","15","음식점-중국음식","1016"
"20140212","수","15","치킨","426"
"20140212","수","15","피자","305"
"20140213","목","15","음식점-족발/보쌈전문","75"
"20140213","목","15","음식점-중국음식","1061"
"20140213","목","15","치킨","388"
"20140213","목","15","피자","294"
"20140214","금","15","음식점-족발/보쌈전문","76"
"20140214","금","15","음식점-중국음식","1071"
"20140214","금","15","치킨","426"
"20140214","금","15","피자","283"
"20140215","토","15","음식점-족발/보쌈전문","111"
"20140215","토","15","음식점-중국음식","1604"
"20140215","토","15","치킨","662"
"20140215","토","15","피자","507"
"20140216","일","15","음식점-족발/보쌈전문","117"
"20140216","일","15","음식점-중국음식","1663"
"20140216","일","15","치킨","837"
"20140216","일","15","피자","637"
"20140217","월","15","음식점-족발/보쌈전문","55"
"20140217","월","15","음식점-중국음식","985"
"20140217","월","15","치킨","387"
"20140217","월","15","피자","256"
"20140218","화","15","음식점-족발/보쌈전문","76"
"20140218","화","15","음식점-중국음식","1001"
"20140218","화","15","치킨","422"
"20140218","화","15","피자","348"
"20140219","수","15","음식점-족발/보쌈전문","77"
"20140219","수","15","음식점-중국음식","939"
"20140219","수","15","치킨","425"
"20140219","수","15","피자","275"
"20140220","목","15","음식점-족발/보쌈전문","85"
"20140220","목","15","음식점-중국음식","1041"
"20140220","목","15","치킨","437"
"20140220","목","15","피자","296"
"20140221","금","15","음식점-족발/보쌈전문","98"
"20140221","금","15","음식점-중국음식","1068"
"20140221","금","15","치킨","501"
"20140221","금","15","피자","305"
"20140222","토","15","음식점-족발/보쌈전문","103"
"20140222","토","15","음식점-중국음식","1559"
"20140222","토","15","치킨","727"
"20140222","토","15","피자","479"
"20140223","일","15","음식점-족발/보쌈전문","123"
"20140223","일","15","음식점-중국음식","1800"
"20140223","일","15","치킨","1016"
"20140223","일","15","피자","653"
"20140224","월","15","음식점-족발/보쌈전문","64"
"20140224","월","15","음식점-중국음식","1014"
"20140224","월","15","치킨","471"
"20140224","월","15","피자","274"
"20140225","화","15","음식점-족발/보쌈전문","64"
"20140225","화","15","음식점-중국음식","1010"
"20140225","화","15","치킨","432"
"20140225","화","15","피자","283"
"20140226","수","15","음식점-족발/보쌈전문","77"
"20140226","수","15","음식점-중국음식","1014"
"20140226","수","15","치킨","490"
"20140226","수","15","피자","301"
"20140227","목","15","음식점-족발/보쌈전문","58"
"20140227","목","15","음식점-중국음식","1010"
"20140227","목","15","치킨","458"
"20140227","목","15","피자","296"
"20140228","금","15","음식점-족발/보쌈전문","75"
"20140228","금","15","음식점-중국음식","1080"
"20140228","금","15","치킨","521"
"20140228","금","15","피자","358"
"20140201","토","16","음식점-족발/보쌈전문","175"
"20140201","토","16","음식점-중국음식","758"
"20140201","토","16","치킨","989"
"20140201","토","16","피자","693"
"20140202","일","16","음식점-족발/보쌈전문","194"
"20140202","일","16","음식점-중국음식","1468"
"20140202","일","16","치킨","1135"
"20140202","일","16","피자","947"
"20140203","월","16","음식점-족발/보쌈전문","77"
"20140203","월","16","음식점-중국음식","979"
"20140203","월","16","치킨","516"
"20140203","월","16","피자","318"
"20140204","화","16","음식점-족발/보쌈전문","76"
"20140204","화","16","음식점-중국음식","962"
"20140204","화","16","치킨","526"
"20140204","화","16","피자","370"
"20140205","수","16","음식점-족발/보쌈전문","80"
"20140205","수","16","음식점-중국음식","967"
"20140205","수","16","치킨","607"
"20140205","수","16","피자","415"
"20140206","목","16","음식점-족발/보쌈전문","100"
"20140206","목","16","음식점-중국음식","1056"
"20140206","목","16","치킨","523"
"20140206","목","16","피자","409"
"20140207","금","16","음식점-족발/보쌈전문","119"
"20140207","금","16","음식점-중국음식","976"
"20140207","금","16","치킨","597"
"20140207","금","16","피자","376"
"20140208","토","16","음식점-족발/보쌈전문","207"
"20140208","토","16","음식점-중국음식","1561"
"20140208","토","16","치킨","1083"
"20140208","토","16","피자","682"
"20140209","일","16","음식점-족발/보쌈전문","224"
"20140209","일","16","음식점-중국음식","1724"
"20140209","일","16","치킨","1514"
"20140209","일","16","피자","925"
"20140210","월","16","음식점-족발/보쌈전문","97"
"20140210","월","16","음식점-중국음식","960"
"20140210","월","16","치킨","540"
"20140210","월","16","피자","378"
"20140211","화","16","음식점-족발/보쌈전문","80"
"20140211","화","16","음식점-중국음식","1053"
"20140211","화","16","치킨","564"
"20140211","화","16","피자","372"
"20140212","수","16","음식점-족발/보쌈전문","105"
"20140212","수","16","음식점-중국음식","1029"
"20140212","수","16","치킨","572"
"20140212","수","16","피자","348"
"20140213","목","16","음식점-족발/보쌈전문","92"
"20140213","목","16","음식점-중국음식","915"
"20140213","목","16","치킨","556"
"20140213","목","16","피자","332"
"20140214","금","16","음식점-족발/보쌈전문","118"
"20140214","금","16","음식점-중국음식","946"
"20140214","금","16","치킨","547"
"20140214","금","16","피자","360"
"20140215","토","16","음식점-족발/보쌈전문","173"
"20140215","토","16","음식점-중국음식","1391"
"20140215","토","16","치킨","874"
"20140215","토","16","피자","534"
"20140216","일","16","음식점-족발/보쌈전문","189"
"20140216","일","16","음식점-중국음식","1626"
"20140216","일","16","치킨","1421"
"20140216","일","16","피자","816"
"20140217","월","16","음식점-족발/보쌈전문","100"
"20140217","월","16","음식점-중국음식","888"
"20140217","월","16","치킨","527"
"20140217","월","16","피자","313"
"20140218","화","16","음식점-족발/보쌈전문","95"
"20140218","화","16","음식점-중국음식","947"
"20140218","화","16","치킨","543"
"20140218","화","16","피자","355"
"20140219","수","16","음식점-족발/보쌈전문","109"
"20140219","수","16","음식점-중국음식","949"
"20140219","수","16","치킨","576"
"20140219","수","16","피자","368"
"20140220","목","16","음식점-족발/보쌈전문","92"
"20140220","목","16","음식점-중국음식","966"
"20140220","목","16","치킨","682"
"20140220","목","16","피자","397"
"20140221","금","16","음식점-족발/보쌈전문","113"
"20140221","금","16","음식점-중국음식","1095"
"20140221","금","16","치킨","633"
"20140221","금","16","피자","383"
"20140222","토","16","음식점-족발/보쌈전문","166"
"20140222","토","16","음식점-중국음식","1300"
"20140222","토","16","치킨","956"
"20140222","토","16","피자","564"
"20140223","일","16","음식점-족발/보쌈전문","211"
"20140223","일","16","음식점-중국음식","1571"
"20140223","일","16","치킨","1523"
"20140223","일","16","피자","817"
"20140224","월","16","음식점-족발/보쌈전문","82"
"20140224","월","16","음식점-중국음식","932"
"20140224","월","16","치킨","576"
"20140224","월","16","피자","302"
"20140225","화","16","음식점-족발/보쌈전문","108"
"20140225","화","16","음식점-중국음식","894"
"20140225","화","16","치킨","609"
"20140225","화","16","피자","331"
"20140226","수","16","음식점-족발/보쌈전문","103"
"20140226","수","16","음식점-중국음식","903"
"20140226","수","16","치킨","570"
"20140226","수","16","피자","341"
"20140227","목","16","음식점-족발/보쌈전문","100"
"20140227","목","16","음식점-중국음식","902"
"20140227","목","16","치킨","676"
"20140227","목","16","피자","366"
"20140228","금","16","음식점-족발/보쌈전문","112"
"20140228","금","16","음식점-중국음식","974"
"20140228","금","16","치킨","700"
"20140228","금","16","피자","386"
"20140201","토","17","음식점-족발/보쌈전문","300"
"20140201","토","17","음식점-중국음식","1067"
"20140201","토","17","치킨","1679"
"20140201","토","17","피자","1007"
"20140202","일","17","음식점-족발/보쌈전문","293"
"20140202","일","17","음식점-중국음식","1859"
"20140202","일","17","치킨","1755"
"20140202","일","17","피자","1145"
"20140203","월","17","음식점-족발/보쌈전문","117"
"20140203","월","17","음식점-중국음식","1135"
"20140203","월","17","치킨","725"
"20140203","월","17","피자","392"
"20140204","화","17","음식점-족발/보쌈전문","158"
"20140204","화","17","음식점-중국음식","1255"
"20140204","화","17","치킨","822"
"20140204","화","17","피자","443"
"20140205","수","17","음식점-족발/보쌈전문","177"
"20140205","수","17","음식점-중국음식","1274"
"20140205","수","17","치킨","857"
"20140205","수","17","피자","490"
"20140206","목","17","음식점-족발/보쌈전문","176"
"20140206","목","17","음식점-중국음식","1238"
"20140206","목","17","치킨","857"
"20140206","목","17","피자","522"
"20140207","금","17","음식점-족발/보쌈전문","216"
"20140207","금","17","음식점-중국음식","1333"
"20140207","금","17","치킨","1080"
"20140207","금","17","피자","576"
"20140208","토","17","음식점-족발/보쌈전문","412"
"20140208","토","17","음식점-중국음식","2009"
"20140208","토","17","치킨","2001"
"20140208","토","17","피자","950"
"20140209","일","17","음식점-족발/보쌈전문","420"
"20140209","일","17","음식점-중국음식","2217"
"20140209","일","17","치킨","2261"
"20140209","일","17","피자","1106"
"20140210","월","17","음식점-족발/보쌈전문","166"
"20140210","월","17","음식점-중국음식","1182"
"20140210","월","17","치킨","794"
"20140210","월","17","피자","433"
"20140211","화","17","음식점-족발/보쌈전문","166"
"20140211","화","17","음식점-중국음식","1170"
"20140211","화","17","치킨","882"
"20140211","화","17","피자","444"
"20140212","수","17","음식점-족발/보쌈전문","163"
"20140212","수","17","음식점-중국음식","1283"
"20140212","수","17","치킨","934"
"20140212","수","17","피자","471"
"20140213","목","17","음식점-족발/보쌈전문","186"
"20140213","목","17","음식점-중국음식","1274"
"20140213","목","17","치킨","858"
"20140213","목","17","피자","428"
"20140214","금","17","음식점-족발/보쌈전문","163"
"20140214","금","17","음식점-중국음식","1130"
"20140214","금","17","치킨","904"
"20140214","금","17","피자","491"
"20140215","토","17","음식점-족발/보쌈전문","324"
"20140215","토","17","음식점-중국음식","1609"
"20140215","토","17","치킨","1608"
"20140215","토","17","피자","745"
"20140216","일","17","음식점-족발/보쌈전문","375"
"20140216","일","17","음식점-중국음식","2231"
"20140216","일","17","치킨","2193"
"20140216","일","17","피자","992"
"20140217","월","17","음식점-족발/보쌈전문","160"
"20140217","월","17","음식점-중국음식","1121"
"20140217","월","17","치킨","833"
"20140217","월","17","피자","451"
"20140218","화","17","음식점-족발/보쌈전문","178"
"20140218","화","17","음식점-중국음식","1191"
"20140218","화","17","치킨","892"
"20140218","화","17","피자","464"
"20140219","수","17","음식점-족발/보쌈전문","180"
"20140219","수","17","음식점-중국음식","1259"
"20140219","수","17","치킨","884"
"20140219","수","17","피자","461"
"20140220","목","17","음식점-족발/보쌈전문","183"
"20140220","목","17","음식점-중국음식","1299"
"20140220","목","17","치킨","1017"
"20140220","목","17","피자","519"
"20140221","금","17","음식점-족발/보쌈전문","223"
"20140221","금","17","음식점-중국음식","1250"
"20140221","금","17","치킨","1103"
"20140221","금","17","피자","508"
"20140222","토","17","음식점-족발/보쌈전문","333"
"20140222","토","17","음식점-중국음식","1672"
"20140222","토","17","치킨","1734"
"20140222","토","17","피자","757"
"20140223","일","17","음식점-족발/보쌈전문","398"
"20140223","일","17","음식점-중국음식","2100"
"20140223","일","17","치킨","2466"
"20140223","일","17","피자","997"
"20140224","월","17","음식점-족발/보쌈전문","133"
"20140224","월","17","음식점-중국음식","1128"
"20140224","월","17","치킨","841"
"20140224","월","17","피자","382"
"20140225","화","17","음식점-족발/보쌈전문","146"
"20140225","화","17","음식점-중국음식","1177"
"20140225","화","17","치킨","938"
"20140225","화","17","피자","425"
"20140226","수","17","음식점-족발/보쌈전문","171"
"20140226","수","17","음식점-중국음식","1201"
"20140226","수","17","치킨","939"
"20140226","수","17","피자","445"
"20140227","목","17","음식점-족발/보쌈전문","199"
"20140227","목","17","음식점-중국음식","1245"
"20140227","목","17","치킨","1125"
"20140227","목","17","피자","446"
"20140228","금","17","음식점-족발/보쌈전문","190"
"20140228","금","17","음식점-중국음식","1169"
"20140228","금","17","치킨","1174"
"20140228","금","17","피자","542"
"20140201","토","18","음식점-족발/보쌈전문","404"
"20140201","토","18","음식점-중국음식","1240"
"20140201","토","18","치킨","2621"
"20140201","토","18","피자","1283"
"20140202","일","18","음식점-족발/보쌈전문","364"
"20140202","일","18","음식점-중국음식","2386"
"20140202","일","18","치킨","2467"
"20140202","일","18","피자","1311"
"20140203","월","18","음식점-족발/보쌈전문","239"
"20140203","월","18","음식점-중국음식","1723"
"20140203","월","18","치킨","1234"
"20140203","월","18","피자","592"
"20140204","화","18","음식점-족발/보쌈전문","293"
"20140204","화","18","음식점-중국음식","1907"
"20140204","화","18","치킨","1473"
"20140204","화","18","피자","686"
"20140205","수","18","음식점-족발/보쌈전문","329"
"20140205","수","18","음식점-중국음식","1927"
"20140205","수","18","치킨","1632"
"20140205","수","18","피자","656"
"20140206","목","18","음식점-족발/보쌈전문","348"
"20140206","목","18","음식점-중국음식","1983"
"20140206","목","18","치킨","1620"
"20140206","목","18","피자","678"
"20140207","금","18","음식점-족발/보쌈전문","397"
"20140207","금","18","음식점-중국음식","2084"
"20140207","금","18","치킨","2082"
"20140207","금","18","피자","849"
"20140208","토","18","음식점-족발/보쌈전문","677"
"20140208","토","18","음식점-중국음식","2752"
"20140208","토","18","치킨","3185"
"20140208","토","18","피자","1262"
"20140209","일","18","음식점-족발/보쌈전문","667"
"20140209","일","18","음식점-중국음식","3120"
"20140209","일","18","치킨","3337"
"20140209","일","18","피자","1390"
"20140210","월","18","음식점-족발/보쌈전문","281"
"20140210","월","18","음식점-중국음식","1756"
"20140210","월","18","치킨","1432"
"20140210","월","18","피자","629"
"20140211","화","18","음식점-족발/보쌈전문","305"
"20140211","화","18","음식점-중국음식","1930"
"20140211","화","18","치킨","1623"
"20140211","화","18","피자","653"
"20140212","수","18","음식점-족발/보쌈전문","335"
"20140212","수","18","음식점-중국음식","1919"
"20140212","수","18","치킨","1684"
"20140212","수","18","피자","619"
"20140213","목","18","음식점-족발/보쌈전문","320"
"20140213","목","18","음식점-중국음식","1847"
"20140213","목","18","치킨","1589"
"20140213","목","18","피자","652"
"20140214","금","18","음식점-족발/보쌈전문","374"
"20140214","금","18","음식점-중국음식","1880"
"20140214","금","18","치킨","1922"
"20140214","금","18","피자","700"
"20140215","토","18","음식점-족발/보쌈전문","607"
"20140215","토","18","음식점-중국음식","2484"
"20140215","토","18","치킨","2946"
"20140215","토","18","피자","1052"
"20140216","일","18","음식점-족발/보쌈전문","578"
"20140216","일","18","음식점-중국음식","2696"
"20140216","일","18","치킨","3316"
"20140216","일","18","피자","1254"
"20140217","월","18","음식점-족발/보쌈전문","313"
"20140217","월","18","음식점-중국음식","1563"
"20140217","월","18","치킨","1507"
"20140217","월","18","피자","603"
"20140218","화","18","음식점-족발/보쌈전문","333"
"20140218","화","18","음식점-중국음식","1878"
"20140218","화","18","치킨","1818"
"20140218","화","18","피자","615"
"20140219","수","18","음식점-족발/보쌈전문","340"
"20140219","수","18","음식점-중국음식","1859"
"20140219","수","18","치킨","1816"
"20140219","수","18","피자","687"
"20140220","목","18","음식점-족발/보쌈전문","355"
"20140220","목","18","음식점-중국음식","1878"
"20140220","목","18","치킨","2070"
"20140220","목","18","피자","737"
"20140221","금","18","음식점-족발/보쌈전문","414"
"20140221","금","18","음식점-중국음식","1971"
"20140221","금","18","치킨","2142"
"20140221","금","18","피자","770"
"20140222","토","18","음식점-족발/보쌈전문","523"
"20140222","토","18","음식점-중국음식","2463"
"20140222","토","18","치킨","3071"
"20140222","토","18","피자","1132"
"20140223","일","18","음식점-족발/보쌈전문","566"
"20140223","일","18","음식점-중국음식","2761"
"20140223","일","18","치킨","3712"
"20140223","일","18","피자","1141"
"20140224","월","18","음식점-족발/보쌈전문","259"
"20140224","월","18","음식점-중국음식","1554"
"20140224","월","18","치킨","1566"
"20140224","월","18","피자","552"
"20140225","화","18","음식점-족발/보쌈전문","295"
"20140225","화","18","음식점-중국음식","1753"
"20140225","화","18","치킨","1873"
"20140225","화","18","피자","660"
"20140226","수","18","음식점-족발/보쌈전문","319"
"20140226","수","18","음식점-중국음식","1753"
"20140226","수","18","치킨","1810"
"20140226","수","18","피자","629"
"20140227","목","18","음식점-족발/보쌈전문","369"
"20140227","목","18","음식점-중국음식","1807"
"20140227","목","18","치킨","2023"
"20140227","목","18","피자","675"
"20140228","금","18","음식점-족발/보쌈전문","348"
"20140228","금","18","음식점-중국음식","1865"
"20140228","금","18","치킨","2290"
"20140228","금","18","피자","786"
"20140201","토","19","음식점-족발/보쌈전문","342"
"20140201","토","19","음식점-중국음식","978"
"20140201","토","19","치킨","2330"
"20140201","토","19","피자","1152"
"20140202","일","19","음식점-족발/보쌈전문","283"
"20140202","일","19","음식점-중국음식","1529"
"20140202","일","19","치킨","2157"
"20140202","일","19","피자","1126"
"20140203","월","19","음식점-족발/보쌈전문","317"
"20140203","월","19","음식점-중국음식","1720"
"20140203","월","19","치킨","1646"
"20140203","월","19","피자","629"
"20140204","화","19","음식점-족발/보쌈전문","351"
"20140204","화","19","음식점-중국음식","1943"
"20140204","화","19","치킨","1768"
"20140204","화","19","피자","716"
"20140205","수","19","음식점-족발/보쌈전문","405"
"20140205","수","19","음식점-중국음식","1890"
"20140205","수","19","치킨","2086"
"20140205","수","19","피자","713"
"20140206","목","19","음식점-족발/보쌈전문","382"
"20140206","목","19","음식점-중국음식","1890"
"20140206","목","19","치킨","2104"
"20140206","목","19","피자","711"
"20140207","금","19","음식점-족발/보쌈전문","520"
"20140207","금","19","음식점-중국음식","2053"
"20140207","금","19","치킨","2885"
"20140207","금","19","피자","879"
"20140208","토","19","음식점-족발/보쌈전문","637"
"20140208","토","19","음식점-중국음식","2362"
"20140208","토","19","치킨","3355"
"20140208","토","19","피자","1088"
"20140209","일","19","음식점-족발/보쌈전문","411"
"20140209","일","19","음식점-중국음식","1948"
"20140209","일","19","치킨","2867"
"20140209","일","19","피자","1139"
"20140210","월","19","음식점-족발/보쌈전문","352"
"20140210","월","19","음식점-중국음식","1685"
"20140210","월","19","치킨","1996"
"20140210","월","19","피자","653"
"20140211","화","19","음식점-족발/보쌈전문","409"
"20140211","화","19","음식점-중국음식","1835"
"20140211","화","19","치킨","2266"
"20140211","화","19","피자","659"
"20140212","수","19","음식점-족발/보쌈전문","492"
"20140212","수","19","음식점-중국음식","1810"
"20140212","수","19","치킨","2162"
"20140212","수","19","피자","748"
"20140213","목","19","음식점-족발/보쌈전문","374"
"20140213","목","19","음식점-중국음식","1778"
"20140213","목","19","치킨","2242"
"20140213","목","19","피자","713"
"20140214","금","19","음식점-족발/보쌈전문","529"
"20140214","금","19","음식점-중국음식","1947"
"20140214","금","19","치킨","2854"
"20140214","금","19","피자","774"
"20140215","토","19","음식점-족발/보쌈전문","621"
"20140215","토","19","음식점-중국음식","2066"
"20140215","토","19","치킨","3224"
"20140215","토","19","피자","1040"
"20140216","일","19","음식점-족발/보쌈전문","497"
"20140216","일","19","음식점-중국음식","2053"
"20140216","일","19","치킨","3305"
"20140216","일","19","피자","1099"
"20140217","월","19","음식점-족발/보쌈전문","345"
"20140217","월","19","음식점-중국음식","1602"
"20140217","월","19","치킨","1953"
"20140217","월","19","피자","645"
"20140218","화","19","음식점-족발/보쌈전문","404"
"20140218","화","19","음식점-중국음식","1757"
"20140218","화","19","치킨","2481"
"20140218","화","19","피자","701"
"20140219","수","19","음식점-족발/보쌈전문","355"
"20140219","수","19","음식점-중국음식","1843"
"20140219","수","19","치킨","2422"
"20140219","수","19","피자","773"
"20140220","목","19","음식점-족발/보쌈전문","437"
"20140220","목","19","음식점-중국음식","1946"
"20140220","목","19","치킨","2623"
"20140220","목","19","피자","788"
"20140221","금","19","음식점-족발/보쌈전문","486"
"20140221","금","19","음식점-중국음식","2043"
"20140221","금","19","치킨","3152"
"20140221","금","19","피자","857"
"20140222","토","19","음식점-족발/보쌈전문","571"
"20140222","토","19","음식점-중국음식","2064"
"20140222","토","19","치킨","3428"
"20140222","토","19","피자","974"
"20140223","일","19","음식점-족발/보쌈전문","541"
"20140223","일","19","음식점-중국음식","1995"
"20140223","일","19","치킨","3280"
"20140223","일","19","피자","1120"
"20140224","월","19","음식점-족발/보쌈전문","347"
"20140224","월","19","음식점-중국음식","1554"
"20140224","월","19","치킨","2361"
"20140224","월","19","피자","586"
"20140225","화","19","음식점-족발/보쌈전문","371"
"20140225","화","19","음식점-중국음식","1703"
"20140225","화","19","치킨","2536"
"20140225","화","19","피자","697"
"20140226","수","19","음식점-족발/보쌈전문","399"
"20140226","수","19","음식점-중국음식","1880"
"20140226","수","19","치킨","2539"
"20140226","수","19","피자","729"
"20140227","목","19","음식점-족발/보쌈전문","379"
"20140227","목","19","음식점-중국음식","1869"
"20140227","목","19","치킨","2702"
"20140227","목","19","피자","737"
"20140228","금","19","음식점-족발/보쌈전문","518"
"20140228","금","19","음식점-중국음식","2066"
"20140228","금","19","치킨","3367"
"20140228","금","19","피자","834"
"20140201","토","20","음식점-족발/보쌈전문","274"
"20140201","토","20","음식점-중국음식","622"
"20140201","토","20","치킨","2410"
"20140201","토","20","피자","1164"
"20140202","일","20","음식점-족발/보쌈전문","196"
"20140202","일","20","음식점-중국음식","813"
"20140202","일","20","치킨","1813"
"20140202","일","20","피자","816"
"20140203","월","20","음식점-족발/보쌈전문","234"
"20140203","월","20","음식점-중국음식","1022"
"20140203","월","20","치킨","1524"
"20140203","월","20","피자","520"
"20140204","화","20","음식점-족발/보쌈전문","283"
"20140204","화","20","음식점-중국음식","1113"
"20140204","화","20","치킨","1719"
"20140204","화","20","피자","618"
"20140205","수","20","음식점-족발/보쌈전문","292"
"20140205","수","20","음식점-중국음식","1148"
"20140205","수","20","치킨","1975"
"20140205","수","20","피자","653"
"20140206","목","20","음식점-족발/보쌈전문","239"
"20140206","목","20","음식점-중국음식","1111"
"20140206","목","20","치킨","2007"
"20140206","목","20","피자","631"
"20140207","금","20","음식점-족발/보쌈전문","424"
"20140207","금","20","음식점-중국음식","1239"
"20140207","금","20","치킨","2955"
"20140207","금","20","피자","808"
"20140208","토","20","음식점-족발/보쌈전문","472"
"20140208","토","20","음식점-중국음식","1451"
"20140208","토","20","치킨","3308"
"20140208","토","20","피자","1065"
"20140209","일","20","음식점-족발/보쌈전문","294"
"20140209","일","20","음식점-중국음식","1059"
"20140209","일","20","치킨","2331"
"20140209","일","20","피자","845"
"20140210","월","20","음식점-족발/보쌈전문","252"
"20140210","월","20","음식점-중국음식","1090"
"20140210","월","20","치킨","1939"
"20140210","월","20","피자","594"
"20140211","화","20","음식점-족발/보쌈전문","278"
"20140211","화","20","음식점-중국음식","1136"
"20140211","화","20","치킨","2216"
"20140211","화","20","피자","618"
"20140212","수","20","음식점-족발/보쌈전문","334"
"20140212","수","20","음식점-중국음식","1118"
"20140212","수","20","치킨","2210"
"20140212","수","20","피자","620"
"20140213","목","20","음식점-족발/보쌈전문","299"
"20140213","목","20","음식점-중국음식","1131"
"20140213","목","20","치킨","2142"
"20140213","목","20","피자","586"
"20140214","금","20","음식점-족발/보쌈전문","402"
"20140214","금","20","음식점-중국음식","1293"
"20140214","금","20","치킨","2837"
"20140214","금","20","피자","675"
"20140215","토","20","음식점-족발/보쌈전문","462"
"20140215","토","20","음식점-중국음식","1151"
"20140215","토","20","치킨","3060"
"20140215","토","20","피자","764"
"20140216","일","20","음식점-족발/보쌈전문","342"
"20140216","일","20","음식점-중국음식","1063"
"20140216","일","20","치킨","2557"
"20140216","일","20","피자","985"
"20140217","월","20","음식점-족발/보쌈전문","262"
"20140217","월","20","음식점-중국음식","988"
"20140217","월","20","치킨","1876"
"20140217","월","20","피자","583"
"20140218","화","20","음식점-족발/보쌈전문","272"
"20140218","화","20","음식점-중국음식","1028"
"20140218","화","20","치킨","2109"
"20140218","화","20","피자","607"
"20140219","수","20","음식점-족발/보쌈전문","298"
"20140219","수","20","음식점-중국음식","1077"
"20140219","수","20","치킨","2391"
"20140219","수","20","피자","659"
"20140220","목","20","음식점-족발/보쌈전문","332"
"20140220","목","20","음식점-중국음식","1127"
"20140220","목","20","치킨","2507"
"20140220","목","20","피자","638"
"20140221","금","20","음식점-족발/보쌈전문","441"
"20140221","금","20","음식점-중국음식","1270"
"20140221","금","20","치킨","3153"
"20140221","금","20","피자","757"
"20140222","토","20","음식점-족발/보쌈전문","405"
"20140222","토","20","음식점-중국음식","1092"
"20140222","토","20","치킨","3019"
"20140222","토","20","피자","806"
"20140223","일","20","음식점-족발/보쌈전문","320"
"20140223","일","20","음식점-중국음식","1013"
"20140223","일","20","치킨","2685"
"20140223","일","20","피자","824"
"20140224","월","20","음식점-족발/보쌈전문","226"
"20140224","월","20","음식점-중국음식","1000"
"20140224","월","20","치킨","2136"
"20140224","월","20","피자","485"
"20140225","화","20","음식점-족발/보쌈전문","292"
"20140225","화","20","음식점-중국음식","1073"
"20140225","화","20","치킨","2361"
"20140225","화","20","피자","631"
"20140226","수","20","음식점-족발/보쌈전문","328"
"20140226","수","20","음식점-중국음식","1026"
"20140226","수","20","치킨","2303"
"20140226","수","20","피자","598"
"20140227","목","20","음식점-족발/보쌈전문","283"
"20140227","목","20","음식점-중국음식","1019"
"20140227","목","20","치킨","2511"
"20140227","목","20","피자","607"
"20140228","금","20","음식점-족발/보쌈전문","449"
"20140228","금","20","음식점-중국음식","1343"
"20140228","금","20","치킨","3471"
"20140228","금","20","피자","766"
"20140201","토","21","음식점-족발/보쌈전문","256"
"20140201","토","21","음식점-중국음식","268"
"20140201","토","21","치킨","2539"
"20140201","토","21","피자","1252"
"20140202","일","21","음식점-족발/보쌈전문","179"
"20140202","일","21","음식점-중국음식","349"
"20140202","일","21","치킨","2029"
"20140202","일","21","피자","790"
"20140203","월","21","음식점-족발/보쌈전문","200"
"20140203","월","21","음식점-중국음식","377"
"20140203","월","21","치킨","1576"
"20140203","월","21","피자","499"
"20140204","화","21","음식점-족발/보쌈전문","236"
"20140204","화","21","음식점-중국음식","394"
"20140204","화","21","치킨","1906"
"20140204","화","21","피자","583"
"20140205","수","21","음식점-족발/보쌈전문","242"
"20140205","수","21","음식점-중국음식","409"
"20140205","수","21","치킨","2161"
"20140205","수","21","피자","634"
"20140206","목","21","음식점-족발/보쌈전문","251"
"20140206","목","21","음식점-중국음식","416"
"20140206","목","21","치킨","2114"
"20140206","목","21","피자","584"
"20140207","금","21","음식점-족발/보쌈전문","345"
"20140207","금","21","음식점-중국음식","493"
"20140207","금","21","치킨","3013"
"20140207","금","21","피자","733"
"20140208","토","21","음식점-족발/보쌈전문","410"
"20140208","토","21","음식점-중국음식","554"
"20140208","토","21","치킨","3705"
"20140208","토","21","피자","983"
"20140209","일","21","음식점-족발/보쌈전문","265"
"20140209","일","21","음식점-중국음식","399"
"20140209","일","21","치킨","2737"
"20140209","일","21","피자","846"
"20140210","월","21","음식점-족발/보쌈전문","232"
"20140210","월","21","음식점-중국음식","407"
"20140210","월","21","치킨","2010"
"20140210","월","21","피자","538"
"20140211","화","21","음식점-족발/보쌈전문","242"
"20140211","화","21","음식점-중국음식","392"
"20140211","화","21","치킨","2208"
"20140211","화","21","피자","592"
"20140212","수","21","음식점-족발/보쌈전문","281"
"20140212","수","21","음식점-중국음식","418"
"20140212","수","21","치킨","2356"
"20140212","수","21","피자","594"
"20140213","목","21","음식점-족발/보쌈전문","235"
"20140213","목","21","음식점-중국음식","414"
"20140213","목","21","치킨","2279"
"20140213","목","21","피자","522"
"20140214","금","21","음식점-족발/보쌈전문","320"
"20140214","금","21","음식점-중국음식","493"
"20140214","금","21","치킨","3028"
"20140214","금","21","피자","567"
"20140215","토","21","음식점-족발/보쌈전문","369"
"20140215","토","21","음식점-중국음식","384"
"20140215","토","21","치킨","3082"
"20140215","토","21","피자","701"
"20140216","일","21","음식점-족발/보쌈전문","249"
"20140216","일","21","음식점-중국음식","395"
"20140216","일","21","치킨","2574"
"20140216","일","21","피자","916"
"20140217","월","21","음식점-족발/보쌈전문","219"
"20140217","월","21","음식점-중국음식","335"
"20140217","월","21","치킨","1912"
"20140217","월","21","피자","516"
"20140218","화","21","음식점-족발/보쌈전문","246"
"20140218","화","21","음식점-중국음식","400"
"20140218","화","21","치킨","2344"
"20140218","화","21","피자","551"
"20140219","수","21","음식점-족발/보쌈전문","254"
"20140219","수","21","음식점-중국음식","316"
"20140219","수","21","치킨","2731"
"20140219","수","21","피자","623"
"20140220","목","21","음식점-족발/보쌈전문","258"
"20140220","목","21","음식점-중국음식","426"
"20140220","목","21","치킨","2562"
"20140220","목","21","피자","576"
"20140221","금","21","음식점-족발/보쌈전문","321"
"20140221","금","21","음식점-중국음식","453"
"20140221","금","21","치킨","3178"
"20140221","금","21","피자","630"
"20140222","토","21","음식점-족발/보쌈전문","356"
"20140222","토","21","음식점-중국음식","399"
"20140222","토","21","치킨","3392"
"20140222","토","21","피자","800"
"20140223","일","21","음식점-족발/보쌈전문","276"
"20140223","일","21","음식점-중국음식","390"
"20140223","일","21","치킨","2746"
"20140223","일","21","피자","760"
"20140224","월","21","음식점-족발/보쌈전문","209"
"20140224","월","21","음식점-중국음식","379"
"20140224","월","21","치킨","2138"
"20140224","월","21","피자","490"
"20140225","화","21","음식점-족발/보쌈전문","208"
"20140225","화","21","음식점-중국음식","397"
"20140225","화","21","치킨","2346"
"20140225","화","21","피자","541"
"20140226","수","21","음식점-족발/보쌈전문","226"
"20140226","수","21","음식점-중국음식","407"
"20140226","수","21","치킨","2658"
"20140226","수","21","피자","585"
"20140227","목","21","음식점-족발/보쌈전문","236"
"20140227","목","21","음식점-중국음식","345"
"20140227","목","21","치킨","2768"
"20140227","목","21","피자","580"
"20140228","금","21","음식점-족발/보쌈전문","336"
"20140228","금","21","음식점-중국음식","493"
"20140228","금","21","치킨","3850"
"20140228","금","21","피자","723"
"20140201","토","22","음식점-족발/보쌈전문","163"
"20140201","토","22","음식점-중국음식","170"
"20140201","토","22","치킨","2319"
"20140201","토","22","피자","595"
"20140202","일","22","음식점-족발/보쌈전문","125"
"20140202","일","22","음식점-중국음식","188"
"20140202","일","22","치킨","1573"
"20140202","일","22","피자","416"
"20140203","월","22","음식점-족발/보쌈전문","151"
"20140203","월","22","음식점-중국음식","204"
"20140203","월","22","치킨","1647"
"20140203","월","22","피자","355"
"20140204","화","22","음식점-족발/보쌈전문","173"
"20140204","화","22","음식점-중국음식","198"
"20140204","화","22","치킨","1639"
"20140204","화","22","피자","379"
"20140205","수","22","음식점-족발/보쌈전문","171"
"20140205","수","22","음식점-중국음식","226"
"20140205","수","22","치킨","1813"
"20140205","수","22","피자","402"
"20140206","목","22","음식점-족발/보쌈전문","184"
"20140206","목","22","음식점-중국음식","203"
"20140206","목","22","치킨","2288"
"20140206","목","22","피자","374"
"20140207","금","22","음식점-족발/보쌈전문","285"
"20140207","금","22","음식점-중국음식","223"
"20140207","금","22","치킨","3346"
"20140207","금","22","피자","534"
"20140208","토","22","음식점-족발/보쌈전문","284"
"20140208","토","22","음식점-중국음식","296"
"20140208","토","22","치킨","3467"
"20140208","토","22","피자","673"
"20140209","일","22","음식점-족발/보쌈전문","170"
"20140209","일","22","음식점-중국음식","263"
"20140209","일","22","치킨","2295"
"20140209","일","22","피자","468"
"20140210","월","22","음식점-족발/보쌈전문","183"
"20140210","월","22","음식점-중국음식","210"
"20140210","월","22","치킨","1956"
"20140210","월","22","피자","386"
"20140211","화","22","음식점-족발/보쌈전문","167"
"20140211","화","22","음식점-중국음식","198"
"20140211","화","22","치킨","2101"
"20140211","화","22","피자","437"
"20140212","수","22","음식점-족발/보쌈전문","214"
"20140212","수","22","음식점-중국음식","225"
"20140212","수","22","치킨","2279"
"20140212","수","22","피자","439"
"20140213","목","22","음식점-족발/보쌈전문","239"
"20140213","목","22","음식점-중국음식","207"
"20140213","목","22","치킨","2223"
"20140213","목","22","피자","381"
"20140214","금","22","음식점-족발/보쌈전문","306"
"20140214","금","22","음식점-중국음식","224"
"20140214","금","22","치킨","3066"
"20140214","금","22","피자","468"
"20140215","토","22","음식점-족발/보쌈전문","306"
"20140215","토","22","음식점-중국음식","262"
"20140215","토","22","치킨","3037"
"20140215","토","22","피자","553"
"20140216","일","22","음식점-족발/보쌈전문","184"
"20140216","일","22","음식점-중국음식","240"
"20140216","일","22","치킨","2135"
"20140216","일","22","피자","446"
"20140217","월","22","음식점-족발/보쌈전문","147"
"20140217","월","22","음식점-중국음식","157"
"20140217","월","22","치킨","1979"
"20140217","월","22","피자","370"
"20140218","화","22","음식점-족발/보쌈전문","157"
"20140218","화","22","음식점-중국음식","178"
"20140218","화","22","치킨","2204"
"20140218","화","22","피자","392"
"20140219","수","22","음식점-족발/보쌈전문","190"
"20140219","수","22","음식점-중국음식","226"
"20140219","수","22","치킨","2721"
"20140219","수","22","피자","437"
"20140220","목","22","음식점-족발/보쌈전문","185"
"20140220","목","22","음식점-중국음식","262"
"20140220","목","22","치킨","2585"
"20140220","목","22","피자","410"
"20140221","금","22","음식점-족발/보쌈전문","262"
"20140221","금","22","음식점-중국음식","251"
"20140221","금","22","치킨","3622"
"20140221","금","22","피자","575"
"20140222","토","22","음식점-족발/보쌈전문","262"
"20140222","토","22","음식점-중국음식","241"
"20140222","토","22","치킨","3424"
"20140222","토","22","피자","598"
"20140223","일","22","음식점-족발/보쌈전문","166"
"20140223","일","22","음식점-중국음식","216"
"20140223","일","22","치킨","2242"
"20140223","일","22","피자","486"
"20140224","월","22","음식점-족발/보쌈전문","159"
"20140224","월","22","음식점-중국음식","183"
"20140224","월","22","치킨","2071"
"20140224","월","22","피자","403"
"20140225","화","22","음식점-족발/보쌈전문","179"
"20140225","화","22","음식점-중국음식","184"
"20140225","화","22","치킨","2225"
"20140225","화","22","피자","386"
"20140226","수","22","음식점-족발/보쌈전문","184"
"20140226","수","22","음식점-중국음식","194"
"20140226","수","22","치킨","2497"
"20140226","수","22","피자","364"
"20140227","목","22","음식점-족발/보쌈전문","172"
"20140227","목","22","음식점-중국음식","225"
"20140227","목","22","치킨","2913"
"20140227","목","22","피자","378"
"20140228","금","22","음식점-족발/보쌈전문","282"
"20140228","금","22","음식점-중국음식","217"
"20140228","금","22","치킨","4088"
"20140228","금","22","피자","562"
"20140201","토","23","음식점-족발/보쌈전문","119"
"20140201","토","23","음식점-중국음식","131"
"20140201","토","23","치킨","1476"
"20140201","토","23","피자","193"
"20140202","일","23","음식점-족발/보쌈전문","73"
"20140202","일","23","음식점-중국음식","153"
"20140202","일","23","치킨","1042"
"20140202","일","23","피자","99"
"20140203","월","23","음식점-족발/보쌈전문","101"
"20140203","월","23","음식점-중국음식","143"
"20140203","월","23","치킨","1053"
"20140203","월","23","피자","114"
"20140204","화","23","음식점-족발/보쌈전문","116"
"20140204","화","23","음식점-중국음식","166"
"20140204","화","23","치킨","1128"
"20140204","화","23","피자","133"
"20140205","수","23","음식점-족발/보쌈전문","121"
"20140205","수","23","음식점-중국음식","169"
"20140205","수","23","치킨","1242"
"20140205","수","23","피자","136"
"20140206","목","23","음식점-족발/보쌈전문","114"
"20140206","목","23","음식점-중국음식","168"
"20140206","목","23","치킨","1513"
"20140206","목","23","피자","150"
"20140207","금","23","음식점-족발/보쌈전문","195"
"20140207","금","23","음식점-중국음식","206"
"20140207","금","23","치킨","2193"
"20140207","금","23","피자","174"
"20140208","토","23","음식점-족발/보쌈전문","174"
"20140208","토","23","음식점-중국음식","220"
"20140208","토","23","치킨","2493"
"20140208","토","23","피자","231"
"20140209","일","23","음식점-족발/보쌈전문","109"
"20140209","일","23","음식점-중국음식","166"
"20140209","일","23","치킨","1299"
"20140209","일","23","피자","133"
"20140210","월","23","음식점-족발/보쌈전문","105"
"20140210","월","23","음식점-중국음식","158"
"20140210","월","23","치킨","1339"
"20140210","월","23","피자","108"
"20140211","화","23","음식점-족발/보쌈전문","108"
"20140211","화","23","음식점-중국음식","146"
"20140211","화","23","치킨","1445"
"20140211","화","23","피자","152"
"20140212","수","23","음식점-족발/보쌈전문","121"
"20140212","수","23","음식점-중국음식","132"
"20140212","수","23","치킨","1507"
"20140212","수","23","피자","137"
"20140213","목","23","음식점-족발/보쌈전문","108"
"20140213","목","23","음식점-중국음식","146"
"20140213","목","23","치킨","1408"
"20140213","목","23","피자","127"
"20140214","금","23","음식점-족발/보쌈전문","166"
"20140214","금","23","음식점-중국음식","144"
"20140214","금","23","치킨","2050"
"20140214","금","23","피자","153"
"20140215","토","23","음식점-족발/보쌈전문","167"
"20140215","토","23","음식점-중국음식","164"
"20140215","토","23","치킨","2015"
"20140215","토","23","피자","185"
"20140216","일","23","음식점-족발/보쌈전문","80"
"20140216","일","23","음식점-중국음식","149"
"20140216","일","23","치킨","1252"
"20140216","일","23","피자","152"
"20140217","월","23","음식점-족발/보쌈전문","118"
"20140217","월","23","음식점-중국음식","124"
"20140217","월","23","치킨","1270"
"20140217","월","23","피자","130"
"20140218","화","23","음식점-족발/보쌈전문","111"
"20140218","화","23","음식점-중국음식","154"
"20140218","화","23","치킨","1476"
"20140218","화","23","피자","110"
"20140219","수","23","음식점-족발/보쌈전문","117"
"20140219","수","23","음식점-중국음식","141"
"20140219","수","23","치킨","2186"
"20140219","수","23","피자","170"
"20140220","목","23","음식점-족발/보쌈전문","140"
"20140220","목","23","음식점-중국음식","185"
"20140220","목","23","치킨","1964"
"20140220","목","23","피자","148"
"20140221","금","23","음식점-족발/보쌈전문","142"
"20140221","금","23","음식점-중국음식","196"
"20140221","금","23","치킨","2438"
"20140221","금","23","피자","175"
"20140222","토","23","음식점-족발/보쌈전문","168"
"20140222","토","23","음식점-중국음식","203"
"20140222","토","23","치킨","2454"
"20140222","토","23","피자","240"
"20140223","일","23","음식점-족발/보쌈전문","102"
"20140223","일","23","음식점-중국음식","141"
"20140223","일","23","치킨","1348"
"20140223","일","23","피자","149"
"20140224","월","23","음식점-족발/보쌈전문","92"
"20140224","월","23","음식점-중국음식","137"
"20140224","월","23","치킨","1467"
"20140224","월","23","피자","109"
"20140225","화","23","음식점-족발/보쌈전문","114"
"20140225","화","23","음식점-중국음식","174"
"20140225","화","23","치킨","1459"
"20140225","화","23","피자","111"
"20140226","수","23","음식점-족발/보쌈전문","94"
"20140226","수","23","음식점-중국음식","158"
"20140226","수","23","치킨","1573"
"20140226","수","23","피자","128"
"20140227","목","23","음식점-족발/보쌈전문","101"
"20140227","목","23","음식점-중국음식","147"
"20140227","목","23","치킨","1909"
"20140227","목","23","피자","148"
"20140228","금","23","음식점-족발/보쌈전문","194"
"20140228","금","23","음식점-중국음식","210"
"20140228","금","23","치킨","2773"
"20140228","금","23","피자","216"
