"일자"	"요일"	"시간대"	"업종"	"이용건수"
"20140101"	"수"	"00"	"음식점-족발/보쌈전문"	"161"
"20140101"	"수"	"00"	"음식점-중국음식"	"135"
"20140101"	"수"	"00"	"치킨"	"2035"
"20140101"	"수"	"00"	"피자"	"83"
"20140101"	"수"	"01"	"음식점-족발/보쌈전문"	"99"
"20140101"	"수"	"01"	"음식점-중국음식"	"162"
"20140101"	"수"	"01"	"치킨"	"990"
"20140101"	"수"	"01"	"피자"	"46"
"20140101"	"수"	"02"	"음식점-족발/보쌈전문"	"39"
"20140101"	"수"	"02"	"음식점-중국음식"	"134"
"20140101"	"수"	"02"	"치킨"	"271"
"20140101"	"수"	"02"	"피자"	"23"
"20140101"	"수"	"03"	"음식점-족발/보쌈전문"	"25"
"20140101"	"수"	"03"	"음식점-중국음식"	"101"
"20140101"	"수"	"03"	"치킨"	"55"
"20140101"	"수"	"03"	"피자"	"10"
"20140101"	"수"	"04"	"음식점-족발/보쌈전문"	"12"
"20140101"	"수"	"04"	"음식점-중국음식"	"56"
"20140101"	"수"	"04"	"치킨"	"24"
"20140101"	"수"	"04"	"피자"	"6"
"20140101"	"수"	"05"	"음식점-중국음식"	"59"
"20140101"	"수"	"05"	"치킨"	"8"
"20140101"	"수"	"05"	"피자"	"5"
"20140101"	"수"	"06"	"음식점-중국음식"	"60"
"20140101"	"수"	"07"	"음식점-중국음식"	"51"
"20140101"	"수"	"08"	"음식점-족발/보쌈전문"	"6"
"20140101"	"수"	"08"	"음식점-중국음식"	"74"
"20140101"	"수"	"09"	"음식점-족발/보쌈전문"	"6"
"20140101"	"수"	"09"	"음식점-중국음식"	"135"
"20140101"	"수"	"09"	"피자"	"8"
"20140101"	"수"	"10"	"음식점-족발/보쌈전문"	"25"
"20140101"	"수"	"10"	"음식점-중국음식"	"429"
"20140101"	"수"	"10"	"치킨"	"11"
"20140101"	"수"	"10"	"피자"	"46"
"20140101"	"수"	"11"	"음식점-족발/보쌈전문"	"51"
"20140101"	"수"	"11"	"음식점-중국음식"	"1213"
"20140101"	"수"	"11"	"치킨"	"92"
"20140101"	"수"	"11"	"피자"	"237"
"20140101"	"수"	"12"	"음식점-족발/보쌈전문"	"137"
"20140101"	"수"	"12"	"음식점-중국음식"	"2011"
"20140101"	"수"	"12"	"치킨"	"373"
"20140101"	"수"	"12"	"피자"	"431"
"20140101"	"수"	"13"	"음식점-족발/보쌈전문"	"110"
"20140101"	"수"	"13"	"음식점-중국음식"	"1894"
"20140101"	"수"	"13"	"치킨"	"561"
"20140101"	"수"	"13"	"피자"	"600"
"20140101"	"수"	"14"	"음식점-족발/보쌈전문"	"141"
"20140101"	"수"	"14"	"음식점-중국음식"	"1716"
"20140101"	"수"	"14"	"치킨"	"718"
"20140101"	"수"	"14"	"피자"	"611"
"20140101"	"수"	"15"	"음식점-족발/보쌈전문"	"176"
"20140101"	"수"	"15"	"음식점-중국음식"	"1305"
"20140101"	"수"	"15"	"치킨"	"1014"
"20140101"	"수"	"15"	"피자"	"662"
"20140101"	"수"	"16"	"음식점-족발/보쌈전문"	"222"
"20140101"	"수"	"16"	"음식점-중국음식"	"1337"
"20140101"	"수"	"16"	"치킨"	"1374"
"20140101"	"수"	"16"	"피자"	"676"
"20140101"	"수"	"17"	"음식점-족발/보쌈전문"	"422"
"20140101"	"수"	"17"	"음식점-중국음식"	"1584"
"20140101"	"수"	"17"	"치킨"	"2239"
"20140101"	"수"	"17"	"피자"	"900"
"20140101"	"수"	"18"	"음식점-족발/보쌈전문"	"495"
"20140101"	"수"	"18"	"음식점-중국음식"	"1921"
"20140101"	"수"	"18"	"치킨"	"3308"
"20140101"	"수"	"18"	"피자"	"1043"
"20140101"	"수"	"19"	"음식점-족발/보쌈전문"	"374"
"20140101"	"수"	"19"	"음식점-중국음식"	"1353"
"20140101"	"수"	"19"	"치킨"	"3076"
"20140101"	"수"	"19"	"피자"	"887"
"20140101"	"수"	"20"	"음식점-족발/보쌈전문"	"256"
"20140101"	"수"	"20"	"음식점-중국음식"	"793"
"20140101"	"수"	"20"	"치킨"	"2720"
"20140101"	"수"	"20"	"피자"	"809"
"20140101"	"수"	"21"	"음식점-족발/보쌈전문"	"204"
"20140101"	"수"	"21"	"음식점-중국음식"	"341"
"20140101"	"수"	"21"	"치킨"	"2660"
"20140101"	"수"	"21"	"피자"	"702"
"20140101"	"수"	"22"	"음식점-족발/보쌈전문"	"186"
"20140101"	"수"	"22"	"음식점-중국음식"	"197"
"20140101"	"수"	"22"	"치킨"	"3037"
"20140101"	"수"	"22"	"피자"	"535"
"20140101"	"수"	"23"	"음식점-족발/보쌈전문"	"94"
"20140101"	"수"	"23"	"음식점-중국음식"	"122"
"20140101"	"수"	"23"	"치킨"	"2135"
"20140101"	"수"	"23"	"피자"	"183"
"20140102"	"목"	"00"	"음식점-족발/보쌈전문"	"46"
"20140102"	"목"	"00"	"음식점-중국음식"	"107"
"20140102"	"목"	"00"	"치킨"	"641"
"20140102"	"목"	"00"	"피자"	"28"
"20140102"	"목"	"01"	"음식점-족발/보쌈전문"	"26"
"20140102"	"목"	"01"	"음식점-중국음식"	"99"
"20140102"	"목"	"01"	"치킨"	"218"
"20140102"	"목"	"01"	"피자"	"8"
"20140102"	"목"	"02"	"음식점-족발/보쌈전문"	"9"
"20140102"	"목"	"02"	"음식점-중국음식"	"78"
"20140102"	"목"	"02"	"치킨"	"56"
"20140102"	"목"	"02"	"피자"	"7"
"20140102"	"목"	"03"	"음식점-족발/보쌈전문"	"6"
"20140102"	"목"	"03"	"음식점-중국음식"	"74"
"20140102"	"목"	"03"	"치킨"	"17"
"20140102"	"목"	"03"	"피자"	"5"
"20140102"	"목"	"04"	"음식점-중국음식"	"39"
"20140102"	"목"	"04"	"치킨"	"9"
"20140102"	"목"	"04"	"피자"	"5"
"20140102"	"목"	"05"	"음식점-중국음식"	"48"
"20140102"	"목"	"05"	"치킨"	"5"
"20140102"	"목"	"06"	"음식점-중국음식"	"42"
"20140102"	"목"	"07"	"음식점-중국음식"	"34"
"20140102"	"목"	"08"	"음식점-족발/보쌈전문"	"8"
"20140102"	"목"	"08"	"음식점-중국음식"	"68"
"20140102"	"목"	"09"	"음식점-족발/보쌈전문"	"16"
"20140102"	"목"	"09"	"음식점-중국음식"	"173"
"20140102"	"목"	"09"	"치킨"	"9"
"20140102"	"목"	"09"	"피자"	"12"
"20140102"	"목"	"10"	"음식점-족발/보쌈전문"	"27"
"20140102"	"목"	"10"	"음식점-중국음식"	"458"
"20140102"	"목"	"10"	"치킨"	"27"
"20140102"	"목"	"10"	"피자"	"52"
"20140102"	"목"	"11"	"음식점-족발/보쌈전문"	"61"
"20140102"	"목"	"11"	"음식점-중국음식"	"1365"
"20140102"	"목"	"11"	"치킨"	"124"
"20140102"	"목"	"11"	"피자"	"208"
"20140102"	"목"	"12"	"음식점-족발/보쌈전문"	"58"
"20140102"	"목"	"12"	"음식점-중국음식"	"1988"
"20140102"	"목"	"12"	"치킨"	"279"
"20140102"	"목"	"12"	"피자"	"334"
"20140102"	"목"	"13"	"음식점-족발/보쌈전문"	"66"
"20140102"	"목"	"13"	"음식점-중국음식"	"1674"
"20140102"	"목"	"13"	"치킨"	"351"
"20140102"	"목"	"13"	"피자"	"309"
"20140102"	"목"	"14"	"음식점-족발/보쌈전문"	"63"
"20140102"	"목"	"14"	"음식점-중국음식"	"1207"
"20140102"	"목"	"14"	"치킨"	"386"
"20140102"	"목"	"14"	"피자"	"281"
"20140102"	"목"	"15"	"음식점-족발/보쌈전문"	"57"
"20140102"	"목"	"15"	"음식점-중국음식"	"940"
"20140102"	"목"	"15"	"치킨"	"435"
"20140102"	"목"	"15"	"피자"	"324"
"20140102"	"목"	"16"	"음식점-족발/보쌈전문"	"96"
"20140102"	"목"	"16"	"음식점-중국음식"	"901"
"20140102"	"목"	"16"	"치킨"	"631"
"20140102"	"목"	"16"	"피자"	"318"
"20140102"	"목"	"17"	"음식점-족발/보쌈전문"	"156"
"20140102"	"목"	"17"	"음식점-중국음식"	"1061"
"20140102"	"목"	"17"	"치킨"	"1105"
"20140102"	"목"	"17"	"피자"	"462"
"20140102"	"목"	"18"	"음식점-족발/보쌈전문"	"278"
"20140102"	"목"	"18"	"음식점-중국음식"	"1490"
"20140102"	"목"	"18"	"치킨"	"1870"
"20140102"	"목"	"18"	"피자"	"538"
"20140102"	"목"	"19"	"음식점-족발/보쌈전문"	"304"
"20140102"	"목"	"19"	"음식점-중국음식"	"1397"
"20140102"	"목"	"19"	"치킨"	"2352"
"20140102"	"목"	"19"	"피자"	"526"
"20140102"	"목"	"20"	"음식점-족발/보쌈전문"	"234"
"20140102"	"목"	"20"	"음식점-중국음식"	"894"
"20140102"	"목"	"20"	"치킨"	"2024"
"20140102"	"목"	"20"	"피자"	"520"
"20140102"	"목"	"21"	"음식점-족발/보쌈전문"	"196"
"20140102"	"목"	"21"	"음식점-중국음식"	"362"
"20140102"	"목"	"21"	"치킨"	"2375"
"20140102"	"목"	"21"	"피자"	"480"
"20140102"	"목"	"22"	"음식점-족발/보쌈전문"	"152"
"20140102"	"목"	"22"	"음식점-중국음식"	"191"
"20140102"	"목"	"22"	"치킨"	"2254"
"20140102"	"목"	"22"	"피자"	"404"
"20140102"	"목"	"23"	"음식점-족발/보쌈전문"	"98"
"20140102"	"목"	"23"	"음식점-중국음식"	"117"
"20140102"	"목"	"23"	"치킨"	"1466"
"20140102"	"목"	"23"	"피자"	"125"
"20140103"	"금"	"00"	"음식점-족발/보쌈전문"	"57"
"20140103"	"금"	"00"	"음식점-중국음식"	"103"
"20140103"	"금"	"00"	"치킨"	"579"
"20140103"	"금"	"00"	"피자"	"38"
"20140103"	"금"	"01"	"음식점-족발/보쌈전문"	"21"
"20140103"	"금"	"01"	"음식점-중국음식"	"119"
"20140103"	"금"	"01"	"치킨"	"244"
"20140103"	"금"	"01"	"피자"	"9"
"20140103"	"금"	"02"	"음식점-족발/보쌈전문"	"17"
"20140103"	"금"	"02"	"음식점-중국음식"	"83"
"20140103"	"금"	"02"	"치킨"	"79"
"20140103"	"금"	"02"	"피자"	"12"
"20140103"	"금"	"03"	"음식점-족발/보쌈전문"	"9"
"20140103"	"금"	"03"	"음식점-중국음식"	"75"
"20140103"	"금"	"03"	"치킨"	"23"
"20140103"	"금"	"04"	"음식점-족발/보쌈전문"	"8"
"20140103"	"금"	"04"	"음식점-중국음식"	"79"
"20140103"	"금"	"04"	"치킨"	"15"
"20140103"	"금"	"05"	"음식점-족발/보쌈전문"	"8"
"20140103"	"금"	"05"	"음식점-중국음식"	"58"
"20140103"	"금"	"05"	"치킨"	"9"
"20140103"	"금"	"05"	"피자"	"6"
"20140103"	"금"	"06"	"음식점-중국음식"	"45"
"20140103"	"금"	"07"	"음식점-족발/보쌈전문"	"8"
"20140103"	"금"	"07"	"음식점-중국음식"	"42"
"20140103"	"금"	"07"	"치킨"	"9"
"20140103"	"금"	"08"	"음식점-중국음식"	"37"
"20140103"	"금"	"08"	"치킨"	"5"
"20140103"	"금"	"09"	"음식점-족발/보쌈전문"	"14"
"20140103"	"금"	"09"	"음식점-중국음식"	"142"
"20140103"	"금"	"09"	"치킨"	"16"
"20140103"	"금"	"09"	"피자"	"8"
"20140103"	"금"	"10"	"음식점-족발/보쌈전문"	"26"
"20140103"	"금"	"10"	"음식점-중국음식"	"474"
"20140103"	"금"	"10"	"치킨"	"34"
"20140103"	"금"	"10"	"피자"	"63"
"20140103"	"금"	"11"	"음식점-족발/보쌈전문"	"56"
"20140103"	"금"	"11"	"음식점-중국음식"	"1565"
"20140103"	"금"	"11"	"치킨"	"114"
"20140103"	"금"	"11"	"피자"	"230"
"20140103"	"금"	"12"	"음식점-족발/보쌈전문"	"77"
"20140103"	"금"	"12"	"음식점-중국음식"	"2260"
"20140103"	"금"	"12"	"치킨"	"306"
"20140103"	"금"	"12"	"피자"	"313"
"20140103"	"금"	"13"	"음식점-족발/보쌈전문"	"64"
"20140103"	"금"	"13"	"음식점-중국음식"	"1810"
"20140103"	"금"	"13"	"치킨"	"342"
"20140103"	"금"	"13"	"피자"	"342"
"20140103"	"금"	"14"	"음식점-족발/보쌈전문"	"76"
"20140103"	"금"	"14"	"음식점-중국음식"	"1223"
"20140103"	"금"	"14"	"치킨"	"375"
"20140103"	"금"	"14"	"피자"	"303"
"20140103"	"금"	"15"	"음식점-족발/보쌈전문"	"95"
"20140103"	"금"	"15"	"음식점-중국음식"	"973"
"20140103"	"금"	"15"	"치킨"	"442"
"20140103"	"금"	"15"	"피자"	"333"
"20140103"	"금"	"16"	"음식점-족발/보쌈전문"	"113"
"20140103"	"금"	"16"	"음식점-중국음식"	"933"
"20140103"	"금"	"16"	"치킨"	"664"
"20140103"	"금"	"16"	"피자"	"346"
"20140103"	"금"	"17"	"음식점-족발/보쌈전문"	"200"
"20140103"	"금"	"17"	"음식점-중국음식"	"1102"
"20140103"	"금"	"17"	"치킨"	"1206"
"20140103"	"금"	"17"	"피자"	"478"
"20140103"	"금"	"18"	"음식점-족발/보쌈전문"	"318"
"20140103"	"금"	"18"	"음식점-중국음식"	"1522"
"20140103"	"금"	"18"	"치킨"	"2189"
"20140103"	"금"	"18"	"피자"	"672"
"20140103"	"금"	"19"	"음식점-족발/보쌈전문"	"353"
"20140103"	"금"	"19"	"음식점-중국음식"	"1529"
"20140103"	"금"	"19"	"치킨"	"2749"
"20140103"	"금"	"19"	"피자"	"683"
"20140103"	"금"	"20"	"음식점-족발/보쌈전문"	"326"
"20140103"	"금"	"20"	"음식점-중국음식"	"949"
"20140103"	"금"	"20"	"치킨"	"2776"
"20140103"	"금"	"20"	"피자"	"613"
"20140103"	"금"	"21"	"음식점-족발/보쌈전문"	"264"
"20140103"	"금"	"21"	"음식점-중국음식"	"401"
"20140103"	"금"	"21"	"치킨"	"2978"
"20140103"	"금"	"21"	"피자"	"576"
"20140103"	"금"	"22"	"음식점-족발/보쌈전문"	"251"
"20140103"	"금"	"22"	"음식점-중국음식"	"204"
"20140103"	"금"	"22"	"치킨"	"3222"
"20140103"	"금"	"22"	"피자"	"535"
"20140103"	"금"	"23"	"음식점-족발/보쌈전문"	"159"
"20140103"	"금"	"23"	"음식점-중국음식"	"142"
"20140103"	"금"	"23"	"치킨"	"2357"
"20140103"	"금"	"23"	"피자"	"182"
"20140104"	"토"	"00"	"음식점-족발/보쌈전문"	"82"
"20140104"	"토"	"00"	"음식점-중국음식"	"134"
"20140104"	"토"	"00"	"치킨"	"951"
"20140104"	"토"	"00"	"피자"	"55"
"20140104"	"토"	"01"	"음식점-족발/보쌈전문"	"51"
"20140104"	"토"	"01"	"음식점-중국음식"	"122"
"20140104"	"토"	"01"	"치킨"	"310"
"20140104"	"토"	"01"	"피자"	"22"
"20140104"	"토"	"02"	"음식점-족발/보쌈전문"	"22"
"20140104"	"토"	"02"	"음식점-중국음식"	"106"
"20140104"	"토"	"02"	"치킨"	"107"
"20140104"	"토"	"02"	"피자"	"12"
"20140104"	"토"	"03"	"음식점-족발/보쌈전문"	"10"
"20140104"	"토"	"03"	"음식점-중국음식"	"89"
"20140104"	"토"	"03"	"치킨"	"31"
"20140104"	"토"	"03"	"피자"	"8"
"20140104"	"토"	"04"	"음식점-족발/보쌈전문"	"6"
"20140104"	"토"	"04"	"음식점-중국음식"	"93"
"20140104"	"토"	"04"	"치킨"	"16"
"20140104"	"토"	"04"	"피자"	"10"
"20140104"	"토"	"05"	"음식점-중국음식"	"57"
"20140104"	"토"	"05"	"치킨"	"10"
"20140104"	"토"	"05"	"피자"	"10"
"20140104"	"토"	"06"	"음식점-족발/보쌈전문"	"7"
"20140104"	"토"	"06"	"음식점-중국음식"	"56"
"20140104"	"토"	"07"	"음식점-족발/보쌈전문"	"9"
"20140104"	"토"	"07"	"음식점-중국음식"	"59"
"20140104"	"토"	"07"	"치킨"	"8"
"20140104"	"토"	"08"	"음식점-족발/보쌈전문"	"5"
"20140104"	"토"	"08"	"음식점-중국음식"	"68"
"20140104"	"토"	"08"	"치킨"	"5"
"20140104"	"토"	"09"	"음식점-족발/보쌈전문"	"14"
"20140104"	"토"	"09"	"음식점-중국음식"	"205"
"20140104"	"토"	"09"	"치킨"	"8"
"20140104"	"토"	"09"	"피자"	"15"
"20140104"	"토"	"10"	"음식점-족발/보쌈전문"	"35"
"20140104"	"토"	"10"	"음식점-중국음식"	"583"
"20140104"	"토"	"10"	"치킨"	"28"
"20140104"	"토"	"10"	"피자"	"91"
"20140104"	"토"	"11"	"음식점-족발/보쌈전문"	"72"
"20140104"	"토"	"11"	"음식점-중국음식"	"1761"
"20140104"	"토"	"11"	"치킨"	"163"
"20140104"	"토"	"11"	"피자"	"325"
"20140104"	"토"	"12"	"음식점-족발/보쌈전문"	"110"
"20140104"	"토"	"12"	"음식점-중국음식"	"2748"
"20140104"	"토"	"12"	"치킨"	"476"
"20140104"	"토"	"12"	"피자"	"528"
"20140104"	"토"	"13"	"음식점-족발/보쌈전문"	"97"
"20140104"	"토"	"13"	"음식점-중국음식"	"2580"
"20140104"	"토"	"13"	"치킨"	"547"
"20140104"	"토"	"13"	"피자"	"519"
"20140104"	"토"	"14"	"음식점-족발/보쌈전문"	"93"
"20140104"	"토"	"14"	"음식점-중국음식"	"1860"
"20140104"	"토"	"14"	"치킨"	"619"
"20140104"	"토"	"14"	"피자"	"504"
"20140104"	"토"	"15"	"음식점-족발/보쌈전문"	"98"
"20140104"	"토"	"15"	"음식점-중국음식"	"1463"
"20140104"	"토"	"15"	"치킨"	"707"
"20140104"	"토"	"15"	"피자"	"499"
"20140104"	"토"	"16"	"음식점-족발/보쌈전문"	"148"
"20140104"	"토"	"16"	"음식점-중국음식"	"1185"
"20140104"	"토"	"16"	"치킨"	"1146"
"20140104"	"토"	"16"	"피자"	"584"
"20140104"	"토"	"17"	"음식점-족발/보쌈전문"	"313"
"20140104"	"토"	"17"	"음식점-중국음식"	"1661"
"20140104"	"토"	"17"	"치킨"	"2055"
"20140104"	"토"	"17"	"피자"	"778"
"20140104"	"토"	"18"	"음식점-족발/보쌈전문"	"478"
"20140104"	"토"	"18"	"음식점-중국음식"	"2216"
"20140104"	"토"	"18"	"치킨"	"3557"
"20140104"	"토"	"18"	"피자"	"1040"
"20140104"	"토"	"19"	"음식점-족발/보쌈전문"	"482"
"20140104"	"토"	"19"	"음식점-중국음식"	"1613"
"20140104"	"토"	"19"	"치킨"	"3151"
"20140104"	"토"	"19"	"피자"	"940"
"20140104"	"토"	"20"	"음식점-족발/보쌈전문"	"310"
"20140104"	"토"	"20"	"음식점-중국음식"	"885"
"20140104"	"토"	"20"	"치킨"	"2998"
"20140104"	"토"	"20"	"피자"	"771"
"20140104"	"토"	"21"	"음식점-족발/보쌈전문"	"302"
"20140104"	"토"	"21"	"음식점-중국음식"	"419"
"20140104"	"토"	"21"	"치킨"	"3240"
"20140104"	"토"	"21"	"피자"	"771"
"20140104"	"토"	"22"	"음식점-족발/보쌈전문"	"229"
"20140104"	"토"	"22"	"음식점-중국음식"	"208"
"20140104"	"토"	"22"	"치킨"	"3201"
"20140104"	"토"	"22"	"피자"	"543"
"20140104"	"토"	"23"	"음식점-족발/보쌈전문"	"148"
"20140104"	"토"	"23"	"음식점-중국음식"	"169"
"20140104"	"토"	"23"	"치킨"	"2246"
"20140104"	"토"	"23"	"피자"	"214"
"20140105"	"일"	"00"	"음식점-족발/보쌈전문"	"72"
"20140105"	"일"	"00"	"음식점-중국음식"	"138"
"20140105"	"일"	"00"	"치킨"	"1018"
"20140105"	"일"	"00"	"피자"	"51"
"20140105"	"일"	"01"	"음식점-족발/보쌈전문"	"34"
"20140105"	"일"	"01"	"음식점-중국음식"	"127"
"20140105"	"일"	"01"	"치킨"	"397"
"20140105"	"일"	"01"	"피자"	"34"
"20140105"	"일"	"02"	"음식점-족발/보쌈전문"	"20"
"20140105"	"일"	"02"	"음식점-중국음식"	"126"
"20140105"	"일"	"02"	"치킨"	"102"
"20140105"	"일"	"02"	"피자"	"13"
"20140105"	"일"	"03"	"음식점-족발/보쌈전문"	"12"
"20140105"	"일"	"03"	"음식점-중국음식"	"77"
"20140105"	"일"	"03"	"치킨"	"27"
"20140105"	"일"	"03"	"피자"	"12"
"20140105"	"일"	"04"	"음식점-족발/보쌈전문"	"5"
"20140105"	"일"	"04"	"음식점-중국음식"	"66"
"20140105"	"일"	"04"	"치킨"	"23"
"20140105"	"일"	"04"	"피자"	"8"
"20140105"	"일"	"05"	"음식점-중국음식"	"60"
"20140105"	"일"	"06"	"음식점-중국음식"	"50"
"20140105"	"일"	"07"	"음식점-중국음식"	"44"
"20140105"	"일"	"08"	"음식점-중국음식"	"65"
"20140105"	"일"	"09"	"음식점-중국음식"	"146"
"20140105"	"일"	"09"	"피자"	"5"
"20140105"	"일"	"10"	"음식점-족발/보쌈전문"	"23"
"20140105"	"일"	"10"	"음식점-중국음식"	"651"
"20140105"	"일"	"10"	"치킨"	"18"
"20140105"	"일"	"10"	"피자"	"71"
"20140105"	"일"	"11"	"음식점-족발/보쌈전문"	"53"
"20140105"	"일"	"11"	"음식점-중국음식"	"1702"
"20140105"	"일"	"11"	"치킨"	"129"
"20140105"	"일"	"11"	"피자"	"257"
"20140105"	"일"	"12"	"음식점-족발/보쌈전문"	"68"
"20140105"	"일"	"12"	"음식점-중국음식"	"2596"
"20140105"	"일"	"12"	"치킨"	"490"
"20140105"	"일"	"12"	"피자"	"578"
"20140105"	"일"	"13"	"음식점-족발/보쌈전문"	"77"
"20140105"	"일"	"13"	"음식점-중국음식"	"2484"
"20140105"	"일"	"13"	"치킨"	"698"
"20140105"	"일"	"13"	"피자"	"584"
"20140105"	"일"	"14"	"음식점-족발/보쌈전문"	"93"
"20140105"	"일"	"14"	"음식점-중국음식"	"1963"
"20140105"	"일"	"14"	"치킨"	"832"
"20140105"	"일"	"14"	"피자"	"569"
"20140105"	"일"	"15"	"음식점-족발/보쌈전문"	"112"
"20140105"	"일"	"15"	"음식점-중국음식"	"1424"
"20140105"	"일"	"15"	"치킨"	"1010"
"20140105"	"일"	"15"	"피자"	"664"
"20140105"	"일"	"16"	"음식점-족발/보쌈전문"	"198"
"20140105"	"일"	"16"	"음식점-중국음식"	"1310"
"20140105"	"일"	"16"	"치킨"	"1590"
"20140105"	"일"	"16"	"피자"	"727"
"20140105"	"일"	"17"	"음식점-족발/보쌈전문"	"349"
"20140105"	"일"	"17"	"음식점-중국음식"	"2010"
"20140105"	"일"	"17"	"치킨"	"2670"
"20140105"	"일"	"17"	"피자"	"982"
"20140105"	"일"	"18"	"음식점-족발/보쌈전문"	"452"
"20140105"	"일"	"18"	"음식점-중국음식"	"2346"
"20140105"	"일"	"18"	"치킨"	"3702"
"20140105"	"일"	"18"	"피자"	"1221"
"20140105"	"일"	"19"	"음식점-족발/보쌈전문"	"387"
"20140105"	"일"	"19"	"음식점-중국음식"	"1569"
"20140105"	"일"	"19"	"치킨"	"3159"
"20140105"	"일"	"19"	"피자"	"939"
"20140105"	"일"	"20"	"음식점-족발/보쌈전문"	"224"
"20140105"	"일"	"20"	"음식점-중국음식"	"938"
"20140105"	"일"	"20"	"치킨"	"2599"
"20140105"	"일"	"20"	"피자"	"767"
"20140105"	"일"	"21"	"음식점-족발/보쌈전문"	"209"
"20140105"	"일"	"21"	"음식점-중국음식"	"392"
"20140105"	"일"	"21"	"치킨"	"2730"
"20140105"	"일"	"21"	"피자"	"713"
"20140105"	"일"	"22"	"음식점-족발/보쌈전문"	"141"
"20140105"	"일"	"22"	"음식점-중국음식"	"187"
"20140105"	"일"	"22"	"치킨"	"2254"
"20140105"	"일"	"22"	"피자"	"451"
"20140105"	"일"	"23"	"음식점-족발/보쌈전문"	"91"
"20140105"	"일"	"23"	"음식점-중국음식"	"165"
"20140105"	"일"	"23"	"치킨"	"1413"
"20140105"	"일"	"23"	"피자"	"144"
"20140106"	"월"	"00"	"음식점-족발/보쌈전문"	"51"
"20140106"	"월"	"00"	"음식점-중국음식"	"129"
"20140106"	"월"	"00"	"치킨"	"566"
"20140106"	"월"	"00"	"피자"	"43"
"20140106"	"월"	"01"	"음식점-족발/보쌈전문"	"22"
"20140106"	"월"	"01"	"음식점-중국음식"	"94"
"20140106"	"월"	"01"	"치킨"	"201"
"20140106"	"월"	"01"	"피자"	"19"
"20140106"	"월"	"02"	"음식점-족발/보쌈전문"	"12"
"20140106"	"월"	"02"	"음식점-중국음식"	"97"
"20140106"	"월"	"02"	"치킨"	"55"
"20140106"	"월"	"02"	"피자"	"10"
"20140106"	"월"	"03"	"음식점-족발/보쌈전문"	"6"
"20140106"	"월"	"03"	"음식점-중국음식"	"68"
"20140106"	"월"	"03"	"치킨"	"23"
"20140106"	"월"	"04"	"음식점-중국음식"	"54"
"20140106"	"월"	"04"	"치킨"	"16"
"20140106"	"월"	"05"	"음식점-족발/보쌈전문"	"5"
"20140106"	"월"	"05"	"음식점-중국음식"	"48"
"20140106"	"월"	"05"	"치킨"	"10"
"20140106"	"월"	"06"	"음식점-족발/보쌈전문"	"7"
"20140106"	"월"	"06"	"음식점-중국음식"	"52"
"20140106"	"월"	"07"	"음식점-족발/보쌈전문"	"9"
"20140106"	"월"	"07"	"음식점-중국음식"	"38"
"20140106"	"월"	"08"	"음식점-족발/보쌈전문"	"10"
"20140106"	"월"	"08"	"음식점-중국음식"	"61"
"20140106"	"월"	"08"	"피자"	"8"
"20140106"	"월"	"09"	"음식점-족발/보쌈전문"	"14"
"20140106"	"월"	"09"	"음식점-중국음식"	"148"
"20140106"	"월"	"09"	"치킨"	"14"
"20140106"	"월"	"09"	"피자"	"15"
"20140106"	"월"	"10"	"음식점-족발/보쌈전문"	"26"
"20140106"	"월"	"10"	"음식점-중국음식"	"419"
"20140106"	"월"	"10"	"치킨"	"18"
"20140106"	"월"	"10"	"피자"	"49"
"20140106"	"월"	"11"	"음식점-족발/보쌈전문"	"58"
"20140106"	"월"	"11"	"음식점-중국음식"	"1290"
"20140106"	"월"	"11"	"치킨"	"93"
"20140106"	"월"	"11"	"피자"	"221"
"20140106"	"월"	"12"	"음식점-족발/보쌈전문"	"74"
"20140106"	"월"	"12"	"음식점-중국음식"	"1963"
"20140106"	"월"	"12"	"치킨"	"259"
"20140106"	"월"	"12"	"피자"	"296"
"20140106"	"월"	"13"	"음식점-족발/보쌈전문"	"53"
"20140106"	"월"	"13"	"음식점-중국음식"	"1675"
"20140106"	"월"	"13"	"치킨"	"296"
"20140106"	"월"	"13"	"피자"	"240"
"20140106"	"월"	"14"	"음식점-족발/보쌈전문"	"55"
"20140106"	"월"	"14"	"음식점-중국음식"	"1249"
"20140106"	"월"	"14"	"치킨"	"309"
"20140106"	"월"	"14"	"피자"	"244"
"20140106"	"월"	"15"	"음식점-족발/보쌈전문"	"56"
"20140106"	"월"	"15"	"음식점-중국음식"	"1000"
"20140106"	"월"	"15"	"치킨"	"395"
"20140106"	"월"	"15"	"피자"	"277"
"20140106"	"월"	"16"	"음식점-족발/보쌈전문"	"91"
"20140106"	"월"	"16"	"음식점-중국음식"	"835"
"20140106"	"월"	"16"	"치킨"	"567"
"20140106"	"월"	"16"	"피자"	"300"
"20140106"	"월"	"17"	"음식점-족발/보쌈전문"	"148"
"20140106"	"월"	"17"	"음식점-중국음식"	"1011"
"20140106"	"월"	"17"	"치킨"	"988"
"20140106"	"월"	"17"	"피자"	"426"
"20140106"	"월"	"18"	"음식점-족발/보쌈전문"	"232"
"20140106"	"월"	"18"	"음식점-중국음식"	"1375"
"20140106"	"월"	"18"	"치킨"	"1696"
"20140106"	"월"	"18"	"피자"	"559"
"20140106"	"월"	"19"	"음식점-족발/보쌈전문"	"309"
"20140106"	"월"	"19"	"음식점-중국음식"	"1407"
"20140106"	"월"	"19"	"치킨"	"2082"
"20140106"	"월"	"19"	"피자"	"536"
"20140106"	"월"	"20"	"음식점-족발/보쌈전문"	"214"
"20140106"	"월"	"20"	"음식점-중국음식"	"889"
"20140106"	"월"	"20"	"치킨"	"2007"
"20140106"	"월"	"20"	"피자"	"485"
"20140106"	"월"	"21"	"음식점-족발/보쌈전문"	"202"
"20140106"	"월"	"21"	"음식점-중국음식"	"342"
"20140106"	"월"	"21"	"치킨"	"2030"
"20140106"	"월"	"21"	"피자"	"512"
"20140106"	"월"	"22"	"음식점-족발/보쌈전문"	"153"
"20140106"	"월"	"22"	"음식점-중국음식"	"195"
"20140106"	"월"	"22"	"치킨"	"2110"
"20140106"	"월"	"22"	"피자"	"377"
"20140106"	"월"	"23"	"음식점-족발/보쌈전문"	"96"
"20140106"	"월"	"23"	"음식점-중국음식"	"140"
"20140106"	"월"	"23"	"치킨"	"1304"
"20140106"	"월"	"23"	"피자"	"129"
"20140107"	"화"	"00"	"음식점-족발/보쌈전문"	"44"
"20140107"	"화"	"00"	"음식점-중국음식"	"121"
"20140107"	"화"	"00"	"치킨"	"538"
"20140107"	"화"	"00"	"피자"	"36"
"20140107"	"화"	"01"	"음식점-족발/보쌈전문"	"33"
"20140107"	"화"	"01"	"음식점-중국음식"	"94"
"20140107"	"화"	"01"	"치킨"	"222"
"20140107"	"화"	"01"	"피자"	"11"
"20140107"	"화"	"02"	"음식점-족발/보쌈전문"	"14"
"20140107"	"화"	"02"	"음식점-중국음식"	"88"
"20140107"	"화"	"02"	"치킨"	"65"
"20140107"	"화"	"02"	"피자"	"9"
"20140107"	"화"	"03"	"음식점-족발/보쌈전문"	"7"
"20140107"	"화"	"03"	"음식점-중국음식"	"74"
"20140107"	"화"	"03"	"치킨"	"22"
"20140107"	"화"	"03"	"피자"	"5"
"20140107"	"화"	"04"	"음식점-족발/보쌈전문"	"5"
"20140107"	"화"	"04"	"음식점-중국음식"	"63"
"20140107"	"화"	"04"	"치킨"	"17"
"20140107"	"화"	"05"	"음식점-중국음식"	"52"
"20140107"	"화"	"05"	"치킨"	"5"
"20140107"	"화"	"06"	"음식점-족발/보쌈전문"	"5"
"20140107"	"화"	"06"	"음식점-중국음식"	"46"
"20140107"	"화"	"06"	"치킨"	"5"
"20140107"	"화"	"07"	"음식점-족발/보쌈전문"	"8"
"20140107"	"화"	"07"	"음식점-중국음식"	"38"
"20140107"	"화"	"08"	"음식점-족발/보쌈전문"	"7"
"20140107"	"화"	"08"	"음식점-중국음식"	"51"
"20140107"	"화"	"09"	"음식점-족발/보쌈전문"	"12"
"20140107"	"화"	"09"	"음식점-중국음식"	"178"
"20140107"	"화"	"09"	"치킨"	"13"
"20140107"	"화"	"09"	"피자"	"6"
"20140107"	"화"	"10"	"음식점-족발/보쌈전문"	"29"
"20140107"	"화"	"10"	"음식점-중국음식"	"475"
"20140107"	"화"	"10"	"치킨"	"24"
"20140107"	"화"	"10"	"피자"	"55"
"20140107"	"화"	"11"	"음식점-족발/보쌈전문"	"57"
"20140107"	"화"	"11"	"음식점-중국음식"	"1395"
"20140107"	"화"	"11"	"치킨"	"110"
"20140107"	"화"	"11"	"피자"	"202"
"20140107"	"화"	"12"	"음식점-족발/보쌈전문"	"72"
"20140107"	"화"	"12"	"음식점-중국음식"	"2115"
"20140107"	"화"	"12"	"치킨"	"293"
"20140107"	"화"	"12"	"피자"	"347"
"20140107"	"화"	"13"	"음식점-족발/보쌈전문"	"78"
"20140107"	"화"	"13"	"음식점-중국음식"	"1691"
"20140107"	"화"	"13"	"치킨"	"317"
"20140107"	"화"	"13"	"피자"	"291"
"20140107"	"화"	"14"	"음식점-족발/보쌈전문"	"67"
"20140107"	"화"	"14"	"음식점-중국음식"	"1184"
"20140107"	"화"	"14"	"치킨"	"383"
"20140107"	"화"	"14"	"피자"	"297"
"20140107"	"화"	"15"	"음식점-족발/보쌈전문"	"66"
"20140107"	"화"	"15"	"음식점-중국음식"	"890"
"20140107"	"화"	"15"	"치킨"	"452"
"20140107"	"화"	"15"	"피자"	"300"
"20140107"	"화"	"16"	"음식점-족발/보쌈전문"	"111"
"20140107"	"화"	"16"	"음식점-중국음식"	"918"
"20140107"	"화"	"16"	"치킨"	"658"
"20140107"	"화"	"16"	"피자"	"322"
"20140107"	"화"	"17"	"음식점-족발/보쌈전문"	"151"
"20140107"	"화"	"17"	"음식점-중국음식"	"1150"
"20140107"	"화"	"17"	"치킨"	"1136"
"20140107"	"화"	"17"	"피자"	"416"
"20140107"	"화"	"18"	"음식점-족발/보쌈전문"	"316"
"20140107"	"화"	"18"	"음식점-중국음식"	"1641"
"20140107"	"화"	"18"	"치킨"	"1970"
"20140107"	"화"	"18"	"피자"	"623"
"20140107"	"화"	"19"	"음식점-족발/보쌈전문"	"338"
"20140107"	"화"	"19"	"음식점-중국음식"	"1453"
"20140107"	"화"	"19"	"치킨"	"2376"
"20140107"	"화"	"19"	"피자"	"634"
"20140107"	"화"	"20"	"음식점-족발/보쌈전문"	"265"
"20140107"	"화"	"20"	"음식점-중국음식"	"873"
"20140107"	"화"	"20"	"치킨"	"2235"
"20140107"	"화"	"20"	"피자"	"569"
"20140107"	"화"	"21"	"음식점-족발/보쌈전문"	"229"
"20140107"	"화"	"21"	"음식점-중국음식"	"353"
"20140107"	"화"	"21"	"치킨"	"2229"
"20140107"	"화"	"21"	"피자"	"477"
"20140107"	"화"	"22"	"음식점-족발/보쌈전문"	"186"
"20140107"	"화"	"22"	"음식점-중국음식"	"208"
"20140107"	"화"	"22"	"치킨"	"2218"
"20140107"	"화"	"22"	"피자"	"401"
"20140107"	"화"	"23"	"음식점-족발/보쌈전문"	"99"
"20140107"	"화"	"23"	"음식점-중국음식"	"143"
"20140107"	"화"	"23"	"치킨"	"1413"
"20140107"	"화"	"23"	"피자"	"110"
"20140108"	"수"	"00"	"음식점-족발/보쌈전문"	"51"
"20140108"	"수"	"00"	"음식점-중국음식"	"130"
"20140108"	"수"	"00"	"치킨"	"583"
"20140108"	"수"	"00"	"피자"	"26"
"20140108"	"수"	"01"	"음식점-족발/보쌈전문"	"38"
"20140108"	"수"	"01"	"음식점-중국음식"	"120"
"20140108"	"수"	"01"	"치킨"	"213"
"20140108"	"수"	"01"	"피자"	"13"
"20140108"	"수"	"02"	"음식점-족발/보쌈전문"	"12"
"20140108"	"수"	"02"	"음식점-중국음식"	"107"
"20140108"	"수"	"02"	"치킨"	"64"
"20140108"	"수"	"02"	"피자"	"9"
"20140108"	"수"	"03"	"음식점-족발/보쌈전문"	"6"
"20140108"	"수"	"03"	"음식점-중국음식"	"89"
"20140108"	"수"	"03"	"치킨"	"30"
"20140108"	"수"	"03"	"피자"	"11"
"20140108"	"수"	"04"	"음식점-중국음식"	"62"
"20140108"	"수"	"04"	"치킨"	"16"
"20140108"	"수"	"04"	"피자"	"5"
"20140108"	"수"	"05"	"음식점-중국음식"	"35"
"20140108"	"수"	"05"	"치킨"	"6"
"20140108"	"수"	"06"	"음식점-족발/보쌈전문"	"7"
"20140108"	"수"	"06"	"음식점-중국음식"	"36"
"20140108"	"수"	"06"	"치킨"	"7"
"20140108"	"수"	"07"	"음식점-중국음식"	"37"
"20140108"	"수"	"07"	"피자"	"6"
"20140108"	"수"	"08"	"음식점-중국음식"	"62"
"20140108"	"수"	"09"	"음식점-족발/보쌈전문"	"14"
"20140108"	"수"	"09"	"음식점-중국음식"	"141"
"20140108"	"수"	"09"	"치킨"	"5"
"20140108"	"수"	"09"	"피자"	"13"
"20140108"	"수"	"10"	"음식점-족발/보쌈전문"	"31"
"20140108"	"수"	"10"	"음식점-중국음식"	"409"
"20140108"	"수"	"10"	"치킨"	"26"
"20140108"	"수"	"10"	"피자"	"68"
"20140108"	"수"	"11"	"음식점-족발/보쌈전문"	"73"
"20140108"	"수"	"11"	"음식점-중국음식"	"1544"
"20140108"	"수"	"11"	"치킨"	"102"
"20140108"	"수"	"11"	"피자"	"230"
"20140108"	"수"	"12"	"음식점-족발/보쌈전문"	"73"
"20140108"	"수"	"12"	"음식점-중국음식"	"2304"
"20140108"	"수"	"12"	"치킨"	"305"
"20140108"	"수"	"12"	"피자"	"324"
"20140108"	"수"	"13"	"음식점-족발/보쌈전문"	"55"
"20140108"	"수"	"13"	"음식점-중국음식"	"1742"
"20140108"	"수"	"13"	"치킨"	"345"
"20140108"	"수"	"13"	"피자"	"298"
"20140108"	"수"	"14"	"음식점-족발/보쌈전문"	"53"
"20140108"	"수"	"14"	"음식점-중국음식"	"1244"
"20140108"	"수"	"14"	"치킨"	"364"
"20140108"	"수"	"14"	"피자"	"246"
"20140108"	"수"	"15"	"음식점-족발/보쌈전문"	"77"
"20140108"	"수"	"15"	"음식점-중국음식"	"1021"
"20140108"	"수"	"15"	"치킨"	"495"
"20140108"	"수"	"15"	"피자"	"308"
"20140108"	"수"	"16"	"음식점-족발/보쌈전문"	"81"
"20140108"	"수"	"16"	"음식점-중국음식"	"875"
"20140108"	"수"	"16"	"치킨"	"713"
"20140108"	"수"	"16"	"피자"	"359"
"20140108"	"수"	"17"	"음식점-족발/보쌈전문"	"183"
"20140108"	"수"	"17"	"음식점-중국음식"	"1249"
"20140108"	"수"	"17"	"치킨"	"1148"
"20140108"	"수"	"17"	"피자"	"461"
"20140108"	"수"	"18"	"음식점-족발/보쌈전문"	"332"
"20140108"	"수"	"18"	"음식점-중국음식"	"1730"
"20140108"	"수"	"18"	"치킨"	"2303"
"20140108"	"수"	"18"	"피자"	"713"
"20140108"	"수"	"19"	"음식점-족발/보쌈전문"	"352"
"20140108"	"수"	"19"	"음식점-중국음식"	"1681"
"20140108"	"수"	"19"	"치킨"	"2736"
"20140108"	"수"	"19"	"피자"	"696"
"20140108"	"수"	"20"	"음식점-족발/보쌈전문"	"272"
"20140108"	"수"	"20"	"음식점-중국음식"	"888"
"20140108"	"수"	"20"	"치킨"	"2507"
"20140108"	"수"	"20"	"피자"	"570"
"20140108"	"수"	"21"	"음식점-족발/보쌈전문"	"222"
"20140108"	"수"	"21"	"음식점-중국음식"	"317"
"20140108"	"수"	"21"	"치킨"	"2589"
"20140108"	"수"	"21"	"피자"	"585"
"20140108"	"수"	"22"	"음식점-족발/보쌈전문"	"202"
"20140108"	"수"	"22"	"음식점-중국음식"	"209"
"20140108"	"수"	"22"	"치킨"	"2618"
"20140108"	"수"	"22"	"피자"	"419"
"20140108"	"수"	"23"	"음식점-족발/보쌈전문"	"123"
"20140108"	"수"	"23"	"음식점-중국음식"	"164"
"20140108"	"수"	"23"	"치킨"	"1697"
"20140108"	"수"	"23"	"피자"	"155"
"20140109"	"목"	"00"	"음식점-족발/보쌈전문"	"44"
"20140109"	"목"	"00"	"음식점-중국음식"	"125"
"20140109"	"목"	"00"	"치킨"	"652"
"20140109"	"목"	"00"	"피자"	"41"
"20140109"	"목"	"01"	"음식점-족발/보쌈전문"	"23"
"20140109"	"목"	"01"	"음식점-중국음식"	"121"
"20140109"	"목"	"01"	"치킨"	"250"
"20140109"	"목"	"01"	"피자"	"12"
"20140109"	"목"	"02"	"음식점-족발/보쌈전문"	"21"
"20140109"	"목"	"02"	"음식점-중국음식"	"108"
"20140109"	"목"	"02"	"치킨"	"83"
"20140109"	"목"	"02"	"피자"	"6"
"20140109"	"목"	"03"	"음식점-족발/보쌈전문"	"11"
"20140109"	"목"	"03"	"음식점-중국음식"	"109"
"20140109"	"목"	"03"	"치킨"	"36"
"20140109"	"목"	"03"	"피자"	"6"
"20140109"	"목"	"04"	"음식점-족발/보쌈전문"	"10"
"20140109"	"목"	"04"	"음식점-중국음식"	"79"
"20140109"	"목"	"04"	"치킨"	"17"
"20140109"	"목"	"04"	"피자"	"7"
"20140109"	"목"	"05"	"음식점-중국음식"	"62"
"20140109"	"목"	"05"	"치킨"	"6"
"20140109"	"목"	"05"	"피자"	"6"
"20140109"	"목"	"06"	"음식점-중국음식"	"49"
"20140109"	"목"	"07"	"음식점-족발/보쌈전문"	"6"
"20140109"	"목"	"07"	"음식점-중국음식"	"45"
"20140109"	"목"	"08"	"음식점-족발/보쌈전문"	"6"
"20140109"	"목"	"08"	"음식점-중국음식"	"47"
"20140109"	"목"	"08"	"치킨"	"7"
"20140109"	"목"	"09"	"음식점-족발/보쌈전문"	"9"
"20140109"	"목"	"09"	"음식점-중국음식"	"146"
"20140109"	"목"	"09"	"치킨"	"19"
"20140109"	"목"	"09"	"피자"	"8"
"20140109"	"목"	"10"	"음식점-족발/보쌈전문"	"28"
"20140109"	"목"	"10"	"음식점-중국음식"	"464"
"20140109"	"목"	"10"	"치킨"	"24"
"20140109"	"목"	"10"	"피자"	"68"
"20140109"	"목"	"11"	"음식점-족발/보쌈전문"	"66"
"20140109"	"목"	"11"	"음식점-중국음식"	"1601"
"20140109"	"목"	"11"	"치킨"	"134"
"20140109"	"목"	"11"	"피자"	"252"
"20140109"	"목"	"12"	"음식점-족발/보쌈전문"	"66"
"20140109"	"목"	"12"	"음식점-중국음식"	"2506"
"20140109"	"목"	"12"	"치킨"	"293"
"20140109"	"목"	"12"	"피자"	"351"
"20140109"	"목"	"13"	"음식점-족발/보쌈전문"	"62"
"20140109"	"목"	"13"	"음식점-중국음식"	"1859"
"20140109"	"목"	"13"	"치킨"	"379"
"20140109"	"목"	"13"	"피자"	"329"
"20140109"	"목"	"14"	"음식점-족발/보쌈전문"	"50"
"20140109"	"목"	"14"	"음식점-중국음식"	"1261"
"20140109"	"목"	"14"	"치킨"	"411"
"20140109"	"목"	"14"	"피자"	"318"
"20140109"	"목"	"15"	"음식점-족발/보쌈전문"	"63"
"20140109"	"목"	"15"	"음식점-중국음식"	"1041"
"20140109"	"목"	"15"	"치킨"	"510"
"20140109"	"목"	"15"	"피자"	"310"
"20140109"	"목"	"16"	"음식점-족발/보쌈전문"	"94"
"20140109"	"목"	"16"	"음식점-중국음식"	"942"
"20140109"	"목"	"16"	"치킨"	"670"
"20140109"	"목"	"16"	"피자"	"355"
"20140109"	"목"	"17"	"음식점-족발/보쌈전문"	"201"
"20140109"	"목"	"17"	"음식점-중국음식"	"1340"
"20140109"	"목"	"17"	"치킨"	"1248"
"20140109"	"목"	"17"	"피자"	"504"
"20140109"	"목"	"18"	"음식점-족발/보쌈전문"	"337"
"20140109"	"목"	"18"	"음식점-중국음식"	"1870"
"20140109"	"목"	"18"	"치킨"	"2131"
"20140109"	"목"	"18"	"피자"	"701"
"20140109"	"목"	"19"	"음식점-족발/보쌈전문"	"396"
"20140109"	"목"	"19"	"음식점-중국음식"	"1760"
"20140109"	"목"	"19"	"치킨"	"2677"
"20140109"	"목"	"19"	"피자"	"758"
"20140109"	"목"	"20"	"음식점-족발/보쌈전문"	"325"
"20140109"	"목"	"20"	"음식점-중국음식"	"1093"
"20140109"	"목"	"20"	"치킨"	"2640"
"20140109"	"목"	"20"	"피자"	"667"
"20140109"	"목"	"21"	"음식점-족발/보쌈전문"	"252"
"20140109"	"목"	"21"	"음식점-중국음식"	"428"
"20140109"	"목"	"21"	"치킨"	"2660"
"20140109"	"목"	"21"	"피자"	"597"
"20140109"	"목"	"22"	"음식점-족발/보쌈전문"	"184"
"20140109"	"목"	"22"	"음식점-중국음식"	"232"
"20140109"	"목"	"22"	"치킨"	"2768"
"20140109"	"목"	"22"	"피자"	"415"
"20140109"	"목"	"23"	"음식점-족발/보쌈전문"	"132"
"20140109"	"목"	"23"	"음식점-중국음식"	"177"
"20140109"	"목"	"23"	"치킨"	"2023"
"20140109"	"목"	"23"	"피자"	"144"
"20140110"	"금"	"00"	"음식점-족발/보쌈전문"	"47"
"20140110"	"금"	"00"	"음식점-중국음식"	"133"
"20140110"	"금"	"00"	"치킨"	"708"
"20140110"	"금"	"00"	"피자"	"42"
"20140110"	"금"	"01"	"음식점-족발/보쌈전문"	"34"
"20140110"	"금"	"01"	"음식점-중국음식"	"122"
"20140110"	"금"	"01"	"치킨"	"252"
"20140110"	"금"	"01"	"피자"	"20"
"20140110"	"금"	"02"	"음식점-족발/보쌈전문"	"20"
"20140110"	"금"	"02"	"음식점-중국음식"	"109"
"20140110"	"금"	"02"	"치킨"	"94"
"20140110"	"금"	"02"	"피자"	"11"
"20140110"	"금"	"03"	"음식점-족발/보쌈전문"	"7"
"20140110"	"금"	"03"	"음식점-중국음식"	"94"
"20140110"	"금"	"03"	"치킨"	"43"
"20140110"	"금"	"04"	"음식점-족발/보쌈전문"	"5"
"20140110"	"금"	"04"	"음식점-중국음식"	"83"
"20140110"	"금"	"04"	"치킨"	"21"
"20140110"	"금"	"04"	"피자"	"6"
"20140110"	"금"	"05"	"음식점-족발/보쌈전문"	"6"
"20140110"	"금"	"05"	"음식점-중국음식"	"48"
"20140110"	"금"	"05"	"치킨"	"8"
"20140110"	"금"	"05"	"피자"	"7"
"20140110"	"금"	"06"	"음식점-족발/보쌈전문"	"7"
"20140110"	"금"	"06"	"음식점-중국음식"	"52"
"20140110"	"금"	"06"	"치킨"	"5"
"20140110"	"금"	"07"	"음식점-족발/보쌈전문"	"8"
"20140110"	"금"	"07"	"음식점-중국음식"	"32"
"20140110"	"금"	"07"	"치킨"	"7"
"20140110"	"금"	"08"	"음식점-중국음식"	"66"
"20140110"	"금"	"08"	"치킨"	"6"
"20140110"	"금"	"08"	"피자"	"5"
"20140110"	"금"	"09"	"음식점-족발/보쌈전문"	"9"
"20140110"	"금"	"09"	"음식점-중국음식"	"174"
"20140110"	"금"	"09"	"치킨"	"10"
"20140110"	"금"	"09"	"피자"	"17"
"20140110"	"금"	"10"	"음식점-족발/보쌈전문"	"36"
"20140110"	"금"	"10"	"음식점-중국음식"	"492"
"20140110"	"금"	"10"	"치킨"	"29"
"20140110"	"금"	"10"	"피자"	"80"
"20140110"	"금"	"11"	"음식점-족발/보쌈전문"	"72"
"20140110"	"금"	"11"	"음식점-중국음식"	"1680"
"20140110"	"금"	"11"	"치킨"	"130"
"20140110"	"금"	"11"	"피자"	"280"
"20140110"	"금"	"12"	"음식점-족발/보쌈전문"	"68"
"20140110"	"금"	"12"	"음식점-중국음식"	"2525"
"20140110"	"금"	"12"	"치킨"	"342"
"20140110"	"금"	"12"	"피자"	"355"
"20140110"	"금"	"13"	"음식점-족발/보쌈전문"	"66"
"20140110"	"금"	"13"	"음식점-중국음식"	"1916"
"20140110"	"금"	"13"	"치킨"	"367"
"20140110"	"금"	"13"	"피자"	"321"
"20140110"	"금"	"14"	"음식점-족발/보쌈전문"	"74"
"20140110"	"금"	"14"	"음식점-중국음식"	"1318"
"20140110"	"금"	"14"	"치킨"	"405"
"20140110"	"금"	"14"	"피자"	"320"
"20140110"	"금"	"15"	"음식점-족발/보쌈전문"	"64"
"20140110"	"금"	"15"	"음식점-중국음식"	"1002"
"20140110"	"금"	"15"	"치킨"	"516"
"20140110"	"금"	"15"	"피자"	"332"
"20140110"	"금"	"16"	"음식점-족발/보쌈전문"	"108"
"20140110"	"금"	"16"	"음식점-중국음식"	"950"
"20140110"	"금"	"16"	"치킨"	"736"
"20140110"	"금"	"16"	"피자"	"344"
"20140110"	"금"	"17"	"음식점-족발/보쌈전문"	"247"
"20140110"	"금"	"17"	"음식점-중국음식"	"1292"
"20140110"	"금"	"17"	"치킨"	"1317"
"20140110"	"금"	"17"	"피자"	"519"
"20140110"	"금"	"18"	"음식점-족발/보쌈전문"	"409"
"20140110"	"금"	"18"	"음식점-중국음식"	"1822"
"20140110"	"금"	"18"	"치킨"	"2603"
"20140110"	"금"	"18"	"피자"	"795"
"20140110"	"금"	"19"	"음식점-족발/보쌈전문"	"537"
"20140110"	"금"	"19"	"음식점-중국음식"	"1749"
"20140110"	"금"	"19"	"치킨"	"3385"
"20140110"	"금"	"19"	"피자"	"868"
"20140110"	"금"	"20"	"음식점-족발/보쌈전문"	"403"
"20140110"	"금"	"20"	"음식점-중국음식"	"1092"
"20140110"	"금"	"20"	"치킨"	"3254"
"20140110"	"금"	"20"	"피자"	"725"
"20140110"	"금"	"21"	"음식점-족발/보쌈전문"	"308"
"20140110"	"금"	"21"	"음식점-중국음식"	"471"
"20140110"	"금"	"21"	"치킨"	"3547"
"20140110"	"금"	"21"	"피자"	"759"
"20140110"	"금"	"22"	"음식점-족발/보쌈전문"	"277"
"20140110"	"금"	"22"	"음식점-중국음식"	"242"
"20140110"	"금"	"22"	"치킨"	"3687"
"20140110"	"금"	"22"	"피자"	"594"
"20140110"	"금"	"23"	"음식점-족발/보쌈전문"	"188"
"20140110"	"금"	"23"	"음식점-중국음식"	"177"
"20140110"	"금"	"23"	"치킨"	"2934"
"20140110"	"금"	"23"	"피자"	"207"
"20140111"	"토"	"00"	"음식점-족발/보쌈전문"	"88"
"20140111"	"토"	"00"	"음식점-중국음식"	"146"
"20140111"	"토"	"00"	"치킨"	"1052"
"20140111"	"토"	"00"	"피자"	"41"
"20140111"	"토"	"01"	"음식점-족발/보쌈전문"	"54"
"20140111"	"토"	"01"	"음식점-중국음식"	"137"
"20140111"	"토"	"01"	"치킨"	"391"
"20140111"	"토"	"01"	"피자"	"21"
"20140111"	"토"	"02"	"음식점-족발/보쌈전문"	"32"
"20140111"	"토"	"02"	"음식점-중국음식"	"111"
"20140111"	"토"	"02"	"치킨"	"124"
"20140111"	"토"	"02"	"피자"	"9"
"20140111"	"토"	"03"	"음식점-족발/보쌈전문"	"17"
"20140111"	"토"	"03"	"음식점-중국음식"	"92"
"20140111"	"토"	"03"	"치킨"	"45"
"20140111"	"토"	"03"	"피자"	"6"
"20140111"	"토"	"04"	"음식점-족발/보쌈전문"	"11"
"20140111"	"토"	"04"	"음식점-중국음식"	"84"
"20140111"	"토"	"04"	"치킨"	"26"
"20140111"	"토"	"04"	"피자"	"10"
"20140111"	"토"	"05"	"음식점-족발/보쌈전문"	"6"
"20140111"	"토"	"05"	"음식점-중국음식"	"63"
"20140111"	"토"	"05"	"치킨"	"11"
"20140111"	"토"	"06"	"음식점-족발/보쌈전문"	"7"
"20140111"	"토"	"06"	"음식점-중국음식"	"53"
"20140111"	"토"	"06"	"치킨"	"6"
"20140111"	"토"	"06"	"피자"	"5"
"20140111"	"토"	"07"	"음식점-족발/보쌈전문"	"6"
"20140111"	"토"	"07"	"음식점-중국음식"	"64"
"20140111"	"토"	"07"	"치킨"	"5"
"20140111"	"토"	"08"	"음식점-족발/보쌈전문"	"8"
"20140111"	"토"	"08"	"음식점-중국음식"	"84"
"20140111"	"토"	"08"	"치킨"	"15"
"20140111"	"토"	"09"	"음식점-족발/보쌈전문"	"7"
"20140111"	"토"	"09"	"음식점-중국음식"	"176"
"20140111"	"토"	"09"	"치킨"	"8"
"20140111"	"토"	"09"	"피자"	"6"
"20140111"	"토"	"10"	"음식점-족발/보쌈전문"	"35"
"20140111"	"토"	"10"	"음식점-중국음식"	"617"
"20140111"	"토"	"10"	"치킨"	"28"
"20140111"	"토"	"10"	"피자"	"69"
"20140111"	"토"	"11"	"음식점-족발/보쌈전문"	"69"
"20140111"	"토"	"11"	"음식점-중국음식"	"1894"
"20140111"	"토"	"11"	"치킨"	"162"
"20140111"	"토"	"11"	"피자"	"369"
"20140111"	"토"	"12"	"음식점-족발/보쌈전문"	"108"
"20140111"	"토"	"12"	"음식점-중국음식"	"3010"
"20140111"	"토"	"12"	"치킨"	"505"
"20140111"	"토"	"12"	"피자"	"563"
"20140111"	"토"	"13"	"음식점-족발/보쌈전문"	"113"
"20140111"	"토"	"13"	"음식점-중국음식"	"2604"
"20140111"	"토"	"13"	"치킨"	"648"
"20140111"	"토"	"13"	"피자"	"628"
"20140111"	"토"	"14"	"음식점-족발/보쌈전문"	"128"
"20140111"	"토"	"14"	"음식점-중국음식"	"1950"
"20140111"	"토"	"14"	"치킨"	"660"
"20140111"	"토"	"14"	"피자"	"485"
"20140111"	"토"	"15"	"음식점-족발/보쌈전문"	"110"
"20140111"	"토"	"15"	"음식점-중국음식"	"1459"
"20140111"	"토"	"15"	"치킨"	"741"
"20140111"	"토"	"15"	"피자"	"564"
"20140111"	"토"	"16"	"음식점-족발/보쌈전문"	"166"
"20140111"	"토"	"16"	"음식점-중국음식"	"1285"
"20140111"	"토"	"16"	"치킨"	"1120"
"20140111"	"토"	"16"	"피자"	"594"
"20140111"	"토"	"17"	"음식점-족발/보쌈전문"	"405"
"20140111"	"토"	"17"	"음식점-중국음식"	"1764"
"20140111"	"토"	"17"	"치킨"	"2039"
"20140111"	"토"	"17"	"피자"	"871"
"20140111"	"토"	"18"	"음식점-족발/보쌈전문"	"565"
"20140111"	"토"	"18"	"음식점-중국음식"	"2255"
"20140111"	"토"	"18"	"치킨"	"3598"
"20140111"	"토"	"18"	"피자"	"1132"
"20140111"	"토"	"19"	"음식점-족발/보쌈전문"	"558"
"20140111"	"토"	"19"	"음식점-중국음식"	"1754"
"20140111"	"토"	"19"	"치킨"	"3581"
"20140111"	"토"	"19"	"피자"	"1030"
"20140111"	"토"	"20"	"음식점-족발/보쌈전문"	"376"
"20140111"	"토"	"20"	"음식점-중국음식"	"971"
"20140111"	"토"	"20"	"치킨"	"3014"
"20140111"	"토"	"20"	"피자"	"758"
"20140111"	"토"	"21"	"음식점-족발/보쌈전문"	"314"
"20140111"	"토"	"21"	"음식점-중국음식"	"397"
"20140111"	"토"	"21"	"치킨"	"3488"
"20140111"	"토"	"21"	"피자"	"804"
"20140111"	"토"	"22"	"음식점-족발/보쌈전문"	"293"
"20140111"	"토"	"22"	"음식점-중국음식"	"218"
"20140111"	"토"	"22"	"치킨"	"3353"
"20140111"	"토"	"22"	"피자"	"603"
"20140111"	"토"	"23"	"음식점-족발/보쌈전문"	"174"
"20140111"	"토"	"23"	"음식점-중국음식"	"156"
"20140111"	"토"	"23"	"치킨"	"2332"
"20140111"	"토"	"23"	"피자"	"192"
"20140112"	"일"	"00"	"음식점-족발/보쌈전문"	"106"
"20140112"	"일"	"00"	"음식점-중국음식"	"156"
"20140112"	"일"	"00"	"치킨"	"1128"
"20140112"	"일"	"00"	"피자"	"54"
"20140112"	"일"	"01"	"음식점-족발/보쌈전문"	"43"
"20140112"	"일"	"01"	"음식점-중국음식"	"139"
"20140112"	"일"	"01"	"치킨"	"349"
"20140112"	"일"	"01"	"피자"	"22"
"20140112"	"일"	"02"	"음식점-족발/보쌈전문"	"21"
"20140112"	"일"	"02"	"음식점-중국음식"	"113"
"20140112"	"일"	"02"	"치킨"	"120"
"20140112"	"일"	"02"	"피자"	"10"
"20140112"	"일"	"03"	"음식점-족발/보쌈전문"	"11"
"20140112"	"일"	"03"	"음식점-중국음식"	"87"
"20140112"	"일"	"03"	"치킨"	"38"
"20140112"	"일"	"03"	"피자"	"15"
"20140112"	"일"	"04"	"음식점-족발/보쌈전문"	"6"
"20140112"	"일"	"04"	"음식점-중국음식"	"93"
"20140112"	"일"	"04"	"치킨"	"19"
"20140112"	"일"	"04"	"피자"	"5"
"20140112"	"일"	"05"	"음식점-중국음식"	"67"
"20140112"	"일"	"05"	"피자"	"5"
"20140112"	"일"	"06"	"음식점-중국음식"	"67"
"20140112"	"일"	"07"	"음식점-중국음식"	"66"
"20140112"	"일"	"08"	"음식점-중국음식"	"72"
"20140112"	"일"	"08"	"피자"	"5"
"20140112"	"일"	"09"	"음식점-중국음식"	"162"
"20140112"	"일"	"09"	"치킨"	"5"
"20140112"	"일"	"09"	"피자"	"11"
"20140112"	"일"	"10"	"음식점-족발/보쌈전문"	"18"
"20140112"	"일"	"10"	"음식점-중국음식"	"630"
"20140112"	"일"	"10"	"치킨"	"31"
"20140112"	"일"	"10"	"피자"	"99"
"20140112"	"일"	"11"	"음식점-족발/보쌈전문"	"55"
"20140112"	"일"	"11"	"음식점-중국음식"	"1718"
"20140112"	"일"	"11"	"치킨"	"145"
"20140112"	"일"	"11"	"피자"	"368"
"20140112"	"일"	"12"	"음식점-족발/보쌈전문"	"88"
"20140112"	"일"	"12"	"음식점-중국음식"	"2769"
"20140112"	"일"	"12"	"치킨"	"491"
"20140112"	"일"	"12"	"피자"	"616"
"20140112"	"일"	"13"	"음식점-족발/보쌈전문"	"106"
"20140112"	"일"	"13"	"음식점-중국음식"	"2794"
"20140112"	"일"	"13"	"치킨"	"641"
"20140112"	"일"	"13"	"피자"	"703"
"20140112"	"일"	"14"	"음식점-족발/보쌈전문"	"112"
"20140112"	"일"	"14"	"음식점-중국음식"	"2034"
"20140112"	"일"	"14"	"치킨"	"856"
"20140112"	"일"	"14"	"피자"	"708"
"20140112"	"일"	"15"	"음식점-족발/보쌈전문"	"113"
"20140112"	"일"	"15"	"음식점-중국음식"	"1574"
"20140112"	"일"	"15"	"치킨"	"1053"
"20140112"	"일"	"15"	"피자"	"724"
"20140112"	"일"	"16"	"음식점-족발/보쌈전문"	"215"
"20140112"	"일"	"16"	"음식점-중국음식"	"1590"
"20140112"	"일"	"16"	"치킨"	"1631"
"20140112"	"일"	"16"	"피자"	"846"
"20140112"	"일"	"17"	"음식점-족발/보쌈전문"	"420"
"20140112"	"일"	"17"	"음식점-중국음식"	"2623"
"20140112"	"일"	"17"	"치킨"	"3100"
"20140112"	"일"	"17"	"피자"	"1108"
"20140112"	"일"	"18"	"음식점-족발/보쌈전문"	"675"
"20140112"	"일"	"18"	"음식점-중국음식"	"3295"
"20140112"	"일"	"18"	"치킨"	"4238"
"20140112"	"일"	"18"	"피자"	"1331"
"20140112"	"일"	"19"	"음식점-족발/보쌈전문"	"511"
"20140112"	"일"	"19"	"음식점-중국음식"	"2082"
"20140112"	"일"	"19"	"치킨"	"3466"
"20140112"	"일"	"19"	"피자"	"1039"
"20140112"	"일"	"20"	"음식점-족발/보쌈전문"	"268"
"20140112"	"일"	"20"	"음식점-중국음식"	"1098"
"20140112"	"일"	"20"	"치킨"	"2834"
"20140112"	"일"	"20"	"피자"	"818"
"20140112"	"일"	"21"	"음식점-족발/보쌈전문"	"266"
"20140112"	"일"	"21"	"음식점-중국음식"	"581"
"20140112"	"일"	"21"	"치킨"	"3014"
"20140112"	"일"	"21"	"피자"	"771"
"20140112"	"일"	"22"	"음식점-족발/보쌈전문"	"168"
"20140112"	"일"	"22"	"음식점-중국음식"	"237"
"20140112"	"일"	"22"	"치킨"	"2416"
"20140112"	"일"	"22"	"피자"	"500"
"20140112"	"일"	"23"	"음식점-족발/보쌈전문"	"107"
"20140112"	"일"	"23"	"음식점-중국음식"	"214"
"20140112"	"일"	"23"	"치킨"	"1600"
"20140112"	"일"	"23"	"피자"	"146"
"20140113"	"월"	"00"	"음식점-족발/보쌈전문"	"47"
"20140113"	"월"	"00"	"음식점-중국음식"	"116"
"20140113"	"월"	"00"	"치킨"	"623"
"20140113"	"월"	"00"	"피자"	"33"
"20140113"	"월"	"01"	"음식점-족발/보쌈전문"	"35"
"20140113"	"월"	"01"	"음식점-중국음식"	"131"
"20140113"	"월"	"01"	"치킨"	"199"
"20140113"	"월"	"01"	"피자"	"15"
"20140113"	"월"	"02"	"음식점-족발/보쌈전문"	"14"
"20140113"	"월"	"02"	"음식점-중국음식"	"115"
"20140113"	"월"	"02"	"치킨"	"48"
"20140113"	"월"	"02"	"피자"	"9"
"20140113"	"월"	"03"	"음식점-족발/보쌈전문"	"8"
"20140113"	"월"	"03"	"음식점-중국음식"	"73"
"20140113"	"월"	"03"	"치킨"	"28"
"20140113"	"월"	"03"	"피자"	"7"
"20140113"	"월"	"04"	"음식점-중국음식"	"70"
"20140113"	"월"	"04"	"치킨"	"6"
"20140113"	"월"	"05"	"음식점-중국음식"	"42"
"20140113"	"월"	"05"	"치킨"	"12"
"20140113"	"월"	"06"	"음식점-족발/보쌈전문"	"9"
"20140113"	"월"	"06"	"음식점-중국음식"	"58"
"20140113"	"월"	"07"	"음식점-중국음식"	"49"
"20140113"	"월"	"08"	"음식점-족발/보쌈전문"	"5"
"20140113"	"월"	"08"	"음식점-중국음식"	"58"
"20140113"	"월"	"09"	"음식점-족발/보쌈전문"	"12"
"20140113"	"월"	"09"	"음식점-중국음식"	"141"
"20140113"	"월"	"09"	"치킨"	"8"
"20140113"	"월"	"09"	"피자"	"11"
"20140113"	"월"	"10"	"음식점-족발/보쌈전문"	"31"
"20140113"	"월"	"10"	"음식점-중국음식"	"411"
"20140113"	"월"	"10"	"치킨"	"24"
"20140113"	"월"	"10"	"피자"	"57"
"20140113"	"월"	"11"	"음식점-족발/보쌈전문"	"53"
"20140113"	"월"	"11"	"음식점-중국음식"	"1418"
"20140113"	"월"	"11"	"치킨"	"85"
"20140113"	"월"	"11"	"피자"	"182"
"20140113"	"월"	"12"	"음식점-족발/보쌈전문"	"57"
"20140113"	"월"	"12"	"음식점-중국음식"	"2287"
"20140113"	"월"	"12"	"치킨"	"280"
"20140113"	"월"	"12"	"피자"	"283"
"20140113"	"월"	"13"	"음식점-족발/보쌈전문"	"61"
"20140113"	"월"	"13"	"음식점-중국음식"	"1818"
"20140113"	"월"	"13"	"치킨"	"336"
"20140113"	"월"	"13"	"피자"	"279"
"20140113"	"월"	"14"	"음식점-족발/보쌈전문"	"46"
"20140113"	"월"	"14"	"음식점-중국음식"	"1308"
"20140113"	"월"	"14"	"치킨"	"364"
"20140113"	"월"	"14"	"피자"	"277"
"20140113"	"월"	"15"	"음식점-족발/보쌈전문"	"64"
"20140113"	"월"	"15"	"음식점-중국음식"	"1058"
"20140113"	"월"	"15"	"치킨"	"461"
"20140113"	"월"	"15"	"피자"	"287"
"20140113"	"월"	"16"	"음식점-족발/보쌈전문"	"96"
"20140113"	"월"	"16"	"음식점-중국음식"	"855"
"20140113"	"월"	"16"	"치킨"	"588"
"20140113"	"월"	"16"	"피자"	"338"
"20140113"	"월"	"17"	"음식점-족발/보쌈전문"	"164"
"20140113"	"월"	"17"	"음식점-중국음식"	"1144"
"20140113"	"월"	"17"	"치킨"	"995"
"20140113"	"월"	"17"	"피자"	"451"
"20140113"	"월"	"18"	"음식점-족발/보쌈전문"	"310"
"20140113"	"월"	"18"	"음식점-중국음식"	"1649"
"20140113"	"월"	"18"	"치킨"	"1707"
"20140113"	"월"	"18"	"피자"	"560"
"20140113"	"월"	"19"	"음식점-족발/보쌈전문"	"311"
"20140113"	"월"	"19"	"음식점-중국음식"	"1543"
"20140113"	"월"	"19"	"치킨"	"2195"
"20140113"	"월"	"19"	"피자"	"570"
"20140113"	"월"	"20"	"음식점-족발/보쌈전문"	"247"
"20140113"	"월"	"20"	"음식점-중국음식"	"962"
"20140113"	"월"	"20"	"치킨"	"2241"
"20140113"	"월"	"20"	"피자"	"541"
"20140113"	"월"	"21"	"음식점-족발/보쌈전문"	"178"
"20140113"	"월"	"21"	"음식점-중국음식"	"354"
"20140113"	"월"	"21"	"치킨"	"2282"
"20140113"	"월"	"21"	"피자"	"547"
"20140113"	"월"	"22"	"음식점-족발/보쌈전문"	"152"
"20140113"	"월"	"22"	"음식점-중국음식"	"222"
"20140113"	"월"	"22"	"치킨"	"2168"
"20140113"	"월"	"22"	"피자"	"423"
"20140113"	"월"	"23"	"음식점-족발/보쌈전문"	"122"
"20140113"	"월"	"23"	"음식점-중국음식"	"174"
"20140113"	"월"	"23"	"치킨"	"1497"
"20140113"	"월"	"23"	"피자"	"124"
"20140114"	"화"	"00"	"음식점-족발/보쌈전문"	"70"
"20140114"	"화"	"00"	"음식점-중국음식"	"112"
"20140114"	"화"	"00"	"치킨"	"545"
"20140114"	"화"	"00"	"피자"	"40"
"20140114"	"화"	"01"	"음식점-족발/보쌈전문"	"31"
"20140114"	"화"	"01"	"음식점-중국음식"	"126"
"20140114"	"화"	"01"	"치킨"	"219"
"20140114"	"화"	"01"	"피자"	"24"
"20140114"	"화"	"02"	"음식점-족발/보쌈전문"	"17"
"20140114"	"화"	"02"	"음식점-중국음식"	"101"
"20140114"	"화"	"02"	"치킨"	"81"
"20140114"	"화"	"02"	"피자"	"15"
"20140114"	"화"	"03"	"음식점-족발/보쌈전문"	"14"
"20140114"	"화"	"03"	"음식점-중국음식"	"89"
"20140114"	"화"	"03"	"치킨"	"32"
"20140114"	"화"	"04"	"음식점-중국음식"	"83"
"20140114"	"화"	"04"	"치킨"	"18"
"20140114"	"화"	"04"	"피자"	"7"
"20140114"	"화"	"05"	"음식점-중국음식"	"61"
"20140114"	"화"	"05"	"치킨"	"10"
"20140114"	"화"	"06"	"음식점-족발/보쌈전문"	"12"
"20140114"	"화"	"06"	"음식점-중국음식"	"61"
"20140114"	"화"	"07"	"음식점-족발/보쌈전문"	"9"
"20140114"	"화"	"07"	"음식점-중국음식"	"48"
"20140114"	"화"	"08"	"음식점-중국음식"	"40"
"20140114"	"화"	"09"	"음식점-족발/보쌈전문"	"8"
"20140114"	"화"	"09"	"음식점-중국음식"	"148"
"20140114"	"화"	"09"	"치킨"	"6"
"20140114"	"화"	"09"	"피자"	"14"
"20140114"	"화"	"10"	"음식점-족발/보쌈전문"	"31"
"20140114"	"화"	"10"	"음식점-중국음식"	"457"
"20140114"	"화"	"10"	"치킨"	"23"
"20140114"	"화"	"10"	"피자"	"58"
"20140114"	"화"	"11"	"음식점-족발/보쌈전문"	"72"
"20140114"	"화"	"11"	"음식점-중국음식"	"1545"
"20140114"	"화"	"11"	"치킨"	"105"
"20140114"	"화"	"11"	"피자"	"256"
"20140114"	"화"	"12"	"음식점-족발/보쌈전문"	"68"
"20140114"	"화"	"12"	"음식점-중국음식"	"2333"
"20140114"	"화"	"12"	"치킨"	"316"
"20140114"	"화"	"12"	"피자"	"332"
"20140114"	"화"	"13"	"음식점-족발/보쌈전문"	"62"
"20140114"	"화"	"13"	"음식점-중국음식"	"1730"
"20140114"	"화"	"13"	"치킨"	"349"
"20140114"	"화"	"13"	"피자"	"320"
"20140114"	"화"	"14"	"음식점-족발/보쌈전문"	"66"
"20140114"	"화"	"14"	"음식점-중국음식"	"1222"
"20140114"	"화"	"14"	"치킨"	"365"
"20140114"	"화"	"14"	"피자"	"280"
"20140114"	"화"	"15"	"음식점-족발/보쌈전문"	"68"
"20140114"	"화"	"15"	"음식점-중국음식"	"980"
"20140114"	"화"	"15"	"치킨"	"427"
"20140114"	"화"	"15"	"피자"	"329"
"20140114"	"화"	"16"	"음식점-족발/보쌈전문"	"88"
"20140114"	"화"	"16"	"음식점-중국음식"	"966"
"20140114"	"화"	"16"	"치킨"	"652"
"20140114"	"화"	"16"	"피자"	"347"
"20140114"	"화"	"17"	"음식점-족발/보쌈전문"	"172"
"20140114"	"화"	"17"	"음식점-중국음식"	"1211"
"20140114"	"화"	"17"	"치킨"	"1084"
"20140114"	"화"	"17"	"피자"	"498"
"20140114"	"화"	"18"	"음식점-족발/보쌈전문"	"305"
"20140114"	"화"	"18"	"음식점-중국음식"	"1846"
"20140114"	"화"	"18"	"치킨"	"1954"
"20140114"	"화"	"18"	"피자"	"641"
"20140114"	"화"	"19"	"음식점-족발/보쌈전문"	"363"
"20140114"	"화"	"19"	"음식점-중국음식"	"1737"
"20140114"	"화"	"19"	"치킨"	"2427"
"20140114"	"화"	"19"	"피자"	"681"
"20140114"	"화"	"20"	"음식점-족발/보쌈전문"	"281"
"20140114"	"화"	"20"	"음식점-중국음식"	"1006"
"20140114"	"화"	"20"	"치킨"	"2228"
"20140114"	"화"	"20"	"피자"	"604"
"20140114"	"화"	"21"	"음식점-족발/보쌈전문"	"227"
"20140114"	"화"	"21"	"음식점-중국음식"	"364"
"20140114"	"화"	"21"	"치킨"	"2284"
"20140114"	"화"	"21"	"피자"	"537"
"20140114"	"화"	"22"	"음식점-족발/보쌈전문"	"160"
"20140114"	"화"	"22"	"음식점-중국음식"	"191"
"20140114"	"화"	"22"	"치킨"	"2261"
"20140114"	"화"	"22"	"피자"	"388"
"20140114"	"화"	"23"	"음식점-족발/보쌈전문"	"117"
"20140114"	"화"	"23"	"음식점-중국음식"	"170"
"20140114"	"화"	"23"	"치킨"	"1398"
"20140114"	"화"	"23"	"피자"	"130"
"20140115"	"수"	"00"	"음식점-족발/보쌈전문"	"59"
"20140115"	"수"	"00"	"음식점-중국음식"	"136"
"20140115"	"수"	"00"	"치킨"	"564"
"20140115"	"수"	"00"	"피자"	"32"
"20140115"	"수"	"01"	"음식점-족발/보쌈전문"	"22"
"20140115"	"수"	"01"	"음식점-중국음식"	"115"
"20140115"	"수"	"01"	"치킨"	"232"
"20140115"	"수"	"01"	"피자"	"18"
"20140115"	"수"	"02"	"음식점-족발/보쌈전문"	"22"
"20140115"	"수"	"02"	"음식점-중국음식"	"112"
"20140115"	"수"	"02"	"치킨"	"76"
"20140115"	"수"	"02"	"피자"	"9"
"20140115"	"수"	"03"	"음식점-족발/보쌈전문"	"10"
"20140115"	"수"	"03"	"음식점-중국음식"	"63"
"20140115"	"수"	"03"	"치킨"	"34"
"20140115"	"수"	"03"	"피자"	"7"
"20140115"	"수"	"04"	"음식점-족발/보쌈전문"	"5"
"20140115"	"수"	"04"	"음식점-중국음식"	"74"
"20140115"	"수"	"04"	"치킨"	"6"
"20140115"	"수"	"05"	"음식점-중국음식"	"60"
"20140115"	"수"	"05"	"치킨"	"9"
"20140115"	"수"	"05"	"피자"	"8"
"20140115"	"수"	"06"	"음식점-중국음식"	"54"
"20140115"	"수"	"07"	"음식점-족발/보쌈전문"	"7"
"20140115"	"수"	"07"	"음식점-중국음식"	"45"
"20140115"	"수"	"07"	"치킨"	"5"
"20140115"	"수"	"08"	"음식점-중국음식"	"53"
"20140115"	"수"	"08"	"치킨"	"6"
"20140115"	"수"	"09"	"음식점-족발/보쌈전문"	"11"
"20140115"	"수"	"09"	"음식점-중국음식"	"160"
"20140115"	"수"	"09"	"치킨"	"9"
"20140115"	"수"	"09"	"피자"	"23"
"20140115"	"수"	"10"	"음식점-족발/보쌈전문"	"34"
"20140115"	"수"	"10"	"음식점-중국음식"	"457"
"20140115"	"수"	"10"	"치킨"	"28"
"20140115"	"수"	"10"	"피자"	"81"
"20140115"	"수"	"11"	"음식점-족발/보쌈전문"	"58"
"20140115"	"수"	"11"	"음식점-중국음식"	"1515"
"20140115"	"수"	"11"	"치킨"	"115"
"20140115"	"수"	"11"	"피자"	"253"
"20140115"	"수"	"12"	"음식점-족발/보쌈전문"	"64"
"20140115"	"수"	"12"	"음식점-중국음식"	"2282"
"20140115"	"수"	"12"	"치킨"	"267"
"20140115"	"수"	"12"	"피자"	"359"
"20140115"	"수"	"13"	"음식점-족발/보쌈전문"	"75"
"20140115"	"수"	"13"	"음식점-중국음식"	"1831"
"20140115"	"수"	"13"	"치킨"	"375"
"20140115"	"수"	"13"	"피자"	"282"
"20140115"	"수"	"14"	"음식점-족발/보쌈전문"	"66"
"20140115"	"수"	"14"	"음식점-중국음식"	"1269"
"20140115"	"수"	"14"	"치킨"	"352"
"20140115"	"수"	"14"	"피자"	"269"
"20140115"	"수"	"15"	"음식점-족발/보쌈전문"	"63"
"20140115"	"수"	"15"	"음식점-중국음식"	"1016"
"20140115"	"수"	"15"	"치킨"	"501"
"20140115"	"수"	"15"	"피자"	"294"
"20140115"	"수"	"16"	"음식점-족발/보쌈전문"	"93"
"20140115"	"수"	"16"	"음식점-중국음식"	"1005"
"20140115"	"수"	"16"	"치킨"	"650"
"20140115"	"수"	"16"	"피자"	"391"
"20140115"	"수"	"17"	"음식점-족발/보쌈전문"	"179"
"20140115"	"수"	"17"	"음식점-중국음식"	"1165"
"20140115"	"수"	"17"	"치킨"	"1113"
"20140115"	"수"	"17"	"피자"	"485"
"20140115"	"수"	"18"	"음식점-족발/보쌈전문"	"336"
"20140115"	"수"	"18"	"음식점-중국음식"	"1891"
"20140115"	"수"	"18"	"치킨"	"2105"
"20140115"	"수"	"18"	"피자"	"713"
"20140115"	"수"	"19"	"음식점-족발/보쌈전문"	"387"
"20140115"	"수"	"19"	"음식점-중국음식"	"1867"
"20140115"	"수"	"19"	"치킨"	"2572"
"20140115"	"수"	"19"	"피자"	"652"
"20140115"	"수"	"20"	"음식점-족발/보쌈전문"	"259"
"20140115"	"수"	"20"	"음식점-중국음식"	"1017"
"20140115"	"수"	"20"	"치킨"	"2345"
"20140115"	"수"	"20"	"피자"	"621"
"20140115"	"수"	"21"	"음식점-족발/보쌈전문"	"228"
"20140115"	"수"	"21"	"음식점-중국음식"	"392"
"20140115"	"수"	"21"	"치킨"	"2511"
"20140115"	"수"	"21"	"피자"	"578"
"20140115"	"수"	"22"	"음식점-족발/보쌈전문"	"172"
"20140115"	"수"	"22"	"음식점-중국음식"	"220"
"20140115"	"수"	"22"	"치킨"	"2355"
"20140115"	"수"	"22"	"피자"	"452"
"20140115"	"수"	"23"	"음식점-족발/보쌈전문"	"133"
"20140115"	"수"	"23"	"음식점-중국음식"	"183"
"20140115"	"수"	"23"	"치킨"	"1679"
"20140115"	"수"	"23"	"피자"	"153"
"20140116"	"목"	"00"	"음식점-족발/보쌈전문"	"48"
"20140116"	"목"	"00"	"음식점-중국음식"	"116"
"20140116"	"목"	"00"	"치킨"	"616"
"20140116"	"목"	"00"	"피자"	"34"
"20140116"	"목"	"01"	"음식점-족발/보쌈전문"	"20"
"20140116"	"목"	"01"	"음식점-중국음식"	"99"
"20140116"	"목"	"01"	"치킨"	"242"
"20140116"	"목"	"01"	"피자"	"8"
"20140116"	"목"	"02"	"음식점-족발/보쌈전문"	"21"
"20140116"	"목"	"02"	"음식점-중국음식"	"96"
"20140116"	"목"	"02"	"치킨"	"55"
"20140116"	"목"	"02"	"피자"	"12"
"20140116"	"목"	"03"	"음식점-족발/보쌈전문"	"12"
"20140116"	"목"	"03"	"음식점-중국음식"	"84"
"20140116"	"목"	"03"	"치킨"	"27"
"20140116"	"목"	"03"	"피자"	"8"
"20140116"	"목"	"04"	"음식점-족발/보쌈전문"	"7"
"20140116"	"목"	"04"	"음식점-중국음식"	"62"
"20140116"	"목"	"04"	"치킨"	"18"
"20140116"	"목"	"05"	"음식점-족발/보쌈전문"	"5"
"20140116"	"목"	"05"	"음식점-중국음식"	"51"
"20140116"	"목"	"05"	"치킨"	"13"
"20140116"	"목"	"06"	"음식점-족발/보쌈전문"	"6"
"20140116"	"목"	"06"	"음식점-중국음식"	"51"
"20140116"	"목"	"06"	"치킨"	"7"
"20140116"	"목"	"07"	"음식점-족발/보쌈전문"	"10"
"20140116"	"목"	"07"	"음식점-중국음식"	"41"
"20140116"	"목"	"08"	"음식점-족발/보쌈전문"	"9"
"20140116"	"목"	"08"	"음식점-중국음식"	"53"
"20140116"	"목"	"08"	"치킨"	"7"
"20140116"	"목"	"09"	"음식점-족발/보쌈전문"	"10"
"20140116"	"목"	"09"	"음식점-중국음식"	"146"
"20140116"	"목"	"09"	"치킨"	"14"
"20140116"	"목"	"09"	"피자"	"9"
"20140116"	"목"	"10"	"음식점-족발/보쌈전문"	"34"
"20140116"	"목"	"10"	"음식점-중국음식"	"449"
"20140116"	"목"	"10"	"치킨"	"27"
"20140116"	"목"	"10"	"피자"	"47"
"20140116"	"목"	"11"	"음식점-족발/보쌈전문"	"71"
"20140116"	"목"	"11"	"음식점-중국음식"	"1624"
"20140116"	"목"	"11"	"치킨"	"107"
"20140116"	"목"	"11"	"피자"	"230"
"20140116"	"목"	"12"	"음식점-족발/보쌈전문"	"75"
"20140116"	"목"	"12"	"음식점-중국음식"	"2405"
"20140116"	"목"	"12"	"치킨"	"249"
"20140116"	"목"	"12"	"피자"	"360"
"20140116"	"목"	"13"	"음식점-족발/보쌈전문"	"60"
"20140116"	"목"	"13"	"음식점-중국음식"	"1846"
"20140116"	"목"	"13"	"치킨"	"368"
"20140116"	"목"	"13"	"피자"	"310"
"20140116"	"목"	"14"	"음식점-족발/보쌈전문"	"87"
"20140116"	"목"	"14"	"음식점-중국음식"	"1252"
"20140116"	"목"	"14"	"치킨"	"390"
"20140116"	"목"	"14"	"피자"	"299"
"20140116"	"목"	"15"	"음식점-족발/보쌈전문"	"65"
"20140116"	"목"	"15"	"음식점-중국음식"	"1002"
"20140116"	"목"	"15"	"치킨"	"464"
"20140116"	"목"	"15"	"피자"	"293"
"20140116"	"목"	"16"	"음식점-족발/보쌈전문"	"117"
"20140116"	"목"	"16"	"음식점-중국음식"	"939"
"20140116"	"목"	"16"	"치킨"	"704"
"20140116"	"목"	"16"	"피자"	"391"
"20140116"	"목"	"17"	"음식점-족발/보쌈전문"	"208"
"20140116"	"목"	"17"	"음식점-중국음식"	"1274"
"20140116"	"목"	"17"	"치킨"	"1138"
"20140116"	"목"	"17"	"피자"	"483"
"20140116"	"목"	"18"	"음식점-족발/보쌈전문"	"351"
"20140116"	"목"	"18"	"음식점-중국음식"	"1792"
"20140116"	"목"	"18"	"치킨"	"2099"
"20140116"	"목"	"18"	"피자"	"696"
"20140116"	"목"	"19"	"음식점-족발/보쌈전문"	"391"
"20140116"	"목"	"19"	"음식점-중국음식"	"1646"
"20140116"	"목"	"19"	"치킨"	"2707"
"20140116"	"목"	"19"	"피자"	"654"
"20140116"	"목"	"20"	"음식점-족발/보쌈전문"	"285"
"20140116"	"목"	"20"	"음식점-중국음식"	"1003"
"20140116"	"목"	"20"	"치킨"	"2401"
"20140116"	"목"	"20"	"피자"	"635"
"20140116"	"목"	"21"	"음식점-족발/보쌈전문"	"204"
"20140116"	"목"	"21"	"음식점-중국음식"	"338"
"20140116"	"목"	"21"	"치킨"	"2578"
"20140116"	"목"	"21"	"피자"	"593"
"20140116"	"목"	"22"	"음식점-족발/보쌈전문"	"160"
"20140116"	"목"	"22"	"음식점-중국음식"	"221"
"20140116"	"목"	"22"	"치킨"	"2483"
"20140116"	"목"	"22"	"피자"	"420"
"20140116"	"목"	"23"	"음식점-족발/보쌈전문"	"120"
"20140116"	"목"	"23"	"음식점-중국음식"	"219"
"20140116"	"목"	"23"	"치킨"	"1742"
"20140116"	"목"	"23"	"피자"	"141"
"20140117"	"금"	"00"	"음식점-족발/보쌈전문"	"60"
"20140117"	"금"	"00"	"음식점-중국음식"	"136"
"20140117"	"금"	"00"	"치킨"	"690"
"20140117"	"금"	"00"	"피자"	"40"
"20140117"	"금"	"01"	"음식점-족발/보쌈전문"	"24"
"20140117"	"금"	"01"	"음식점-중국음식"	"125"
"20140117"	"금"	"01"	"치킨"	"194"
"20140117"	"금"	"01"	"피자"	"19"
"20140117"	"금"	"02"	"음식점-족발/보쌈전문"	"22"
"20140117"	"금"	"02"	"음식점-중국음식"	"117"
"20140117"	"금"	"02"	"치킨"	"88"
"20140117"	"금"	"02"	"피자"	"7"
"20140117"	"금"	"03"	"음식점-족발/보쌈전문"	"12"
"20140117"	"금"	"03"	"음식점-중국음식"	"85"
"20140117"	"금"	"03"	"치킨"	"33"
"20140117"	"금"	"04"	"음식점-중국음식"	"83"
"20140117"	"금"	"04"	"치킨"	"19"
"20140117"	"금"	"05"	"음식점-중국음식"	"57"
"20140117"	"금"	"05"	"치킨"	"9"
"20140117"	"금"	"06"	"음식점-중국음식"	"47"
"20140117"	"금"	"06"	"치킨"	"8"
"20140117"	"금"	"07"	"음식점-중국음식"	"43"
"20140117"	"금"	"08"	"음식점-족발/보쌈전문"	"10"
"20140117"	"금"	"08"	"음식점-중국음식"	"63"
"20140117"	"금"	"08"	"치킨"	"7"
"20140117"	"금"	"08"	"피자"	"5"
"20140117"	"금"	"09"	"음식점-족발/보쌈전문"	"13"
"20140117"	"금"	"09"	"음식점-중국음식"	"167"
"20140117"	"금"	"09"	"치킨"	"11"
"20140117"	"금"	"09"	"피자"	"15"
"20140117"	"금"	"10"	"음식점-족발/보쌈전문"	"34"
"20140117"	"금"	"10"	"음식점-중국음식"	"489"
"20140117"	"금"	"10"	"치킨"	"21"
"20140117"	"금"	"10"	"피자"	"86"
"20140117"	"금"	"11"	"음식점-족발/보쌈전문"	"67"
"20140117"	"금"	"11"	"음식점-중국음식"	"1627"
"20140117"	"금"	"11"	"치킨"	"124"
"20140117"	"금"	"11"	"피자"	"281"
"20140117"	"금"	"12"	"음식점-족발/보쌈전문"	"74"
"20140117"	"금"	"12"	"음식점-중국음식"	"2478"
"20140117"	"금"	"12"	"치킨"	"327"
"20140117"	"금"	"12"	"피자"	"346"
"20140117"	"금"	"13"	"음식점-족발/보쌈전문"	"63"
"20140117"	"금"	"13"	"음식점-중국음식"	"1990"
"20140117"	"금"	"13"	"치킨"	"340"
"20140117"	"금"	"13"	"피자"	"300"
"20140117"	"금"	"14"	"음식점-족발/보쌈전문"	"69"
"20140117"	"금"	"14"	"음식점-중국음식"	"1376"
"20140117"	"금"	"14"	"치킨"	"347"
"20140117"	"금"	"14"	"피자"	"285"
"20140117"	"금"	"15"	"음식점-족발/보쌈전문"	"82"
"20140117"	"금"	"15"	"음식점-중국음식"	"1032"
"20140117"	"금"	"15"	"치킨"	"505"
"20140117"	"금"	"15"	"피자"	"295"
"20140117"	"금"	"16"	"음식점-족발/보쌈전문"	"90"
"20140117"	"금"	"16"	"음식점-중국음식"	"923"
"20140117"	"금"	"16"	"치킨"	"649"
"20140117"	"금"	"16"	"피자"	"368"
"20140117"	"금"	"17"	"음식점-족발/보쌈전문"	"208"
"20140117"	"금"	"17"	"음식점-중국음식"	"1313"
"20140117"	"금"	"17"	"치킨"	"1217"
"20140117"	"금"	"17"	"피자"	"468"
"20140117"	"금"	"18"	"음식점-족발/보쌈전문"	"379"
"20140117"	"금"	"18"	"음식점-중국음식"	"1965"
"20140117"	"금"	"18"	"치킨"	"2319"
"20140117"	"금"	"18"	"피자"	"699"
"20140117"	"금"	"19"	"음식점-족발/보쌈전문"	"456"
"20140117"	"금"	"19"	"음식점-중국음식"	"1860"
"20140117"	"금"	"19"	"치킨"	"3064"
"20140117"	"금"	"19"	"피자"	"795"
"20140117"	"금"	"20"	"음식점-족발/보쌈전문"	"371"
"20140117"	"금"	"20"	"음식점-중국음식"	"1172"
"20140117"	"금"	"20"	"치킨"	"3207"
"20140117"	"금"	"20"	"피자"	"734"
"20140117"	"금"	"21"	"음식점-족발/보쌈전문"	"266"
"20140117"	"금"	"21"	"음식점-중국음식"	"424"
"20140117"	"금"	"21"	"치킨"	"3351"
"20140117"	"금"	"21"	"피자"	"671"
"20140117"	"금"	"22"	"음식점-족발/보쌈전문"	"252"
"20140117"	"금"	"22"	"음식점-중국음식"	"277"
"20140117"	"금"	"22"	"치킨"	"3415"
"20140117"	"금"	"22"	"피자"	"521"
"20140117"	"금"	"23"	"음식점-족발/보쌈전문"	"160"
"20140117"	"금"	"23"	"음식점-중국음식"	"194"
"20140117"	"금"	"23"	"치킨"	"2517"
"20140117"	"금"	"23"	"피자"	"174"
"20140118"	"토"	"00"	"음식점-족발/보쌈전문"	"82"
"20140118"	"토"	"00"	"음식점-중국음식"	"165"
"20140118"	"토"	"00"	"치킨"	"1083"
"20140118"	"토"	"00"	"피자"	"55"
"20140118"	"토"	"01"	"음식점-족발/보쌈전문"	"26"
"20140118"	"토"	"01"	"음식점-중국음식"	"151"
"20140118"	"토"	"01"	"치킨"	"358"
"20140118"	"토"	"01"	"피자"	"27"
"20140118"	"토"	"02"	"음식점-족발/보쌈전문"	"26"
"20140118"	"토"	"02"	"음식점-중국음식"	"130"
"20140118"	"토"	"02"	"치킨"	"125"
"20140118"	"토"	"02"	"피자"	"10"
"20140118"	"토"	"03"	"음식점-족발/보쌈전문"	"15"
"20140118"	"토"	"03"	"음식점-중국음식"	"124"
"20140118"	"토"	"03"	"치킨"	"54"
"20140118"	"토"	"03"	"피자"	"6"
"20140118"	"토"	"04"	"음식점-족발/보쌈전문"	"14"
"20140118"	"토"	"04"	"음식점-중국음식"	"93"
"20140118"	"토"	"04"	"치킨"	"21"
"20140118"	"토"	"05"	"음식점-족발/보쌈전문"	"6"
"20140118"	"토"	"05"	"음식점-중국음식"	"77"
"20140118"	"토"	"06"	"음식점-중국음식"	"63"
"20140118"	"토"	"07"	"음식점-족발/보쌈전문"	"8"
"20140118"	"토"	"07"	"음식점-중국음식"	"57"
"20140118"	"토"	"08"	"음식점-족발/보쌈전문"	"7"
"20140118"	"토"	"08"	"음식점-중국음식"	"88"
"20140118"	"토"	"08"	"치킨"	"8"
"20140118"	"토"	"09"	"음식점-족발/보쌈전문"	"17"
"20140118"	"토"	"09"	"음식점-중국음식"	"208"
"20140118"	"토"	"09"	"치킨"	"6"
"20140118"	"토"	"09"	"피자"	"7"
"20140118"	"토"	"10"	"음식점-족발/보쌈전문"	"27"
"20140118"	"토"	"10"	"음식점-중국음식"	"736"
"20140118"	"토"	"10"	"치킨"	"34"
"20140118"	"토"	"10"	"피자"	"73"
"20140118"	"토"	"11"	"음식점-족발/보쌈전문"	"69"
"20140118"	"토"	"11"	"음식점-중국음식"	"2182"
"20140118"	"토"	"11"	"치킨"	"146"
"20140118"	"토"	"11"	"피자"	"346"
"20140118"	"토"	"12"	"음식점-족발/보쌈전문"	"102"
"20140118"	"토"	"12"	"음식점-중국음식"	"3323"
"20140118"	"토"	"12"	"치킨"	"509"
"20140118"	"토"	"12"	"피자"	"500"
"20140118"	"토"	"13"	"음식점-족발/보쌈전문"	"118"
"20140118"	"토"	"13"	"음식점-중국음식"	"2971"
"20140118"	"토"	"13"	"치킨"	"596"
"20140118"	"토"	"13"	"피자"	"531"
"20140118"	"토"	"14"	"음식점-족발/보쌈전문"	"92"
"20140118"	"토"	"14"	"음식점-중국음식"	"2140"
"20140118"	"토"	"14"	"치킨"	"631"
"20140118"	"토"	"14"	"피자"	"470"
"20140118"	"토"	"15"	"음식점-족발/보쌈전문"	"116"
"20140118"	"토"	"15"	"음식점-중국음식"	"1560"
"20140118"	"토"	"15"	"치킨"	"787"
"20140118"	"토"	"15"	"피자"	"523"
"20140118"	"토"	"16"	"음식점-족발/보쌈전문"	"166"
"20140118"	"토"	"16"	"음식점-중국음식"	"1352"
"20140118"	"토"	"16"	"치킨"	"1104"
"20140118"	"토"	"16"	"피자"	"551"
"20140118"	"토"	"17"	"음식점-족발/보쌈전문"	"366"
"20140118"	"토"	"17"	"음식점-중국음식"	"1819"
"20140118"	"토"	"17"	"치킨"	"1989"
"20140118"	"토"	"17"	"피자"	"815"
"20140118"	"토"	"18"	"음식점-족발/보쌈전문"	"593"
"20140118"	"토"	"18"	"음식점-중국음식"	"2728"
"20140118"	"토"	"18"	"치킨"	"3606"
"20140118"	"토"	"18"	"피자"	"1131"
"20140118"	"토"	"19"	"음식점-족발/보쌈전문"	"534"
"20140118"	"토"	"19"	"음식점-중국음식"	"2156"
"20140118"	"토"	"19"	"치킨"	"3328"
"20140118"	"토"	"19"	"피자"	"1055"
"20140118"	"토"	"20"	"음식점-족발/보쌈전문"	"378"
"20140118"	"토"	"20"	"음식점-중국음식"	"1148"
"20140118"	"토"	"20"	"치킨"	"2929"
"20140118"	"토"	"20"	"피자"	"719"
"20140118"	"토"	"21"	"음식점-족발/보쌈전문"	"334"
"20140118"	"토"	"21"	"음식점-중국음식"	"413"
"20140118"	"토"	"21"	"치킨"	"3440"
"20140118"	"토"	"21"	"피자"	"810"
"20140118"	"토"	"22"	"음식점-족발/보쌈전문"	"255"
"20140118"	"토"	"22"	"음식점-중국음식"	"273"
"20140118"	"토"	"22"	"치킨"	"3361"
"20140118"	"토"	"22"	"피자"	"571"
"20140118"	"토"	"23"	"음식점-족발/보쌈전문"	"185"
"20140118"	"토"	"23"	"음식점-중국음식"	"211"
"20140118"	"토"	"23"	"치킨"	"2410"
"20140118"	"토"	"23"	"피자"	"203"
"20140119"	"일"	"00"	"음식점-족발/보쌈전문"	"103"
"20140119"	"일"	"00"	"음식점-중국음식"	"145"
"20140119"	"일"	"00"	"치킨"	"965"
"20140119"	"일"	"00"	"피자"	"55"
"20140119"	"일"	"01"	"음식점-족발/보쌈전문"	"52"
"20140119"	"일"	"01"	"음식점-중국음식"	"155"
"20140119"	"일"	"01"	"치킨"	"361"
"20140119"	"일"	"01"	"피자"	"19"
"20140119"	"일"	"02"	"음식점-족발/보쌈전문"	"26"
"20140119"	"일"	"02"	"음식점-중국음식"	"111"
"20140119"	"일"	"02"	"치킨"	"116"
"20140119"	"일"	"02"	"피자"	"23"
"20140119"	"일"	"03"	"음식점-족발/보쌈전문"	"13"
"20140119"	"일"	"03"	"음식점-중국음식"	"125"
"20140119"	"일"	"03"	"치킨"	"42"
"20140119"	"일"	"03"	"피자"	"8"
"20140119"	"일"	"04"	"음식점-족발/보쌈전문"	"5"
"20140119"	"일"	"04"	"음식점-중국음식"	"68"
"20140119"	"일"	"04"	"치킨"	"22"
"20140119"	"일"	"04"	"피자"	"7"
"20140119"	"일"	"05"	"음식점-중국음식"	"62"
"20140119"	"일"	"05"	"치킨"	"5"
"20140119"	"일"	"05"	"피자"	"6"
"20140119"	"일"	"06"	"음식점-중국음식"	"84"
"20140119"	"일"	"06"	"피자"	"6"
"20140119"	"일"	"07"	"음식점-중국음식"	"59"
"20140119"	"일"	"08"	"음식점-중국음식"	"63"
"20140119"	"일"	"08"	"피자"	"5"
"20140119"	"일"	"09"	"음식점-중국음식"	"167"
"20140119"	"일"	"09"	"피자"	"5"
"20140119"	"일"	"10"	"음식점-족발/보쌈전문"	"21"
"20140119"	"일"	"10"	"음식점-중국음식"	"703"
"20140119"	"일"	"10"	"치킨"	"18"
"20140119"	"일"	"10"	"피자"	"83"
"20140119"	"일"	"11"	"음식점-족발/보쌈전문"	"55"
"20140119"	"일"	"11"	"음식점-중국음식"	"2138"
"20140119"	"일"	"11"	"치킨"	"149"
"20140119"	"일"	"11"	"피자"	"313"
"20140119"	"일"	"12"	"음식점-족발/보쌈전문"	"88"
"20140119"	"일"	"12"	"음식점-중국음식"	"3135"
"20140119"	"일"	"12"	"치킨"	"529"
"20140119"	"일"	"12"	"피자"	"512"
"20140119"	"일"	"13"	"음식점-족발/보쌈전문"	"105"
"20140119"	"일"	"13"	"음식점-중국음식"	"2894"
"20140119"	"일"	"13"	"치킨"	"639"
"20140119"	"일"	"13"	"피자"	"601"
"20140119"	"일"	"14"	"음식점-족발/보쌈전문"	"101"
"20140119"	"일"	"14"	"음식점-중국음식"	"2254"
"20140119"	"일"	"14"	"치킨"	"799"
"20140119"	"일"	"14"	"피자"	"611"
"20140119"	"일"	"15"	"음식점-족발/보쌈전문"	"114"
"20140119"	"일"	"15"	"음식점-중국음식"	"1898"
"20140119"	"일"	"15"	"치킨"	"987"
"20140119"	"일"	"15"	"피자"	"577"
"20140119"	"일"	"16"	"음식점-족발/보쌈전문"	"191"
"20140119"	"일"	"16"	"음식점-중국음식"	"1630"
"20140119"	"일"	"16"	"치킨"	"1519"
"20140119"	"일"	"16"	"피자"	"790"
"20140119"	"일"	"17"	"음식점-족발/보쌈전문"	"384"
"20140119"	"일"	"17"	"음식점-중국음식"	"2214"
"20140119"	"일"	"17"	"치킨"	"2618"
"20140119"	"일"	"17"	"피자"	"1032"
"20140119"	"일"	"18"	"음식점-족발/보쌈전문"	"529"
"20140119"	"일"	"18"	"음식점-중국음식"	"2795"
"20140119"	"일"	"18"	"치킨"	"3479"
"20140119"	"일"	"18"	"피자"	"1199"
"20140119"	"일"	"19"	"음식점-족발/보쌈전문"	"433"
"20140119"	"일"	"19"	"음식점-중국음식"	"1877"
"20140119"	"일"	"19"	"치킨"	"2981"
"20140119"	"일"	"19"	"피자"	"940"
"20140119"	"일"	"20"	"음식점-족발/보쌈전문"	"243"
"20140119"	"일"	"20"	"음식점-중국음식"	"1020"
"20140119"	"일"	"20"	"치킨"	"2557"
"20140119"	"일"	"20"	"피자"	"754"
"20140119"	"일"	"21"	"음식점-족발/보쌈전문"	"246"
"20140119"	"일"	"21"	"음식점-중국음식"	"381"
"20140119"	"일"	"21"	"치킨"	"2882"
"20140119"	"일"	"21"	"피자"	"765"
"20140119"	"일"	"22"	"음식점-족발/보쌈전문"	"143"
"20140119"	"일"	"22"	"음식점-중국음식"	"194"
"20140119"	"일"	"22"	"치킨"	"2135"
"20140119"	"일"	"22"	"피자"	"461"
"20140119"	"일"	"23"	"음식점-족발/보쌈전문"	"92"
"20140119"	"일"	"23"	"음식점-중국음식"	"140"
"20140119"	"일"	"23"	"치킨"	"1396"
"20140119"	"일"	"23"	"피자"	"136"
"20140120"	"월"	"00"	"음식점-족발/보쌈전문"	"41"
"20140120"	"월"	"00"	"음식점-중국음식"	"132"
"20140120"	"월"	"00"	"치킨"	"593"
"20140120"	"월"	"00"	"피자"	"31"
"20140120"	"월"	"01"	"음식점-족발/보쌈전문"	"30"
"20140120"	"월"	"01"	"음식점-중국음식"	"112"
"20140120"	"월"	"01"	"치킨"	"195"
"20140120"	"월"	"01"	"피자"	"18"
"20140120"	"월"	"02"	"음식점-족발/보쌈전문"	"15"
"20140120"	"월"	"02"	"음식점-중국음식"	"94"
"20140120"	"월"	"02"	"치킨"	"60"
"20140120"	"월"	"02"	"피자"	"10"
"20140120"	"월"	"03"	"음식점-족발/보쌈전문"	"6"
"20140120"	"월"	"03"	"음식점-중국음식"	"78"
"20140120"	"월"	"03"	"치킨"	"29"
"20140120"	"월"	"03"	"피자"	"8"
"20140120"	"월"	"04"	"음식점-족발/보쌈전문"	"6"
"20140120"	"월"	"04"	"음식점-중국음식"	"65"
"20140120"	"월"	"04"	"치킨"	"14"
"20140120"	"월"	"05"	"음식점-중국음식"	"65"
"20140120"	"월"	"05"	"치킨"	"11"
"20140120"	"월"	"06"	"음식점-족발/보쌈전문"	"5"
"20140120"	"월"	"06"	"음식점-중국음식"	"53"
"20140120"	"월"	"07"	"음식점-족발/보쌈전문"	"12"
"20140120"	"월"	"07"	"음식점-중국음식"	"47"
"20140120"	"월"	"08"	"음식점-족발/보쌈전문"	"7"
"20140120"	"월"	"08"	"음식점-중국음식"	"56"
"20140120"	"월"	"08"	"치킨"	"6"
"20140120"	"월"	"09"	"음식점-족발/보쌈전문"	"12"
"20140120"	"월"	"09"	"음식점-중국음식"	"155"
"20140120"	"월"	"09"	"피자"	"9"
"20140120"	"월"	"10"	"음식점-족발/보쌈전문"	"20"
"20140120"	"월"	"10"	"음식점-중국음식"	"443"
"20140120"	"월"	"10"	"치킨"	"21"
"20140120"	"월"	"10"	"피자"	"47"
"20140120"	"월"	"11"	"음식점-족발/보쌈전문"	"49"
"20140120"	"월"	"11"	"음식점-중국음식"	"1358"
"20140120"	"월"	"11"	"치킨"	"72"
"20140120"	"월"	"11"	"피자"	"205"
"20140120"	"월"	"12"	"음식점-족발/보쌈전문"	"56"
"20140120"	"월"	"12"	"음식점-중국음식"	"2225"
"20140120"	"월"	"12"	"치킨"	"239"
"20140120"	"월"	"12"	"피자"	"288"
"20140120"	"월"	"13"	"음식점-족발/보쌈전문"	"80"
"20140120"	"월"	"13"	"음식점-중국음식"	"1973"
"20140120"	"월"	"13"	"치킨"	"283"
"20140120"	"월"	"13"	"피자"	"299"
"20140120"	"월"	"14"	"음식점-족발/보쌈전문"	"80"
"20140120"	"월"	"14"	"음식점-중국음식"	"1301"
"20140120"	"월"	"14"	"치킨"	"316"
"20140120"	"월"	"14"	"피자"	"280"
"20140120"	"월"	"15"	"음식점-족발/보쌈전문"	"57"
"20140120"	"월"	"15"	"음식점-중국음식"	"1016"
"20140120"	"월"	"15"	"치킨"	"479"
"20140120"	"월"	"15"	"피자"	"303"
"20140120"	"월"	"16"	"음식점-족발/보쌈전문"	"104"
"20140120"	"월"	"16"	"음식점-중국음식"	"955"
"20140120"	"월"	"16"	"치킨"	"777"
"20140120"	"월"	"16"	"피자"	"368"
"20140120"	"월"	"17"	"음식점-족발/보쌈전문"	"147"
"20140120"	"월"	"17"	"음식점-중국음식"	"1289"
"20140120"	"월"	"17"	"치킨"	"1091"
"20140120"	"월"	"17"	"피자"	"479"
"20140120"	"월"	"18"	"음식점-족발/보쌈전문"	"285"
"20140120"	"월"	"18"	"음식점-중국음식"	"1809"
"20140120"	"월"	"18"	"치킨"	"1846"
"20140120"	"월"	"18"	"피자"	"646"
"20140120"	"월"	"19"	"음식점-족발/보쌈전문"	"364"
"20140120"	"월"	"19"	"음식점-중국음식"	"1693"
"20140120"	"월"	"19"	"치킨"	"2322"
"20140120"	"월"	"19"	"피자"	"658"
"20140120"	"월"	"20"	"음식점-족발/보쌈전문"	"307"
"20140120"	"월"	"20"	"음식점-중국음식"	"1034"
"20140120"	"월"	"20"	"치킨"	"2282"
"20140120"	"월"	"20"	"피자"	"546"
"20140120"	"월"	"21"	"음식점-족발/보쌈전문"	"242"
"20140120"	"월"	"21"	"음식점-중국음식"	"382"
"20140120"	"월"	"21"	"치킨"	"2307"
"20140120"	"월"	"21"	"피자"	"507"
"20140120"	"월"	"22"	"음식점-족발/보쌈전문"	"193"
"20140120"	"월"	"22"	"음식점-중국음식"	"234"
"20140120"	"월"	"22"	"치킨"	"2129"
"20140120"	"월"	"22"	"피자"	"389"
"20140120"	"월"	"23"	"음식점-족발/보쌈전문"	"116"
"20140120"	"월"	"23"	"음식점-중국음식"	"164"
"20140120"	"월"	"23"	"치킨"	"1522"
"20140120"	"월"	"23"	"피자"	"130"
"20140121"	"화"	"00"	"음식점-족발/보쌈전문"	"80"
"20140121"	"화"	"00"	"음식점-중국음식"	"136"
"20140121"	"화"	"00"	"치킨"	"563"
"20140121"	"화"	"00"	"피자"	"34"
"20140121"	"화"	"01"	"음식점-족발/보쌈전문"	"35"
"20140121"	"화"	"01"	"음식점-중국음식"	"144"
"20140121"	"화"	"01"	"치킨"	"220"
"20140121"	"화"	"01"	"피자"	"14"
"20140121"	"화"	"02"	"음식점-족발/보쌈전문"	"13"
"20140121"	"화"	"02"	"음식점-중국음식"	"95"
"20140121"	"화"	"02"	"치킨"	"61"
"20140121"	"화"	"02"	"피자"	"13"
"20140121"	"화"	"03"	"음식점-족발/보쌈전문"	"10"
"20140121"	"화"	"03"	"음식점-중국음식"	"92"
"20140121"	"화"	"03"	"치킨"	"25"
"20140121"	"화"	"04"	"음식점-족발/보쌈전문"	"8"
"20140121"	"화"	"04"	"음식점-중국음식"	"94"
"20140121"	"화"	"04"	"치킨"	"21"
"20140121"	"화"	"05"	"음식점-중국음식"	"75"
"20140121"	"화"	"05"	"치킨"	"10"
"20140121"	"화"	"06"	"음식점-족발/보쌈전문"	"5"
"20140121"	"화"	"06"	"음식점-중국음식"	"56"
"20140121"	"화"	"07"	"음식점-족발/보쌈전문"	"6"
"20140121"	"화"	"07"	"음식점-중국음식"	"37"
"20140121"	"화"	"08"	"음식점-족발/보쌈전문"	"5"
"20140121"	"화"	"08"	"음식점-중국음식"	"49"
"20140121"	"화"	"09"	"음식점-족발/보쌈전문"	"14"
"20140121"	"화"	"09"	"음식점-중국음식"	"156"
"20140121"	"화"	"09"	"치킨"	"21"
"20140121"	"화"	"09"	"피자"	"13"
"20140121"	"화"	"10"	"음식점-족발/보쌈전문"	"26"
"20140121"	"화"	"10"	"음식점-중국음식"	"489"
"20140121"	"화"	"10"	"치킨"	"24"
"20140121"	"화"	"10"	"피자"	"63"
"20140121"	"화"	"11"	"음식점-족발/보쌈전문"	"55"
"20140121"	"화"	"11"	"음식점-중국음식"	"1594"
"20140121"	"화"	"11"	"치킨"	"100"
"20140121"	"화"	"11"	"피자"	"275"
"20140121"	"화"	"12"	"음식점-족발/보쌈전문"	"64"
"20140121"	"화"	"12"	"음식점-중국음식"	"2354"
"20140121"	"화"	"12"	"치킨"	"276"
"20140121"	"화"	"12"	"피자"	"297"
"20140121"	"화"	"13"	"음식점-족발/보쌈전문"	"72"
"20140121"	"화"	"13"	"음식점-중국음식"	"1849"
"20140121"	"화"	"13"	"치킨"	"341"
"20140121"	"화"	"13"	"피자"	"279"
"20140121"	"화"	"14"	"음식점-족발/보쌈전문"	"70"
"20140121"	"화"	"14"	"음식점-중국음식"	"1308"
"20140121"	"화"	"14"	"치킨"	"383"
"20140121"	"화"	"14"	"피자"	"278"
"20140121"	"화"	"15"	"음식점-족발/보쌈전문"	"74"
"20140121"	"화"	"15"	"음식점-중국음식"	"1031"
"20140121"	"화"	"15"	"치킨"	"447"
"20140121"	"화"	"15"	"피자"	"289"
"20140121"	"화"	"16"	"음식점-족발/보쌈전문"	"96"
"20140121"	"화"	"16"	"음식점-중국음식"	"1049"
"20140121"	"화"	"16"	"치킨"	"638"
"20140121"	"화"	"16"	"피자"	"359"
"20140121"	"화"	"17"	"음식점-족발/보쌈전문"	"170"
"20140121"	"화"	"17"	"음식점-중국음식"	"1210"
"20140121"	"화"	"17"	"치킨"	"1031"
"20140121"	"화"	"17"	"피자"	"439"
"20140121"	"화"	"18"	"음식점-족발/보쌈전문"	"316"
"20140121"	"화"	"18"	"음식점-중국음식"	"1828"
"20140121"	"화"	"18"	"치킨"	"1814"
"20140121"	"화"	"18"	"피자"	"649"
"20140121"	"화"	"19"	"음식점-족발/보쌈전문"	"399"
"20140121"	"화"	"19"	"음식점-중국음식"	"1780"
"20140121"	"화"	"19"	"치킨"	"2399"
"20140121"	"화"	"19"	"피자"	"694"
"20140121"	"화"	"20"	"음식점-족발/보쌈전문"	"302"
"20140121"	"화"	"20"	"음식점-중국음식"	"1072"
"20140121"	"화"	"20"	"치킨"	"2216"
"20140121"	"화"	"20"	"피자"	"578"
"20140121"	"화"	"21"	"음식점-족발/보쌈전문"	"237"
"20140121"	"화"	"21"	"음식점-중국음식"	"374"
"20140121"	"화"	"21"	"치킨"	"2274"
"20140121"	"화"	"21"	"피자"	"562"
"20140121"	"화"	"22"	"음식점-족발/보쌈전문"	"186"
"20140121"	"화"	"22"	"음식점-중국음식"	"225"
"20140121"	"화"	"22"	"치킨"	"2200"
"20140121"	"화"	"22"	"피자"	"370"
"20140121"	"화"	"23"	"음식점-족발/보쌈전문"	"123"
"20140121"	"화"	"23"	"음식점-중국음식"	"168"
"20140121"	"화"	"23"	"치킨"	"1431"
"20140121"	"화"	"23"	"피자"	"142"
"20140122"	"수"	"00"	"음식점-족발/보쌈전문"	"56"
"20140122"	"수"	"00"	"음식점-중국음식"	"133"
"20140122"	"수"	"00"	"치킨"	"581"
"20140122"	"수"	"00"	"피자"	"42"
"20140122"	"수"	"01"	"음식점-족발/보쌈전문"	"25"
"20140122"	"수"	"01"	"음식점-중국음식"	"124"
"20140122"	"수"	"01"	"치킨"	"195"
"20140122"	"수"	"01"	"피자"	"17"
"20140122"	"수"	"02"	"음식점-족발/보쌈전문"	"15"
"20140122"	"수"	"02"	"음식점-중국음식"	"105"
"20140122"	"수"	"02"	"치킨"	"64"
"20140122"	"수"	"02"	"피자"	"7"
"20140122"	"수"	"03"	"음식점-족발/보쌈전문"	"8"
"20140122"	"수"	"03"	"음식점-중국음식"	"82"
"20140122"	"수"	"03"	"치킨"	"33"
"20140122"	"수"	"03"	"피자"	"7"
"20140122"	"수"	"04"	"음식점-중국음식"	"73"
"20140122"	"수"	"04"	"치킨"	"13"
"20140122"	"수"	"05"	"음식점-족발/보쌈전문"	"5"
"20140122"	"수"	"05"	"음식점-중국음식"	"70"
"20140122"	"수"	"05"	"치킨"	"10"
"20140122"	"수"	"06"	"음식점-족발/보쌈전문"	"5"
"20140122"	"수"	"06"	"음식점-중국음식"	"57"
"20140122"	"수"	"07"	"음식점-족발/보쌈전문"	"8"
"20140122"	"수"	"07"	"음식점-중국음식"	"38"
"20140122"	"수"	"07"	"치킨"	"5"
"20140122"	"수"	"08"	"음식점-중국음식"	"54"
"20140122"	"수"	"08"	"치킨"	"8"
"20140122"	"수"	"09"	"음식점-족발/보쌈전문"	"14"
"20140122"	"수"	"09"	"음식점-중국음식"	"169"
"20140122"	"수"	"09"	"치킨"	"5"
"20140122"	"수"	"09"	"피자"	"12"
"20140122"	"수"	"10"	"음식점-족발/보쌈전문"	"23"
"20140122"	"수"	"10"	"음식점-중국음식"	"500"
"20140122"	"수"	"10"	"치킨"	"19"
"20140122"	"수"	"10"	"피자"	"76"
"20140122"	"수"	"11"	"음식점-족발/보쌈전문"	"58"
"20140122"	"수"	"11"	"음식점-중국음식"	"1624"
"20140122"	"수"	"11"	"치킨"	"109"
"20140122"	"수"	"11"	"피자"	"276"
"20140122"	"수"	"12"	"음식점-족발/보쌈전문"	"78"
"20140122"	"수"	"12"	"음식점-중국음식"	"2418"
"20140122"	"수"	"12"	"치킨"	"244"
"20140122"	"수"	"12"	"피자"	"354"
"20140122"	"수"	"13"	"음식점-족발/보쌈전문"	"71"
"20140122"	"수"	"13"	"음식점-중국음식"	"1923"
"20140122"	"수"	"13"	"치킨"	"292"
"20140122"	"수"	"13"	"피자"	"275"
"20140122"	"수"	"14"	"음식점-족발/보쌈전문"	"76"
"20140122"	"수"	"14"	"음식점-중국음식"	"1233"
"20140122"	"수"	"14"	"치킨"	"306"
"20140122"	"수"	"14"	"피자"	"293"
"20140122"	"수"	"15"	"음식점-족발/보쌈전문"	"75"
"20140122"	"수"	"15"	"음식점-중국음식"	"1011"
"20140122"	"수"	"15"	"치킨"	"406"
"20140122"	"수"	"15"	"피자"	"326"
"20140122"	"수"	"16"	"음식점-족발/보쌈전문"	"85"
"20140122"	"수"	"16"	"음식점-중국음식"	"902"
"20140122"	"수"	"16"	"치킨"	"566"
"20140122"	"수"	"16"	"피자"	"354"
"20140122"	"수"	"17"	"음식점-족발/보쌈전문"	"182"
"20140122"	"수"	"17"	"음식점-중국음식"	"1207"
"20140122"	"수"	"17"	"치킨"	"950"
"20140122"	"수"	"17"	"피자"	"497"
"20140122"	"수"	"18"	"음식점-족발/보쌈전문"	"314"
"20140122"	"수"	"18"	"음식점-중국음식"	"1866"
"20140122"	"수"	"18"	"치킨"	"1747"
"20140122"	"수"	"18"	"피자"	"676"
"20140122"	"수"	"19"	"음식점-족발/보쌈전문"	"399"
"20140122"	"수"	"19"	"음식점-중국음식"	"1908"
"20140122"	"수"	"19"	"치킨"	"2367"
"20140122"	"수"	"19"	"피자"	"711"
"20140122"	"수"	"20"	"음식점-족발/보쌈전문"	"306"
"20140122"	"수"	"20"	"음식점-중국음식"	"1052"
"20140122"	"수"	"20"	"치킨"	"2128"
"20140122"	"수"	"20"	"피자"	"638"
"20140122"	"수"	"21"	"음식점-족발/보쌈전문"	"211"
"20140122"	"수"	"21"	"음식점-중국음식"	"406"
"20140122"	"수"	"21"	"치킨"	"2410"
"20140122"	"수"	"21"	"피자"	"577"
"20140122"	"수"	"22"	"음식점-족발/보쌈전문"	"158"
"20140122"	"수"	"22"	"음식점-중국음식"	"188"
"20140122"	"수"	"22"	"치킨"	"2207"
"20140122"	"수"	"22"	"피자"	"401"
"20140122"	"수"	"23"	"음식점-족발/보쌈전문"	"104"
"20140122"	"수"	"23"	"음식점-중국음식"	"137"
"20140122"	"수"	"23"	"치킨"	"1434"
"20140122"	"수"	"23"	"피자"	"136"
"20140123"	"목"	"00"	"음식점-족발/보쌈전문"	"59"
"20140123"	"목"	"00"	"음식점-중국음식"	"128"
"20140123"	"목"	"00"	"치킨"	"580"
"20140123"	"목"	"00"	"피자"	"39"
"20140123"	"목"	"01"	"음식점-족발/보쌈전문"	"32"
"20140123"	"목"	"01"	"음식점-중국음식"	"152"
"20140123"	"목"	"01"	"치킨"	"195"
"20140123"	"목"	"01"	"피자"	"27"
"20140123"	"목"	"02"	"음식점-족발/보쌈전문"	"18"
"20140123"	"목"	"02"	"음식점-중국음식"	"115"
"20140123"	"목"	"02"	"치킨"	"75"
"20140123"	"목"	"02"	"피자"	"9"
"20140123"	"목"	"03"	"음식점-족발/보쌈전문"	"9"
"20140123"	"목"	"03"	"음식점-중국음식"	"92"
"20140123"	"목"	"03"	"치킨"	"34"
"20140123"	"목"	"03"	"피자"	"6"
"20140123"	"목"	"04"	"음식점-족발/보쌈전문"	"7"
"20140123"	"목"	"04"	"음식점-중국음식"	"73"
"20140123"	"목"	"04"	"치킨"	"15"
"20140123"	"목"	"05"	"음식점-족발/보쌈전문"	"7"
"20140123"	"목"	"05"	"음식점-중국음식"	"56"
"20140123"	"목"	"05"	"치킨"	"14"
"20140123"	"목"	"06"	"음식점-족발/보쌈전문"	"5"
"20140123"	"목"	"06"	"음식점-중국음식"	"38"
"20140123"	"목"	"06"	"치킨"	"7"
"20140123"	"목"	"07"	"음식점-족발/보쌈전문"	"10"
"20140123"	"목"	"07"	"음식점-중국음식"	"48"
"20140123"	"목"	"07"	"치킨"	"7"
"20140123"	"목"	"08"	"음식점-중국음식"	"51"
"20140123"	"목"	"09"	"음식점-족발/보쌈전문"	"9"
"20140123"	"목"	"09"	"음식점-중국음식"	"149"
"20140123"	"목"	"09"	"치킨"	"15"
"20140123"	"목"	"10"	"음식점-족발/보쌈전문"	"31"
"20140123"	"목"	"10"	"음식점-중국음식"	"494"
"20140123"	"목"	"10"	"치킨"	"32"
"20140123"	"목"	"10"	"피자"	"59"
"20140123"	"목"	"11"	"음식점-족발/보쌈전문"	"61"
"20140123"	"목"	"11"	"음식점-중국음식"	"1668"
"20140123"	"목"	"11"	"치킨"	"96"
"20140123"	"목"	"11"	"피자"	"237"
"20140123"	"목"	"12"	"음식점-족발/보쌈전문"	"65"
"20140123"	"목"	"12"	"음식점-중국음식"	"2426"
"20140123"	"목"	"12"	"치킨"	"271"
"20140123"	"목"	"12"	"피자"	"365"
"20140123"	"목"	"13"	"음식점-족발/보쌈전문"	"69"
"20140123"	"목"	"13"	"음식점-중국음식"	"1923"
"20140123"	"목"	"13"	"치킨"	"301"
"20140123"	"목"	"13"	"피자"	"338"
"20140123"	"목"	"14"	"음식점-족발/보쌈전문"	"71"
"20140123"	"목"	"14"	"음식점-중국음식"	"1267"
"20140123"	"목"	"14"	"치킨"	"336"
"20140123"	"목"	"14"	"피자"	"293"
"20140123"	"목"	"15"	"음식점-족발/보쌈전문"	"66"
"20140123"	"목"	"15"	"음식점-중국음식"	"1041"
"20140123"	"목"	"15"	"치킨"	"407"
"20140123"	"목"	"15"	"피자"	"319"
"20140123"	"목"	"16"	"음식점-족발/보쌈전문"	"97"
"20140123"	"목"	"16"	"음식점-중국음식"	"973"
"20140123"	"목"	"16"	"치킨"	"587"
"20140123"	"목"	"16"	"피자"	"356"
"20140123"	"목"	"17"	"음식점-족발/보쌈전문"	"175"
"20140123"	"목"	"17"	"음식점-중국음식"	"1227"
"20140123"	"목"	"17"	"치킨"	"895"
"20140123"	"목"	"17"	"피자"	"490"
"20140123"	"목"	"18"	"음식점-족발/보쌈전문"	"348"
"20140123"	"목"	"18"	"음식점-중국음식"	"1792"
"20140123"	"목"	"18"	"치킨"	"1833"
"20140123"	"목"	"18"	"피자"	"695"
"20140123"	"목"	"19"	"음식점-족발/보쌈전문"	"404"
"20140123"	"목"	"19"	"음식점-중국음식"	"1771"
"20140123"	"목"	"19"	"치킨"	"2392"
"20140123"	"목"	"19"	"피자"	"697"
"20140123"	"목"	"20"	"음식점-족발/보쌈전문"	"312"
"20140123"	"목"	"20"	"음식점-중국음식"	"1100"
"20140123"	"목"	"20"	"치킨"	"2273"
"20140123"	"목"	"20"	"피자"	"598"
"20140123"	"목"	"21"	"음식점-족발/보쌈전문"	"232"
"20140123"	"목"	"21"	"음식점-중국음식"	"413"
"20140123"	"목"	"21"	"치킨"	"2498"
"20140123"	"목"	"21"	"피자"	"608"
"20140123"	"목"	"22"	"음식점-족발/보쌈전문"	"194"
"20140123"	"목"	"22"	"음식점-중국음식"	"238"
"20140123"	"목"	"22"	"치킨"	"2316"
"20140123"	"목"	"22"	"피자"	"398"
"20140123"	"목"	"23"	"음식점-족발/보쌈전문"	"127"
"20140123"	"목"	"23"	"음식점-중국음식"	"148"
"20140123"	"목"	"23"	"치킨"	"1613"
"20140123"	"목"	"23"	"피자"	"112"
"20140124"	"금"	"00"	"음식점-족발/보쌈전문"	"67"
"20140124"	"금"	"00"	"음식점-중국음식"	"118"
"20140124"	"금"	"00"	"치킨"	"648"
"20140124"	"금"	"00"	"피자"	"46"
"20140124"	"금"	"01"	"음식점-족발/보쌈전문"	"21"
"20140124"	"금"	"01"	"음식점-중국음식"	"119"
"20140124"	"금"	"01"	"치킨"	"187"
"20140124"	"금"	"01"	"피자"	"14"
"20140124"	"금"	"02"	"음식점-족발/보쌈전문"	"17"
"20140124"	"금"	"02"	"음식점-중국음식"	"99"
"20140124"	"금"	"02"	"치킨"	"71"
"20140124"	"금"	"02"	"피자"	"7"
"20140124"	"금"	"03"	"음식점-족발/보쌈전문"	"12"
"20140124"	"금"	"03"	"음식점-중국음식"	"94"
"20140124"	"금"	"03"	"치킨"	"25"
"20140124"	"금"	"03"	"피자"	"6"
"20140124"	"금"	"04"	"음식점-족발/보쌈전문"	"5"
"20140124"	"금"	"04"	"음식점-중국음식"	"88"
"20140124"	"금"	"04"	"치킨"	"19"
"20140124"	"금"	"04"	"피자"	"6"
"20140124"	"금"	"05"	"음식점-중국음식"	"60"
"20140124"	"금"	"05"	"치킨"	"10"
"20140124"	"금"	"06"	"음식점-중국음식"	"48"
"20140124"	"금"	"06"	"치킨"	"8"
"20140124"	"금"	"07"	"음식점-족발/보쌈전문"	"7"
"20140124"	"금"	"07"	"음식점-중국음식"	"33"
"20140124"	"금"	"08"	"음식점-족발/보쌈전문"	"6"
"20140124"	"금"	"08"	"음식점-중국음식"	"47"
"20140124"	"금"	"08"	"치킨"	"6"
"20140124"	"금"	"08"	"피자"	"5"
"20140124"	"금"	"09"	"음식점-족발/보쌈전문"	"20"
"20140124"	"금"	"09"	"음식점-중국음식"	"163"
"20140124"	"금"	"09"	"치킨"	"7"
"20140124"	"금"	"09"	"피자"	"10"
"20140124"	"금"	"10"	"음식점-족발/보쌈전문"	"28"
"20140124"	"금"	"10"	"음식점-중국음식"	"468"
"20140124"	"금"	"10"	"치킨"	"28"
"20140124"	"금"	"10"	"피자"	"71"
"20140124"	"금"	"11"	"음식점-족발/보쌈전문"	"69"
"20140124"	"금"	"11"	"음식점-중국음식"	"1695"
"20140124"	"금"	"11"	"치킨"	"100"
"20140124"	"금"	"11"	"피자"	"270"
"20140124"	"금"	"12"	"음식점-족발/보쌈전문"	"66"
"20140124"	"금"	"12"	"음식점-중국음식"	"2555"
"20140124"	"금"	"12"	"치킨"	"250"
"20140124"	"금"	"12"	"피자"	"354"
"20140124"	"금"	"13"	"음식점-족발/보쌈전문"	"62"
"20140124"	"금"	"13"	"음식점-중국음식"	"1823"
"20140124"	"금"	"13"	"치킨"	"300"
"20140124"	"금"	"13"	"피자"	"320"
"20140124"	"금"	"14"	"음식점-족발/보쌈전문"	"59"
"20140124"	"금"	"14"	"음식점-중국음식"	"1320"
"20140124"	"금"	"14"	"치킨"	"334"
"20140124"	"금"	"14"	"피자"	"279"
"20140124"	"금"	"15"	"음식점-족발/보쌈전문"	"76"
"20140124"	"금"	"15"	"음식점-중국음식"	"1016"
"20140124"	"금"	"15"	"치킨"	"423"
"20140124"	"금"	"15"	"피자"	"276"
"20140124"	"금"	"16"	"음식점-족발/보쌈전문"	"102"
"20140124"	"금"	"16"	"음식점-중국음식"	"988"
"20140124"	"금"	"16"	"치킨"	"574"
"20140124"	"금"	"16"	"피자"	"332"
"20140124"	"금"	"17"	"음식점-족발/보쌈전문"	"182"
"20140124"	"금"	"17"	"음식점-중국음식"	"1308"
"20140124"	"금"	"17"	"치킨"	"1040"
"20140124"	"금"	"17"	"피자"	"517"
"20140124"	"금"	"18"	"음식점-족발/보쌈전문"	"386"
"20140124"	"금"	"18"	"음식점-중국음식"	"1876"
"20140124"	"금"	"18"	"치킨"	"2006"
"20140124"	"금"	"18"	"피자"	"778"
"20140124"	"금"	"19"	"음식점-족발/보쌈전문"	"491"
"20140124"	"금"	"19"	"음식점-중국음식"	"1908"
"20140124"	"금"	"19"	"치킨"	"2909"
"20140124"	"금"	"19"	"피자"	"802"
"20140124"	"금"	"20"	"음식점-족발/보쌈전문"	"402"
"20140124"	"금"	"20"	"음식점-중국음식"	"1249"
"20140124"	"금"	"20"	"치킨"	"2826"
"20140124"	"금"	"20"	"피자"	"692"
"20140124"	"금"	"21"	"음식점-족발/보쌈전문"	"326"
"20140124"	"금"	"21"	"음식점-중국음식"	"438"
"20140124"	"금"	"21"	"치킨"	"2951"
"20140124"	"금"	"21"	"피자"	"684"
"20140124"	"금"	"22"	"음식점-족발/보쌈전문"	"312"
"20140124"	"금"	"22"	"음식점-중국음식"	"229"
"20140124"	"금"	"22"	"치킨"	"3237"
"20140124"	"금"	"22"	"피자"	"540"
"20140124"	"금"	"23"	"음식점-족발/보쌈전문"	"164"
"20140124"	"금"	"23"	"음식점-중국음식"	"195"
"20140124"	"금"	"23"	"치킨"	"2311"
"20140124"	"금"	"23"	"피자"	"196"
"20140125"	"토"	"00"	"음식점-족발/보쌈전문"	"96"
"20140125"	"토"	"00"	"음식점-중국음식"	"166"
"20140125"	"토"	"00"	"치킨"	"979"
"20140125"	"토"	"00"	"피자"	"61"
"20140125"	"토"	"01"	"음식점-족발/보쌈전문"	"43"
"20140125"	"토"	"01"	"음식점-중국음식"	"150"
"20140125"	"토"	"01"	"치킨"	"391"
"20140125"	"토"	"01"	"피자"	"25"
"20140125"	"토"	"02"	"음식점-족발/보쌈전문"	"20"
"20140125"	"토"	"02"	"음식점-중국음식"	"140"
"20140125"	"토"	"02"	"치킨"	"135"
"20140125"	"토"	"02"	"피자"	"15"
"20140125"	"토"	"03"	"음식점-족발/보쌈전문"	"11"
"20140125"	"토"	"03"	"음식점-중국음식"	"116"
"20140125"	"토"	"03"	"치킨"	"51"
"20140125"	"토"	"03"	"피자"	"14"
"20140125"	"토"	"04"	"음식점-족발/보쌈전문"	"6"
"20140125"	"토"	"04"	"음식점-중국음식"	"94"
"20140125"	"토"	"04"	"치킨"	"20"
"20140125"	"토"	"04"	"피자"	"5"
"20140125"	"토"	"05"	"음식점-중국음식"	"75"
"20140125"	"토"	"05"	"치킨"	"5"
"20140125"	"토"	"06"	"음식점-족발/보쌈전문"	"7"
"20140125"	"토"	"06"	"음식점-중국음식"	"79"
"20140125"	"토"	"06"	"치킨"	"9"
"20140125"	"토"	"07"	"음식점-족발/보쌈전문"	"6"
"20140125"	"토"	"07"	"음식점-중국음식"	"77"
"20140125"	"토"	"07"	"치킨"	"5"
"20140125"	"토"	"08"	"음식점-족발/보쌈전문"	"6"
"20140125"	"토"	"08"	"음식점-중국음식"	"83"
"20140125"	"토"	"08"	"치킨"	"7"
"20140125"	"토"	"09"	"음식점-족발/보쌈전문"	"14"
"20140125"	"토"	"09"	"음식점-중국음식"	"150"
"20140125"	"토"	"09"	"치킨"	"8"
"20140125"	"토"	"09"	"피자"	"10"
"20140125"	"토"	"10"	"음식점-족발/보쌈전문"	"32"
"20140125"	"토"	"10"	"음식점-중국음식"	"607"
"20140125"	"토"	"10"	"치킨"	"26"
"20140125"	"토"	"10"	"피자"	"68"
"20140125"	"토"	"11"	"음식점-족발/보쌈전문"	"55"
"20140125"	"토"	"11"	"음식점-중국음식"	"2221"
"20140125"	"토"	"11"	"치킨"	"134"
"20140125"	"토"	"11"	"피자"	"331"
"20140125"	"토"	"12"	"음식점-족발/보쌈전문"	"89"
"20140125"	"토"	"12"	"음식점-중국음식"	"3635"
"20140125"	"토"	"12"	"치킨"	"506"
"20140125"	"토"	"12"	"피자"	"564"
"20140125"	"토"	"13"	"음식점-족발/보쌈전문"	"113"
"20140125"	"토"	"13"	"음식점-중국음식"	"3446"
"20140125"	"토"	"13"	"치킨"	"630"
"20140125"	"토"	"13"	"피자"	"580"
"20140125"	"토"	"14"	"음식점-족발/보쌈전문"	"109"
"20140125"	"토"	"14"	"음식점-중국음식"	"2369"
"20140125"	"토"	"14"	"치킨"	"700"
"20140125"	"토"	"14"	"피자"	"567"
"20140125"	"토"	"15"	"음식점-족발/보쌈전문"	"120"
"20140125"	"토"	"15"	"음식점-중국음식"	"1678"
"20140125"	"토"	"15"	"치킨"	"804"
"20140125"	"토"	"15"	"피자"	"536"
"20140125"	"토"	"16"	"음식점-족발/보쌈전문"	"190"
"20140125"	"토"	"16"	"음식점-중국음식"	"1434"
"20140125"	"토"	"16"	"치킨"	"1160"
"20140125"	"토"	"16"	"피자"	"616"
"20140125"	"토"	"17"	"음식점-족발/보쌈전문"	"381"
"20140125"	"토"	"17"	"음식점-중국음식"	"2117"
"20140125"	"토"	"17"	"치킨"	"2247"
"20140125"	"토"	"17"	"피자"	"892"
"20140125"	"토"	"18"	"음식점-족발/보쌈전문"	"526"
"20140125"	"토"	"18"	"음식점-중국음식"	"2766"
"20140125"	"토"	"18"	"치킨"	"3260"
"20140125"	"토"	"18"	"피자"	"1125"
"20140125"	"토"	"19"	"음식점-족발/보쌈전문"	"537"
"20140125"	"토"	"19"	"음식점-중국음식"	"1988"
"20140125"	"토"	"19"	"치킨"	"2913"
"20140125"	"토"	"19"	"피자"	"996"
"20140125"	"토"	"20"	"음식점-족발/보쌈전문"	"421"
"20140125"	"토"	"20"	"음식점-중국음식"	"1582"
"20140125"	"토"	"20"	"치킨"	"2707"
"20140125"	"토"	"20"	"피자"	"830"
"20140125"	"토"	"21"	"음식점-족발/보쌈전문"	"359"
"20140125"	"토"	"21"	"음식점-중국음식"	"476"
"20140125"	"토"	"21"	"치킨"	"3003"
"20140125"	"토"	"21"	"피자"	"798"
"20140125"	"토"	"22"	"음식점-족발/보쌈전문"	"272"
"20140125"	"토"	"22"	"음식점-중국음식"	"258"
"20140125"	"토"	"22"	"치킨"	"2919"
"20140125"	"토"	"22"	"피자"	"597"
"20140125"	"토"	"23"	"음식점-족발/보쌈전문"	"188"
"20140125"	"토"	"23"	"음식점-중국음식"	"207"
"20140125"	"토"	"23"	"치킨"	"2201"
"20140125"	"토"	"23"	"피자"	"227"
"20140126"	"일"	"00"	"음식점-족발/보쌈전문"	"86"
"20140126"	"일"	"00"	"음식점-중국음식"	"172"
"20140126"	"일"	"00"	"치킨"	"956"
"20140126"	"일"	"00"	"피자"	"55"
"20140126"	"일"	"01"	"음식점-족발/보쌈전문"	"32"
"20140126"	"일"	"01"	"음식점-중국음식"	"154"
"20140126"	"일"	"01"	"치킨"	"364"
"20140126"	"일"	"01"	"피자"	"21"
"20140126"	"일"	"02"	"음식점-족발/보쌈전문"	"19"
"20140126"	"일"	"02"	"음식점-중국음식"	"103"
"20140126"	"일"	"02"	"치킨"	"107"
"20140126"	"일"	"02"	"피자"	"7"
"20140126"	"일"	"03"	"음식점-족발/보쌈전문"	"19"
"20140126"	"일"	"03"	"음식점-중국음식"	"90"
"20140126"	"일"	"03"	"치킨"	"32"
"20140126"	"일"	"03"	"피자"	"8"
"20140126"	"일"	"04"	"음식점-중국음식"	"80"
"20140126"	"일"	"04"	"치킨"	"14"
"20140126"	"일"	"05"	"음식점-중국음식"	"72"
"20140126"	"일"	"05"	"피자"	"7"
"20140126"	"일"	"06"	"음식점-중국음식"	"58"
"20140126"	"일"	"07"	"음식점-중국음식"	"51"
"20140126"	"일"	"08"	"음식점-중국음식"	"71"
"20140126"	"일"	"09"	"음식점-족발/보쌈전문"	"10"
"20140126"	"일"	"09"	"음식점-중국음식"	"191"
"20140126"	"일"	"09"	"피자"	"26"
"20140126"	"일"	"10"	"음식점-족발/보쌈전문"	"29"
"20140126"	"일"	"10"	"음식점-중국음식"	"708"
"20140126"	"일"	"10"	"치킨"	"21"
"20140126"	"일"	"10"	"피자"	"89"
"20140126"	"일"	"11"	"음식점-족발/보쌈전문"	"54"
"20140126"	"일"	"11"	"음식점-중국음식"	"1973"
"20140126"	"일"	"11"	"치킨"	"149"
"20140126"	"일"	"11"	"피자"	"356"
"20140126"	"일"	"12"	"음식점-족발/보쌈전문"	"101"
"20140126"	"일"	"12"	"음식점-중국음식"	"3227"
"20140126"	"일"	"12"	"치킨"	"448"
"20140126"	"일"	"12"	"피자"	"596"
"20140126"	"일"	"13"	"음식점-족발/보쌈전문"	"89"
"20140126"	"일"	"13"	"음식점-중국음식"	"3096"
"20140126"	"일"	"13"	"치킨"	"610"
"20140126"	"일"	"13"	"피자"	"647"
"20140126"	"일"	"14"	"음식점-족발/보쌈전문"	"84"
"20140126"	"일"	"14"	"음식점-중국음식"	"2103"
"20140126"	"일"	"14"	"치킨"	"649"
"20140126"	"일"	"14"	"피자"	"654"
"20140126"	"일"	"15"	"음식점-족발/보쌈전문"	"110"
"20140126"	"일"	"15"	"음식점-중국음식"	"1823"
"20140126"	"일"	"15"	"치킨"	"829"
"20140126"	"일"	"15"	"피자"	"688"
"20140126"	"일"	"16"	"음식점-족발/보쌈전문"	"169"
"20140126"	"일"	"16"	"음식점-중국음식"	"1683"
"20140126"	"일"	"16"	"치킨"	"1258"
"20140126"	"일"	"16"	"피자"	"839"
"20140126"	"일"	"17"	"음식점-족발/보쌈전문"	"356"
"20140126"	"일"	"17"	"음식점-중국음식"	"2190"
"20140126"	"일"	"17"	"치킨"	"2034"
"20140126"	"일"	"17"	"피자"	"1005"
"20140126"	"일"	"18"	"음식점-족발/보쌈전문"	"553"
"20140126"	"일"	"18"	"음식점-중국음식"	"2942"
"20140126"	"일"	"18"	"치킨"	"2991"
"20140126"	"일"	"18"	"피자"	"1243"
"20140126"	"일"	"19"	"음식점-족발/보쌈전문"	"377"
"20140126"	"일"	"19"	"음식점-중국음식"	"2120"
"20140126"	"일"	"19"	"치킨"	"2601"
"20140126"	"일"	"19"	"피자"	"1035"
"20140126"	"일"	"20"	"음식점-족발/보쌈전문"	"274"
"20140126"	"일"	"20"	"음식점-중국음식"	"1086"
"20140126"	"일"	"20"	"치킨"	"2223"
"20140126"	"일"	"20"	"피자"	"848"
"20140126"	"일"	"21"	"음식점-족발/보쌈전문"	"215"
"20140126"	"일"	"21"	"음식점-중국음식"	"475"
"20140126"	"일"	"21"	"치킨"	"2320"
"20140126"	"일"	"21"	"피자"	"778"
"20140126"	"일"	"22"	"음식점-족발/보쌈전문"	"147"
"20140126"	"일"	"22"	"음식점-중국음식"	"213"
"20140126"	"일"	"22"	"치킨"	"1819"
"20140126"	"일"	"22"	"피자"	"464"
"20140126"	"일"	"23"	"음식점-족발/보쌈전문"	"96"
"20140126"	"일"	"23"	"음식점-중국음식"	"143"
"20140126"	"일"	"23"	"치킨"	"1243"
"20140126"	"일"	"23"	"피자"	"128"
"20140127"	"월"	"00"	"음식점-족발/보쌈전문"	"46"
"20140127"	"월"	"00"	"음식점-중국음식"	"145"
"20140127"	"월"	"00"	"치킨"	"490"
"20140127"	"월"	"00"	"피자"	"33"
"20140127"	"월"	"01"	"음식점-족발/보쌈전문"	"33"
"20140127"	"월"	"01"	"음식점-중국음식"	"117"
"20140127"	"월"	"01"	"치킨"	"154"
"20140127"	"월"	"01"	"피자"	"15"
"20140127"	"월"	"02"	"음식점-족발/보쌈전문"	"13"
"20140127"	"월"	"02"	"음식점-중국음식"	"95"
"20140127"	"월"	"02"	"치킨"	"61"
"20140127"	"월"	"02"	"피자"	"9"
"20140127"	"월"	"03"	"음식점-족발/보쌈전문"	"6"
"20140127"	"월"	"03"	"음식점-중국음식"	"82"
"20140127"	"월"	"03"	"치킨"	"21"
"20140127"	"월"	"04"	"음식점-중국음식"	"79"
"20140127"	"월"	"04"	"치킨"	"14"
"20140127"	"월"	"05"	"음식점-중국음식"	"49"
"20140127"	"월"	"05"	"치킨"	"7"
"20140127"	"월"	"06"	"음식점-족발/보쌈전문"	"5"
"20140127"	"월"	"06"	"음식점-중국음식"	"33"
"20140127"	"월"	"07"	"음식점-족발/보쌈전문"	"9"
"20140127"	"월"	"07"	"음식점-중국음식"	"34"
"20140127"	"월"	"08"	"음식점-족발/보쌈전문"	"7"
"20140127"	"월"	"08"	"음식점-중국음식"	"65"
"20140127"	"월"	"08"	"치킨"	"5"
"20140127"	"월"	"09"	"음식점-족발/보쌈전문"	"15"
"20140127"	"월"	"09"	"음식점-중국음식"	"139"
"20140127"	"월"	"09"	"치킨"	"11"
"20140127"	"월"	"09"	"피자"	"10"
"20140127"	"월"	"10"	"음식점-족발/보쌈전문"	"27"
"20140127"	"월"	"10"	"음식점-중국음식"	"452"
"20140127"	"월"	"10"	"치킨"	"34"
"20140127"	"월"	"10"	"피자"	"55"
"20140127"	"월"	"11"	"음식점-족발/보쌈전문"	"54"
"20140127"	"월"	"11"	"음식점-중국음식"	"1420"
"20140127"	"월"	"11"	"치킨"	"68"
"20140127"	"월"	"11"	"피자"	"209"
"20140127"	"월"	"12"	"음식점-족발/보쌈전문"	"59"
"20140127"	"월"	"12"	"음식점-중국음식"	"2145"
"20140127"	"월"	"12"	"치킨"	"203"
"20140127"	"월"	"12"	"피자"	"239"
"20140127"	"월"	"13"	"음식점-족발/보쌈전문"	"56"
"20140127"	"월"	"13"	"음식점-중국음식"	"1733"
"20140127"	"월"	"13"	"치킨"	"238"
"20140127"	"월"	"13"	"피자"	"249"
"20140127"	"월"	"14"	"음식점-족발/보쌈전문"	"76"
"20140127"	"월"	"14"	"음식점-중국음식"	"1204"
"20140127"	"월"	"14"	"치킨"	"294"
"20140127"	"월"	"14"	"피자"	"277"
"20140127"	"월"	"15"	"음식점-족발/보쌈전문"	"63"
"20140127"	"월"	"15"	"음식점-중국음식"	"911"
"20140127"	"월"	"15"	"치킨"	"366"
"20140127"	"월"	"15"	"피자"	"259"
"20140127"	"월"	"16"	"음식점-족발/보쌈전문"	"76"
"20140127"	"월"	"16"	"음식점-중국음식"	"930"
"20140127"	"월"	"16"	"치킨"	"491"
"20140127"	"월"	"16"	"피자"	"345"
"20140127"	"월"	"17"	"음식점-족발/보쌈전문"	"156"
"20140127"	"월"	"17"	"음식점-중국음식"	"1111"
"20140127"	"월"	"17"	"치킨"	"724"
"20140127"	"월"	"17"	"피자"	"406"
"20140127"	"월"	"18"	"음식점-족발/보쌈전문"	"258"
"20140127"	"월"	"18"	"음식점-중국음식"	"1714"
"20140127"	"월"	"18"	"치킨"	"1260"
"20140127"	"월"	"18"	"피자"	"520"
"20140127"	"월"	"19"	"음식점-족발/보쌈전문"	"295"
"20140127"	"월"	"19"	"음식점-중국음식"	"2159"
"20140127"	"월"	"19"	"치킨"	"1675"
"20140127"	"월"	"19"	"피자"	"609"
"20140127"	"월"	"20"	"음식점-족발/보쌈전문"	"246"
"20140127"	"월"	"20"	"음식점-중국음식"	"1127"
"20140127"	"월"	"20"	"치킨"	"1611"
"20140127"	"월"	"20"	"피자"	"496"
"20140127"	"월"	"21"	"음식점-족발/보쌈전문"	"222"
"20140127"	"월"	"21"	"음식점-중국음식"	"409"
"20140127"	"월"	"21"	"치킨"	"1753"
"20140127"	"월"	"21"	"피자"	"478"
"20140127"	"월"	"22"	"음식점-족발/보쌈전문"	"161"
"20140127"	"월"	"22"	"음식점-중국음식"	"224"
"20140127"	"월"	"22"	"치킨"	"1758"
"20140127"	"월"	"22"	"피자"	"399"
"20140127"	"월"	"23"	"음식점-족발/보쌈전문"	"91"
"20140127"	"월"	"23"	"음식점-중국음식"	"164"
"20140127"	"월"	"23"	"치킨"	"1238"
"20140127"	"월"	"23"	"피자"	"118"
"20140128"	"화"	"00"	"음식점-족발/보쌈전문"	"62"
"20140128"	"화"	"00"	"음식점-중국음식"	"120"
"20140128"	"화"	"00"	"치킨"	"494"
"20140128"	"화"	"00"	"피자"	"41"
"20140128"	"화"	"01"	"음식점-족발/보쌈전문"	"33"
"20140128"	"화"	"01"	"음식점-중국음식"	"135"
"20140128"	"화"	"01"	"치킨"	"171"
"20140128"	"화"	"01"	"피자"	"12"
"20140128"	"화"	"02"	"음식점-족발/보쌈전문"	"19"
"20140128"	"화"	"02"	"음식점-중국음식"	"95"
"20140128"	"화"	"02"	"치킨"	"62"
"20140128"	"화"	"02"	"피자"	"10"
"20140128"	"화"	"03"	"음식점-족발/보쌈전문"	"9"
"20140128"	"화"	"03"	"음식점-중국음식"	"114"
"20140128"	"화"	"03"	"치킨"	"24"
"20140128"	"화"	"03"	"피자"	"8"
"20140128"	"화"	"04"	"음식점-족발/보쌈전문"	"8"
"20140128"	"화"	"04"	"음식점-중국음식"	"79"
"20140128"	"화"	"04"	"치킨"	"20"
"20140128"	"화"	"05"	"음식점-족발/보쌈전문"	"7"
"20140128"	"화"	"05"	"음식점-중국음식"	"55"
"20140128"	"화"	"05"	"치킨"	"7"
"20140128"	"화"	"05"	"피자"	"5"
"20140128"	"화"	"06"	"음식점-족발/보쌈전문"	"5"
"20140128"	"화"	"06"	"음식점-중국음식"	"48"
"20140128"	"화"	"06"	"치킨"	"7"
"20140128"	"화"	"07"	"음식점-족발/보쌈전문"	"5"
"20140128"	"화"	"07"	"음식점-중국음식"	"41"
"20140128"	"화"	"08"	"음식점-족발/보쌈전문"	"9"
"20140128"	"화"	"08"	"음식점-중국음식"	"53"
"20140128"	"화"	"08"	"치킨"	"9"
"20140128"	"화"	"09"	"음식점-족발/보쌈전문"	"11"
"20140128"	"화"	"09"	"음식점-중국음식"	"171"
"20140128"	"화"	"09"	"치킨"	"18"
"20140128"	"화"	"09"	"피자"	"8"
"20140128"	"화"	"10"	"음식점-족발/보쌈전문"	"37"
"20140128"	"화"	"10"	"음식점-중국음식"	"486"
"20140128"	"화"	"10"	"치킨"	"31"
"20140128"	"화"	"10"	"피자"	"65"
"20140128"	"화"	"11"	"음식점-족발/보쌈전문"	"51"
"20140128"	"화"	"11"	"음식점-중국음식"	"1554"
"20140128"	"화"	"11"	"치킨"	"87"
"20140128"	"화"	"11"	"피자"	"190"
"20140128"	"화"	"12"	"음식점-족발/보쌈전문"	"65"
"20140128"	"화"	"12"	"음식점-중국음식"	"2427"
"20140128"	"화"	"12"	"치킨"	"190"
"20140128"	"화"	"12"	"피자"	"278"
"20140128"	"화"	"13"	"음식점-족발/보쌈전문"	"71"
"20140128"	"화"	"13"	"음식점-중국음식"	"1838"
"20140128"	"화"	"13"	"치킨"	"257"
"20140128"	"화"	"13"	"피자"	"286"
"20140128"	"화"	"14"	"음식점-족발/보쌈전문"	"60"
"20140128"	"화"	"14"	"음식점-중국음식"	"1258"
"20140128"	"화"	"14"	"치킨"	"289"
"20140128"	"화"	"14"	"피자"	"284"
"20140128"	"화"	"15"	"음식점-족발/보쌈전문"	"67"
"20140128"	"화"	"15"	"음식점-중국음식"	"1032"
"20140128"	"화"	"15"	"치킨"	"390"
"20140128"	"화"	"15"	"피자"	"300"
"20140128"	"화"	"16"	"음식점-족발/보쌈전문"	"107"
"20140128"	"화"	"16"	"음식점-중국음식"	"928"
"20140128"	"화"	"16"	"치킨"	"505"
"20140128"	"화"	"16"	"피자"	"375"
"20140128"	"화"	"17"	"음식점-족발/보쌈전문"	"164"
"20140128"	"화"	"17"	"음식점-중국음식"	"1262"
"20140128"	"화"	"17"	"치킨"	"790"
"20140128"	"화"	"17"	"피자"	"439"
"20140128"	"화"	"18"	"음식점-족발/보쌈전문"	"285"
"20140128"	"화"	"18"	"음식점-중국음식"	"1915"
"20140128"	"화"	"18"	"치킨"	"1433"
"20140128"	"화"	"18"	"피자"	"624"
"20140128"	"화"	"19"	"음식점-족발/보쌈전문"	"372"
"20140128"	"화"	"19"	"음식점-중국음식"	"2023"
"20140128"	"화"	"19"	"치킨"	"1993"
"20140128"	"화"	"19"	"피자"	"687"
"20140128"	"화"	"20"	"음식점-족발/보쌈전문"	"340"
"20140128"	"화"	"20"	"음식점-중국음식"	"1210"
"20140128"	"화"	"20"	"치킨"	"1969"
"20140128"	"화"	"20"	"피자"	"618"
"20140128"	"화"	"21"	"음식점-족발/보쌈전문"	"260"
"20140128"	"화"	"21"	"음식점-중국음식"	"495"
"20140128"	"화"	"21"	"치킨"	"2161"
"20140128"	"화"	"21"	"피자"	"612"
"20140128"	"화"	"22"	"음식점-족발/보쌈전문"	"228"
"20140128"	"화"	"22"	"음식점-중국음식"	"258"
"20140128"	"화"	"22"	"치킨"	"2057"
"20140128"	"화"	"22"	"피자"	"402"
"20140128"	"화"	"23"	"음식점-족발/보쌈전문"	"146"
"20140128"	"화"	"23"	"음식점-중국음식"	"202"
"20140128"	"화"	"23"	"치킨"	"1418"
"20140128"	"화"	"23"	"피자"	"134"
"20140129"	"수"	"00"	"음식점-족발/보쌈전문"	"91"
"20140129"	"수"	"00"	"음식점-중국음식"	"150"
"20140129"	"수"	"00"	"치킨"	"618"
"20140129"	"수"	"00"	"피자"	"47"
"20140129"	"수"	"01"	"음식점-족발/보쌈전문"	"36"
"20140129"	"수"	"01"	"음식점-중국음식"	"122"
"20140129"	"수"	"01"	"치킨"	"224"
"20140129"	"수"	"01"	"피자"	"17"
"20140129"	"수"	"02"	"음식점-족발/보쌈전문"	"22"
"20140129"	"수"	"02"	"음식점-중국음식"	"126"
"20140129"	"수"	"02"	"치킨"	"59"
"20140129"	"수"	"02"	"피자"	"13"
"20140129"	"수"	"03"	"음식점-족발/보쌈전문"	"10"
"20140129"	"수"	"03"	"음식점-중국음식"	"96"
"20140129"	"수"	"03"	"치킨"	"42"
"20140129"	"수"	"03"	"피자"	"5"
"20140129"	"수"	"04"	"음식점-족발/보쌈전문"	"6"
"20140129"	"수"	"04"	"음식점-중국음식"	"74"
"20140129"	"수"	"04"	"치킨"	"16"
"20140129"	"수"	"04"	"피자"	"10"
"20140129"	"수"	"05"	"음식점-중국음식"	"50"
"20140129"	"수"	"05"	"치킨"	"8"
"20140129"	"수"	"06"	"음식점-족발/보쌈전문"	"5"
"20140129"	"수"	"06"	"음식점-중국음식"	"53"
"20140129"	"수"	"07"	"음식점-족발/보쌈전문"	"11"
"20140129"	"수"	"07"	"음식점-중국음식"	"43"
"20140129"	"수"	"08"	"음식점-족발/보쌈전문"	"12"
"20140129"	"수"	"08"	"음식점-중국음식"	"59"
"20140129"	"수"	"09"	"음식점-족발/보쌈전문"	"20"
"20140129"	"수"	"09"	"음식점-중국음식"	"186"
"20140129"	"수"	"09"	"치킨"	"8"
"20140129"	"수"	"09"	"피자"	"11"
"20140129"	"수"	"10"	"음식점-족발/보쌈전문"	"21"
"20140129"	"수"	"10"	"음식점-중국음식"	"558"
"20140129"	"수"	"10"	"치킨"	"20"
"20140129"	"수"	"10"	"피자"	"65"
"20140129"	"수"	"11"	"음식점-족발/보쌈전문"	"72"
"20140129"	"수"	"11"	"음식점-중국음식"	"1673"
"20140129"	"수"	"11"	"치킨"	"75"
"20140129"	"수"	"11"	"피자"	"218"
"20140129"	"수"	"12"	"음식점-족발/보쌈전문"	"68"
"20140129"	"수"	"12"	"음식점-중국음식"	"2614"
"20140129"	"수"	"12"	"치킨"	"215"
"20140129"	"수"	"12"	"피자"	"308"
"20140129"	"수"	"13"	"음식점-족발/보쌈전문"	"72"
"20140129"	"수"	"13"	"음식점-중국음식"	"2182"
"20140129"	"수"	"13"	"치킨"	"293"
"20140129"	"수"	"13"	"피자"	"310"
"20140129"	"수"	"14"	"음식점-족발/보쌈전문"	"83"
"20140129"	"수"	"14"	"음식점-중국음식"	"1502"
"20140129"	"수"	"14"	"치킨"	"324"
"20140129"	"수"	"14"	"피자"	"321"
"20140129"	"수"	"15"	"음식점-족발/보쌈전문"	"92"
"20140129"	"수"	"15"	"음식점-중국음식"	"1192"
"20140129"	"수"	"15"	"치킨"	"394"
"20140129"	"수"	"15"	"피자"	"369"
"20140129"	"수"	"16"	"음식점-족발/보쌈전문"	"127"
"20140129"	"수"	"16"	"음식점-중국음식"	"1120"
"20140129"	"수"	"16"	"치킨"	"583"
"20140129"	"수"	"16"	"피자"	"398"
"20140129"	"수"	"17"	"음식점-족발/보쌈전문"	"205"
"20140129"	"수"	"17"	"음식점-중국음식"	"1412"
"20140129"	"수"	"17"	"치킨"	"1068"
"20140129"	"수"	"17"	"피자"	"568"
"20140129"	"수"	"18"	"음식점-족발/보쌈전문"	"403"
"20140129"	"수"	"18"	"음식점-중국음식"	"2197"
"20140129"	"수"	"18"	"치킨"	"1878"
"20140129"	"수"	"18"	"피자"	"777"
"20140129"	"수"	"19"	"음식점-족발/보쌈전문"	"474"
"20140129"	"수"	"19"	"음식점-중국음식"	"2060"
"20140129"	"수"	"19"	"치킨"	"2301"
"20140129"	"수"	"19"	"피자"	"779"
"20140129"	"수"	"20"	"음식점-족발/보쌈전문"	"374"
"20140129"	"수"	"20"	"음식점-중국음식"	"1170"
"20140129"	"수"	"20"	"치킨"	"2171"
"20140129"	"수"	"20"	"피자"	"683"
"20140129"	"수"	"21"	"음식점-족발/보쌈전문"	"336"
"20140129"	"수"	"21"	"음식점-중국음식"	"467"
"20140129"	"수"	"21"	"치킨"	"2489"
"20140129"	"수"	"21"	"피자"	"647"
"20140129"	"수"	"22"	"음식점-족발/보쌈전문"	"264"
"20140129"	"수"	"22"	"음식점-중국음식"	"252"
"20140129"	"수"	"22"	"치킨"	"2307"
"20140129"	"수"	"22"	"피자"	"497"
"20140129"	"수"	"23"	"음식점-족발/보쌈전문"	"175"
"20140129"	"수"	"23"	"음식점-중국음식"	"193"
"20140129"	"수"	"23"	"치킨"	"1770"
"20140129"	"수"	"23"	"피자"	"170"
"20140130"	"목"	"00"	"음식점-족발/보쌈전문"	"87"
"20140130"	"목"	"00"	"음식점-중국음식"	"156"
"20140130"	"목"	"00"	"치킨"	"827"
"20140130"	"목"	"00"	"피자"	"54"
"20140130"	"목"	"01"	"음식점-족발/보쌈전문"	"41"
"20140130"	"목"	"01"	"음식점-중국음식"	"133"
"20140130"	"목"	"01"	"치킨"	"256"
"20140130"	"목"	"01"	"피자"	"25"
"20140130"	"목"	"02"	"음식점-족발/보쌈전문"	"13"
"20140130"	"목"	"02"	"음식점-중국음식"	"139"
"20140130"	"목"	"02"	"치킨"	"89"
"20140130"	"목"	"02"	"피자"	"13"
"20140130"	"목"	"03"	"음식점-족발/보쌈전문"	"15"
"20140130"	"목"	"03"	"음식점-중국음식"	"123"
"20140130"	"목"	"03"	"치킨"	"36"
"20140130"	"목"	"03"	"피자"	"6"
"20140130"	"목"	"04"	"음식점-중국음식"	"66"
"20140130"	"목"	"04"	"치킨"	"13"
"20140130"	"목"	"05"	"음식점-족발/보쌈전문"	"6"
"20140130"	"목"	"05"	"음식점-중국음식"	"51"
"20140130"	"목"	"06"	"음식점-족발/보쌈전문"	"8"
"20140130"	"목"	"06"	"음식점-중국음식"	"60"
"20140130"	"목"	"06"	"치킨"	"5"
"20140130"	"목"	"07"	"음식점-족발/보쌈전문"	"8"
"20140130"	"목"	"07"	"음식점-중국음식"	"43"
"20140130"	"목"	"08"	"음식점-족발/보쌈전문"	"5"
"20140130"	"목"	"08"	"음식점-중국음식"	"63"
"20140130"	"목"	"09"	"음식점-족발/보쌈전문"	"9"
"20140130"	"목"	"09"	"음식점-중국음식"	"123"
"20140130"	"목"	"09"	"치킨"	"5"
"20140130"	"목"	"09"	"피자"	"6"
"20140130"	"목"	"10"	"음식점-족발/보쌈전문"	"26"
"20140130"	"목"	"10"	"음식점-중국음식"	"333"
"20140130"	"목"	"10"	"치킨"	"15"
"20140130"	"목"	"10"	"피자"	"45"
"20140130"	"목"	"11"	"음식점-족발/보쌈전문"	"51"
"20140130"	"목"	"11"	"음식점-중국음식"	"1074"
"20140130"	"목"	"11"	"치킨"	"80"
"20140130"	"목"	"11"	"피자"	"214"
"20140130"	"목"	"12"	"음식점-족발/보쌈전문"	"43"
"20140130"	"목"	"12"	"음식점-중국음식"	"1778"
"20140130"	"목"	"12"	"치킨"	"271"
"20140130"	"목"	"12"	"피자"	"315"
"20140130"	"목"	"13"	"음식점-족발/보쌈전문"	"62"
"20140130"	"목"	"13"	"음식점-중국음식"	"1705"
"20140130"	"목"	"13"	"치킨"	"290"
"20140130"	"목"	"13"	"피자"	"371"
"20140130"	"목"	"14"	"음식점-족발/보쌈전문"	"74"
"20140130"	"목"	"14"	"음식점-중국음식"	"1165"
"20140130"	"목"	"14"	"치킨"	"344"
"20140130"	"목"	"14"	"피자"	"306"
"20140130"	"목"	"15"	"음식점-족발/보쌈전문"	"74"
"20140130"	"목"	"15"	"음식점-중국음식"	"894"
"20140130"	"목"	"15"	"치킨"	"378"
"20140130"	"목"	"15"	"피자"	"324"
"20140130"	"목"	"16"	"음식점-족발/보쌈전문"	"93"
"20140130"	"목"	"16"	"음식점-중국음식"	"673"
"20140130"	"목"	"16"	"치킨"	"555"
"20140130"	"목"	"16"	"피자"	"317"
"20140130"	"목"	"17"	"음식점-족발/보쌈전문"	"172"
"20140130"	"목"	"17"	"음식점-중국음식"	"727"
"20140130"	"목"	"17"	"치킨"	"727"
"20140130"	"목"	"17"	"피자"	"347"
"20140130"	"목"	"18"	"음식점-족발/보쌈전문"	"196"
"20140130"	"목"	"18"	"음식점-중국음식"	"856"
"20140130"	"목"	"18"	"치킨"	"1142"
"20140130"	"목"	"18"	"피자"	"424"
"20140130"	"목"	"19"	"음식점-족발/보쌈전문"	"214"
"20140130"	"목"	"19"	"음식점-중국음식"	"617"
"20140130"	"목"	"19"	"치킨"	"1300"
"20140130"	"목"	"19"	"피자"	"431"
"20140130"	"목"	"20"	"음식점-족발/보쌈전문"	"161"
"20140130"	"목"	"20"	"음식점-중국음식"	"300"
"20140130"	"목"	"20"	"치킨"	"1393"
"20140130"	"목"	"20"	"피자"	"382"
"20140130"	"목"	"21"	"음식점-족발/보쌈전문"	"108"
"20140130"	"목"	"21"	"음식점-중국음식"	"116"
"20140130"	"목"	"21"	"치킨"	"1425"
"20140130"	"목"	"21"	"피자"	"334"
"20140130"	"목"	"22"	"음식점-족발/보쌈전문"	"121"
"20140130"	"목"	"22"	"음식점-중국음식"	"68"
"20140130"	"목"	"22"	"치킨"	"1365"
"20140130"	"목"	"22"	"피자"	"251"
"20140130"	"목"	"23"	"음식점-족발/보쌈전문"	"87"
"20140130"	"목"	"23"	"음식점-중국음식"	"44"
"20140130"	"목"	"23"	"치킨"	"1004"
"20140130"	"목"	"23"	"피자"	"77"
"20140131"	"금"	"00"	"음식점-족발/보쌈전문"	"24"
"20140131"	"금"	"00"	"음식점-중국음식"	"35"
"20140131"	"금"	"00"	"치킨"	"425"
"20140131"	"금"	"00"	"피자"	"25"
"20140131"	"금"	"01"	"음식점-족발/보쌈전문"	"13"
"20140131"	"금"	"01"	"음식점-중국음식"	"39"
"20140131"	"금"	"01"	"치킨"	"117"
"20140131"	"금"	"01"	"피자"	"9"
"20140131"	"금"	"02"	"음식점-족발/보쌈전문"	"6"
"20140131"	"금"	"02"	"음식점-중국음식"	"24"
"20140131"	"금"	"02"	"치킨"	"33"
"20140131"	"금"	"03"	"음식점-중국음식"	"12"
"20140131"	"금"	"03"	"치킨"	"5"
"20140131"	"금"	"04"	"음식점-중국음식"	"9"
"20140131"	"금"	"05"	"음식점-중국음식"	"11"
"20140131"	"금"	"08"	"음식점-중국음식"	"7"
"20140131"	"금"	"09"	"음식점-중국음식"	"20"
"20140131"	"금"	"10"	"음식점-중국음식"	"37"
"20140131"	"금"	"10"	"치킨"	"5"
"20140131"	"금"	"10"	"피자"	"17"
"20140131"	"금"	"11"	"음식점-족발/보쌈전문"	"6"
"20140131"	"금"	"11"	"음식점-중국음식"	"115"
"20140131"	"금"	"11"	"치킨"	"17"
"20140131"	"금"	"11"	"피자"	"61"
"20140131"	"금"	"12"	"음식점-족발/보쌈전문"	"16"
"20140131"	"금"	"12"	"음식점-중국음식"	"114"
"20140131"	"금"	"12"	"치킨"	"64"
"20140131"	"금"	"12"	"피자"	"165"
"20140131"	"금"	"13"	"음식점-족발/보쌈전문"	"17"
"20140131"	"금"	"13"	"음식점-중국음식"	"104"
"20140131"	"금"	"13"	"치킨"	"85"
"20140131"	"금"	"13"	"피자"	"202"
"20140131"	"금"	"14"	"음식점-족발/보쌈전문"	"19"
"20140131"	"금"	"14"	"음식점-중국음식"	"115"
"20140131"	"금"	"14"	"치킨"	"141"
"20140131"	"금"	"14"	"피자"	"216"
"20140131"	"금"	"15"	"음식점-족발/보쌈전문"	"28"
"20140131"	"금"	"15"	"음식점-중국음식"	"136"
"20140131"	"금"	"15"	"치킨"	"264"
"20140131"	"금"	"15"	"피자"	"231"
"20140131"	"금"	"16"	"음식점-족발/보쌈전문"	"52"
"20140131"	"금"	"16"	"음식점-중국음식"	"145"
"20140131"	"금"	"16"	"치킨"	"341"
"20140131"	"금"	"16"	"피자"	"242"
"20140131"	"금"	"17"	"음식점-족발/보쌈전문"	"81"
"20140131"	"금"	"17"	"음식점-중국음식"	"172"
"20140131"	"금"	"17"	"치킨"	"602"
"20140131"	"금"	"17"	"피자"	"391"
"20140131"	"금"	"18"	"음식점-족발/보쌈전문"	"100"
"20140131"	"금"	"18"	"음식점-중국음식"	"193"
"20140131"	"금"	"18"	"치킨"	"1014"
"20140131"	"금"	"18"	"피자"	"538"
"20140131"	"금"	"19"	"음식점-족발/보쌈전문"	"116"
"20140131"	"금"	"19"	"음식점-중국음식"	"130"
"20140131"	"금"	"19"	"치킨"	"1146"
"20140131"	"금"	"19"	"피자"	"492"
"20140131"	"금"	"20"	"음식점-족발/보쌈전문"	"96"
"20140131"	"금"	"20"	"음식점-중국음식"	"97"
"20140131"	"금"	"20"	"치킨"	"1206"
"20140131"	"금"	"20"	"피자"	"470"
"20140131"	"금"	"21"	"음식점-족발/보쌈전문"	"80"
"20140131"	"금"	"21"	"음식점-중국음식"	"60"
"20140131"	"금"	"21"	"치킨"	"1457"
"20140131"	"금"	"21"	"피자"	"381"
"20140131"	"금"	"22"	"음식점-족발/보쌈전문"	"56"
"20140131"	"금"	"22"	"음식점-중국음식"	"29"
"20140131"	"금"	"22"	"치킨"	"1350"
"20140131"	"금"	"22"	"피자"	"215"
"20140131"	"금"	"23"	"음식점-족발/보쌈전문"	"40"
"20140131"	"금"	"23"	"음식점-중국음식"	"28"
"20140131"	"금"	"23"	"치킨"	"1033"
"20140131"	"금"	"23"	"피자"	"72"
