1231	토요타 PRIUS	한국토요타자동차㈜	휘발유	1798	1397	무단변속	29.2	-	1	80	991,197
1230	렉서스 CT200h	한국토요타자동차㈜	휘발유	1798	1455	무단변속	25.4	-	1	92	1,139,486
1229	CIVIC HYBRID	혼다코리아(주)	휘발유	1497	1300	무단변속	24.7	-	1	95	1,171,779
1228	BMW 320d ED	BMW코리아㈜	경유	1995	1425	자동6	23.8	-	1	113	1,105,979
1227	토요타 CAMRY Hybrid	한국토요타자동차㈜	휘발유	2494	1600	무단변속	23.6	-	1	99	1,226,396
1226	엑센트 1.6디젤	현대자동차㈜	경유	1582	1155	수동6	23.5	-	1	114	1,120,098
1225	엑센트 1.6디젤(5DR)	현대자동차㈜	경유	1582	1160	수동6	23.5	-	1	114	1,120,098
1224	INSIGHT	혼다코리아(주)	휘발유	1339	1240	무단변속	23.5	-	1	99	1,231,615
1223	i30 1.6디젤	현대자동차㈜	경유	1582	1275	수동6	23	-	1	117	1,144,448
1222	INSIGHT	혼다코리아(주)	휘발유	1339	1240	무단변속	23	-	1	102	1,258,389
1221	푸조 508 1.6 e-HDi	한불모터스(주)	경유	1560	1410	자동6	22.6	-	1	119	1,164,704
1220	푸조 308 1.6 e-HDi	한불모터스(주)	경유	1560	1350	자동6	22.6	-	1	119	1,164,704
1219	Jetta 1.6 TDI Blue Motion	아우디폭스바겐코리아(주)	경유	1598	1464	자동7	22.2	-	1	121	1,185,689
1218	BMW 320d	BMW코리아㈜	경유	1995	1430	자동6	22.1	-	1	121	1,191,054
1217	모닝 1.0가솔린(밴)	기아자동차㈜	휘발유	998	875	수동5	22	-	경형	106	1,315,589
1216	i30 1.6디젤 Wagon	현대자동차㈜	경유	1582	1367	수동6	22	-	1	122	1,196,468
1215	i30 1.6디젤	현대자동차㈜	경유	1582	1321	수동6	22	-	1	122	1,196,468
1214	모닝 1.0가솔린	기아자동차㈜	휘발유	998	880	수동5	22	-	경형	106	1,315,589
1213	Golf 1.6 TDI Blue Motion	아우디폭스바겐코리아(주)	경유	1598	1430	자동7	21.9	-	1	122	1,201,932
1212	3008 1.6 HDi MCP E5	한불모터스(주)	경유	1560	1445	자동6	21.2	-	1	127	1,241,618
1211	푸조 3008 1.6 e-HDi	한불모터스(주)	경유	1560	1445	자동6	21.2	-	1	127	1,241,618
1210	푸조 308SW 1.6 e-HDi	한불모터스(주)	경유	1560	1430	자동6	21.2	-	1	127	1,241,618
1209	푸조 508SW 1.6 e-HDi	한불모터스(주)	경유	1560	1445	자동6	21.2	-	1	127	1,241,618
1208	308 1.6 HDi MCP E5	한불모터스(주)	경유	1560	1400	자동6	21.2	-	1	127	1,241,618
1207	308SW 1.6 HDi MCP E5	한불모터스(주)	경유	1560	1430	자동6	21.2	-	1	127	1,241,618
1206	K5 2.0하이브리드	기아자동차㈜	휘발유	1999	1570	자동6	21	-	1	111	1,378,236
1205	쏘나타 2.0하이브리드	현대자동차㈜	휘발유	1999	1560	자동6	21	-	1	111	1,378,236
1204	스파크 1.0 DOHC MT	한국지엠주식회사	휘발유	995	895	수동5	21	-	경형	111	1,378,236
1203	스파크밴 1.0 DOHC MT	한국지엠주식회사	휘발유	995	895	수동5	21	-	경형	111	1,378,236
1202	CR-Z	혼다코리아(주)	휘발유	1497	1215	무단변속	20.6	-	1	114	1,404,998
1201	MINI Cooper D	BMW코리아㈜	경유	1995	1120	자동6	20.5	-	1	131	1,284,015
1200	DS3 1.4 e-HDi	한불모터스(주)	경유	1398	1190	자동5	20.2	-	1	93	1,303,084
1199	코란도C 2.0DI CDPF 2WD 수동 6단 ECO	쌍용자동차㈜	경유	1998	1580	수동6	20.1	-	1	134	1,309,567
1198	엑센트 1.6디젤(5DR)	현대자동차㈜	경유	1582	1170	자동4	20	-	1	135	1,316,115
1197	i30 1.6디젤	현대자동차㈜	경유	1582	1290	자동6	20	-	1	134	1,316,115
1196	엑센트 1.6디젤	현대자동차㈜	경유	1582	1165	자동4	20	-	1	135	1,316,115
1195	MINI Cooper SD	BMW코리아㈜	경유	1995	1170	자동6	19.9	-	1	135	1,322,729
1194	BMW 520d	BMW코리아㈜	경유	1995	1625	자동8	19.9	-	1	135	1,322,729
1193	토요타 CAMRY Hybrid	한국토요타자동차㈜	휘발유	2362	1669	무단변속	19.7	-	1	119	1,469,185
1192	크루즈 2.0 디젤 MT	한국지엠주식회사	경유	1998	1465	수동6	19.7	-	1	136	1,336,157
1191	3008 1.6 HDi MCP	한불모터스(주)	경유	1560	1415	자동6	19.5	-	1	138	1,349,862
1190	엑센트 1.6디젤_신연비	현대자동차㈜	경유	1582	1155	수동6	19.2	-	1	99	1,370,953
1189	엑센트 1.6디젤(5DR)_신연비	현대자동차㈜	경유	1582	1160	수동6	19.2	-	1	99	1,370,953
1188	Jetta 1.6 TDI Blue Motion	아우디폭스바겐코리아(주)	경유	1598	1464	자동7	19.1	-	1	100	1,378,131
1187	DS3 1.6 e-HDi	한불모터스(주)	경유	1560	1205	자동6	19	-	1	100	1,385,384
1186	모닝 1.0가솔린	기아자동차㈜	휘발유	998	900	자동4	19	-	경형	123	1,523,313
1185	모닝 1.0가솔린(밴)	기아자동차㈜	휘발유	998	895	자동4	19	-	경형	123	1,523,313
1184	Golf 1.6 TDI Blue Motion	아우디폭스바겐코리아(주)	경유	1598	1430	자동7	18.9	-	1	101	1,392,714
1183	CIVIC HYBRID	혼다코리아(주)	휘발유	1497	1315	무단변속	18.9	-	1	87	1,531,373
1182	푸조 208 1.6 e-HDi 5D	한불모터스(주)	경유	1560	1090	자동6	18.8	-	1	102	1,400,122
1181	푸조 208 1.6 e-HDi 3D	한불모터스(주)	경유	1560	1090	자동6	18.8	-	1	102	1,400,122
1180	BMW 1 Series Urban	BMW코리아㈜	경유	1995	1345	자동8	18.7	-	1	102	1,407,610
1179	BMW 1 Series Sport	BMW코리아㈜	경유	1995	1365	자동8	18.5	-	1	103	1,422,827
1178	푸조 308 1.6 e-HDi	한불모터스(주)	경유	1560	1350	자동6	18.4	-	1	104	1,430,560
1177	Polo 1.6 TDI	아우디폭스바겐코리아(주)	경유	1598	1225	자동7	18.3	-	1	104	1,438,377
1176	코란도C 2.0DI CDPF 4WD 수동 6단 ECO	쌍용자동차㈜	경유	1998	1720	수동6	18.3	-	1	147	1,438,377
1175	프라이드 1.6GDI(5DR)	기아자동차㈜	휘발유	1591	1070	수동6	18.2	-	1	129	1,590,272
1174	엑센트 1.6GDI	현대자동차㈜	휘발유	1591	1055	수동6	18.2	-	1	128	1,590,272
1173	프라이드 1.6GDI	기아자동차㈜	휘발유	1591	1076	수동6	18.2	-	1	129	1,590,272
1172	엑센트 1.6GDI(5DR)	현대자동차㈜	휘발유	1591	1060	수동6	18.2	-	1	128	1,590,272
1171	i30 1.6디젤 Wagon	현대자동차㈜	경유	1582	1374	자동4	18.1	-	1	148	1,454,271
1170	i30 1.6디젤	현대자동차㈜	경유	1582	1328	자동4	18.1	-	1	148	1,454,271
1169	Tiguan 2.0 TDI Blue Motion	아우디폭스바겐코리아(주)	경유	1968	1769	자동7	18.1	-	1	148	1,454,271
1168	엑센트 1.4가솔린(5DR)	현대자동차㈜	휘발유	1396	1040	수동5	18	-	1	130	1,607,942
1167	프라이드 1.4가솔린	기아자동차㈜	휘발유	1396	1056	수동6	18	-	1	130	1,607,942
1166	쏘울 1.6디젤	기아자동차㈜	경유	1582	1285	자동6	18	-	1	149	1,462,350
1165	Jetta 2.0 TDI	아우디폭스바겐코리아(주)	경유	1968	1516	자동6	18	-	1	149	1,462,350
1164	A200 CDI	메르세데스-벤츠코리아(주)	경유	1796	1475	자동7	18	-	1	107	1,462,350
1163	i40 1.7디젤(세단)	현대자동차㈜	경유	1685	1515	자동6	18	-	1	149	1,462,350
1162	i40 1.7디젤(왜건)	현대자동차㈜	경유	1685	1530	자동6	18	-	1	149	1,462,350
1161	프라이드 1.4가솔린(5DR)	기아자동차㈜	휘발유	1396	1050	수동6	18	-	1	130	1,607,942
1160	엑센트 1.4가솔린	현대자동차㈜	휘발유	1396	1035	수동5	18	-	1	130	1,607,942
1159	Golf 2.0 TDI	아우디폭스바겐코리아(주)	경유	1968	1531	자동6	17.9	-	1	150	1,470,520
1158	i30 1.6디젤	현대자동차㈜	경유	1582	1275	수동6	17.9	-	1	107	1,470,520
1157	모닝 1.0 Bi-fuel LPI	기아자동차㈜	LPG	998	925	수동5	17.8	-	경형	99	926,343
1156	Golf GTD	아우디폭스바겐코리아(주)	경유	1968	1495	자동6	17.8	-	1	152	1,478,781
1155	아반떼 1.6LPI 하이브리드	현대자동차㈜	LPG	1591	1297	무단변속	17.8	-	1	99	926,343
1154	포르테 1.6LPI 하이브리드	기아자동차㈜	LPG	1591	1297	무단변속	17.8	-	1	99	926,343
1153	엑센트 1.6GDI(5DR) ISG(고급형)	현대자동차㈜	휘발유	1591	1090	자동6	17.7	-	1	132	1,635,195
1152	프라이드 1.6GDI(5DR) ISG(고급형)	기아자동차㈜	휘발유	1591	1103	자동6	17.7	-	1	133	1,635,195
1151	프라이드 1.6GDI ISG(고급형)	기아자동차㈜	휘발유	1591	1109	자동6	17.7	-	1	133	1,635,195
1150	엑센트 1.6GDI ISG(고급형)	현대자동차㈜	휘발유	1591	1085	자동6	17.7	-	1	132	1,635,195
1149	아베오 1.6 MT	한국지엠주식회사	휘발유	1598	1180	수동5	17.6	-	1	133	1,644,486
1148	코란도C 2.0DI CDPF 2WD	쌍용자동차㈜	경유	1998	1570	수동6	17.6	-	1	153	1,495,585
1147	시트로엥 DS4 1.6 e-HDi	한불모터스(주)	경유	1560	1355	자동6	17.6	-	1	109	1,495,585
1146	포르테 1.6GDI(4DR) ISG(고급형)	기아자동차㈜	휘발유	1591	1190	자동6	17.5	-	1	134	1,653,883
1145	BMW 320d Touring	BMW코리아㈜	경유	1995	1535	자동8	17.5	-	1	110	1,504,131
1144	포르테 1.6GDI(4DR)	기아자동차㈜	휘발유	1591	1173	수동6	17.5	-	1	134	1,653,883
1143	아반떼 1.6GDI ISG(고급형)	현대자동차㈜	휘발유	1591	1190	자동6	17.5	-	1	134	1,653,883
1142	쏘울 1.6디젤	기아자동차㈜	경유	1582	1285	자동4	17.5	-	1	154	1,504,131
1141	아반떼 1.6GDI	현대자동차㈜	휘발유	1591	1160	수동6	17.5	-	1	134	1,653,883
1140	투싼 2.0디젤 2WD	현대자동차㈜	경유	1995	1515	수동6	17.4	-	1	155	1,512,776
1139	스포티지 2.0디젤	기아자동차㈜	경유	1995	1515	수동6	17.4	-	1	155	1,512,776
1138	올란도2.0 디젤 MT	한국지엠주식회사	경유	1998	1695	수동6	17.4	-	1	154	1,512,776
1137	i30 1.6GDI ISG(고급형)	현대자동차㈜	휘발유	1591	1210	자동6	17.3	-	1	135	1,673,003
1136	A4 2.0 TDI	아우디폭스바겐코리아(주)	경유	1968	1585	무단변속	17.3	-	1	156	1,521,520
1135	아베오 1.6 MT	한국지엠주식회사	휘발유	1598	1165	수동5	17.3	-	1	135	1,673,003
1134	코란도C 2.0DI CDPF 2WD 수동 6단 ECO	쌍용자동차㈜	경유	1998	1580	수동6	17.2	-	1	112	1,530,366
1133	BMW X3 xDrive20d	BMW코리아㈜	경유	1995	1735	자동8	17.2	-	1	156	1,530,366
1132	E220 CDI	메르세데스-벤츠코리아(주)	경유	2143	1875	자동7	17.1	-	1	157	1,539,316
1131	CC 2.0 TDI Blue Motion	아우디폭스바겐코리아(주)	경유	1968	1656	자동6	17.1	-	1	157	1,539,316
1130	프라이드 1.4가솔린 5DR	기아자동차㈜	휘발유	1399	1085	수동5	17	-	1	138	1,702,526
1129	Focus 2.0 TDCi	포드세일즈서비스코리아(유)	경유	1997	1535	자동6	17	-	1	113	1,548,371
1128	프라이드 1.6가솔린 4DR	기아자동차㈜	휘발유	1599	1079	수동5	17	-	1	137	1,702,526
1127	스파크 1.0 LPG MT	한국지엠주식회사	LPG	995	925	수동5	17	-	경형	104	969,935
1126	프라이드 1.4가솔린 4DR	기아자동차㈜	휘발유	1399	1070	수동5	17	-	1	138	1,702,526
1125	푸조 508SW 2.0 HDi	한불모터스(주)	경유	1997	1585	자동6	17	-	1	158	1,548,371
1124	포르테쿠페 1.6GDI	기아자동차㈜	휘발유	1591	1166	수동6	17	-	1	138	1,702,526
1123	프라이드 1.6가솔린 5DR	기아자동차㈜	휘발유	1599	1107	수동5	17	-	1	137	1,702,526
1122	Focus 2.0 TDCi	포드세일즈서비스코리아(유)	경유	1997	1535	자동6	17	-	1	113	1,548,371
1121	스파크밴 1.0 DOHC AT	한국지엠주식회사	휘발유	995	910	자동4	17	-	경형	137	1,702,526
1120	스파크 1.0 DOHC AT	한국지엠주식회사	휘발유	995	910	자동4	17	-	경형	137	1,702,526
1119	Focus 2.0 TDCi	포드세일즈서비스코리아(유)	경유	1997	1535	자동6	17	-	1	113	1,548,371
1118	모닝 1.0가솔린 밴(신연비)	기아자동차㈜	휘발유	998	885	수동5	17	-	경형	98	1,702,526
1117	모닝 1.0가솔린(신연비)	기아자동차㈜	휘발유	998	890	수동5	17	-	경형	98	1,702,526
1116	레이 1.0가솔린	기아자동차㈜	휘발유	998	998	자동4	17	-	경형	137	1,702,526
1115	Focus 2.0 TDCi	포드세일즈서비스코리아(유)	경유	1997	1535	자동6	17	-	1	113	1,548,371
1114	푸조 508 2.0 HDi	한불모터스(주)	경유	1997	1550	자동6	17	-	1	158	1,548,371
1113	BMW X3 xDrive30d	BMW코리아㈜	휘발유	2993	1800	자동8	16.9	-	1	159	1,712,601
1112	쏘울 1.6GDI AT ISG(고급형)	기아자동차㈜	휘발유	1591	1190	자동6	16.9	-	1	138	1,712,601
1111	K5 2.0하이브리드(신연비)	기아자동차㈜	휘발유	1999	1570	자동6	16.8	-	1	100	1,722,795
1110	C220 CDI	메르세데스-벤츠코리아(주)	경유	2143	1735	자동7	16.8	-	1	160	1,566,804
1109	스파크밴 1.0 MT	한국지엠주식회사	휘발유	995	895	수동5	16.8	-	경형	99	1,722,795
1108	스파크 1.0 MT	한국지엠주식회사	휘발유	995	895	수동5	16.8	-	경형	99	1,722,795
1107	쏘나타 2.0하이브리드(신연비)	현대자동차㈜	휘발유	1999	1560	자동6	16.8	-	1	100	1,722,795
1106	i30 1.6GDI	현대자동차㈜	휘발유	1591	1180	수동6	16.8	-	1	139	1,722,795
1105	프라이드 1.6GDI	기아자동차㈜	휘발유	1591	1109	자동6	16.7	-	1	140	1,733,111
1104	Golf Cabriolet 2.0 TDI Blue Motion	아우디폭스바겐코리아(주)	경유	1968	1583	자동6	16.7	-	1	116	1,576,186
1103	프라이드 1.6GDI(5DR)	기아자동차㈜	휘발유	1591	1103	자동6	16.7	-	1	140	1,733,111
1102	엑센트 1.6GDI(5DR)	현대자동차㈜	휘발유	1591	1090	자동6	16.7	-	1	140	1,733,111
1101	엑센트 1.6GDI	현대자동차㈜	휘발유	1591	1085	자동6	16.7	-	1	140	1,733,111
1100	Fusion Hybrid	포드세일즈서비스코리아(유)	휘발유	2488	1720	무단변속	16.7	-	1	140	1,733,111
1099	포르테 1.6GDI(5DR)	기아자동차㈜	휘발유	1591	1195	수동6	16.6	-	1	141	1,743,551
1098	벨로스터 1.6GDI	현대자동차㈜	휘발유	1591	1235	자동6	16.6	-	1	141	1,743,551
1097	엑센트 1.6디젤(5DR)_신연비	현대자동차㈜	경유	1582	1170	자동4	16.5	-	1	118	1,595,291
1096	엑센트 1.6디젤_신연비	현대자동차㈜	경유	1582	1165	자동4	16.5	-	1	118	1,595,291
1095	포르테 1.6GDI(4DR)	기아자동차㈜	휘발유	1591	1190	자동6	16.5	-	1	142	1,754,118
1094	아반떼 1.6GDI	현대자동차㈜	휘발유	1591	1190	자동6	16.5	-	1	142	1,754,118
1093	BMW 120d	BMW코리아㈜	경유	1995	1420	자동6	16.5	-	1	163	1,595,291
1092	렉서스 ES300h	한국토요타자동차㈜	휘발유	2494	1685	무단변속	16.4	-	1	103	1,764,814
1091	쏘울 1.6GDI MT	기아자동차㈜	휘발유	1591	1170	수동6	16.4	-	1	143	1,764,814
1090	A4 2.0 TDI	아우디폭스바겐코리아(주)	경유	1968	1680	무단변속	16.4	-	1	118	1,605,018
1089	BMW 525d	BMW코리아㈜	경유	1995	1650	자동8	16.4	-	1	118	1,605,018
1088	렉서스 RX450h	한국토요타자동차㈜	휘발유	3456	2030	무단변속	16.4	-	1	142	1,764,814
1087	코란도C 2.0DI CDPF 4WD	쌍용자동차㈜	경유	1998	1710	수동6	16.4	-	1	164	1,605,018
1086	i30 1.6GDI	현대자동차㈜	휘발유	1591	1210	자동6	16.3	-	1	144	1,775,641
1085	벨로스터 1.6GDI ISG(고급형)	현대자동차㈜	휘발유	1591	1230	자동6	16.3	-	1	144	1,775,641
1084	모닝 1.0 CVT ISG(신연비)	기아자동차㈜	휘발유	998	940	무단변속	16.3	-	경형	103	1,775,641
1083	볼보 C30D4	㈜볼보자동차코리아	경유	1984	1490	자동6	16.3	-	1	165	1,614,865
1082	벨로스터 1.6GDI	현대자동차㈜	휘발유	1591	1185	수동6	16.3	-	1	144	1,775,641
1081	SM3	르노삼성자동차㈜	휘발유	1598	1215	수동5	16.3	-	1	143	1,775,641
1080	i30 1.6디젤	현대자동차㈜	경유	1582	1290	자동6	16.2	-	1	120	1,624,833
1079	Golf 2.0 TDI	아우디폭스바겐코리아(주)	경유	1968	1531	자동6	16.2	-	1	120	1,624,833
1078	엑센트 1.4가솔린	현대자동차㈜	휘발유	1396	1060	자동4	16.1	-	1	145	1,797,699
1077	MINI Cooper D Clubman	BMW코리아㈜	경유	1995	1215	자동6	16.1	-	1	120	1,634,925
1076	프라이드 1.4가솔린	기아자동차㈜	휘발유	1396	1082	자동4	16.1	-	1	145	1,797,699
1075	스포티지 2.0디젤	기아자동차㈜	경유	1995	1590	수동6	16.1	-	1	167	1,634,925
1074	프라이드 1.4가솔린(5DR)	기아자동차㈜	휘발유	1396	1077	자동4	16.1	-	1	145	1,797,699
1073	엑센트 1.4가솔린(5DR)	현대자동차㈜	휘발유	1396	1065	자동4	16.1	-	1	145	1,797,699
1072	코란도C 2.0DI CDPF 4WD 수동 6단 ECO	쌍용자동차㈜	경유	1998	1720	수동6	16.1	-	1	120	1,634,925
1071	푸조 5008 1.6 e-HDi	한불모터스(주)	경유	1560	1605	자동6	16.1	-	1	120	1,634,925
1070	투싼 2.0디젤 4WD	현대자동차㈜	경유	1995	1590	수동6	16.1	-	1	167	1,634,925
1069	크루즈 2.0 디젤 MT	한국지엠주식회사	경유	1998	1465	수동6	16	-	1	122	1,645,144
1068	Jetta 2.0 TDI	아우디폭스바겐코리아(주)	경유	1968	1516	자동6	16	-	1	122	1,645,144
1067	BMW 520d Touring	BMW코리아㈜	경유	1995	1640	자동8	16	-	1	121	1,645,144
1066	i30 1.6가솔린	현대자동차㈜	휘발유	1591	1227	수동5	16	1	1	146	1,808,934
1065	캡티바2.2 디젤 FWD MT 7인승	한국지엠주식회사	경유	2231	1800	수동6	15.9	-	1	169	1,655,491
1064	A6 2.0 TDI	아우디폭스바겐코리아(주)	경유	1968	1743	무단변속	15.9	-	1	123	1,655,491
1063	크루즈 2.0 디젤 AT	한국지엠주식회사	경유	1998	1475	자동6	15.9	-	1	170	1,655,491
1062	CR-Z	혼다코리아(주)	휘발유	1497	1215	무단변속	15.9	-	1	106	1,820,311
1061	캡티바2.2 디젤 MT FWD 5인승	한국지엠주식회사	경유	2231	1775	수동6	15.9	-	1	169	1,655,491
1060	크루즈 2.0 디젤 AT	한국지엠주식회사	경유	1998	1530	자동6	15.9	-	1	170	1,655,491
1059	쏘울 1.6 가솔린	기아자동차㈜	휘발유	1591	1170	수동5	15.8	-	1	148	1,831,832
1058	CR-Z	혼다코리아(주)	휘발유	1497	1215	무단변속	15.8	-	1	107	1,831,832
1057	포르테 1.6GDI(5DR)	기아자동차㈜	휘발유	1591	1228	자동6	15.7	-	1	149	1,843,500
1056	쏘울 1.6GDI AT	기아자동차㈜	휘발유	1591	1190	자동6	15.7	-	1	149	1,843,500
1055	포르테쿠페 1.6GDI	기아자동차㈜	휘발유	1591	1185	자동6	15.7	-	1	149	1,843,500
1054	B200 CDI	메르세데스-벤츠코리아(주)	경유	1796	1565	자동7	15.7	-	1	125	1,676,580
1053	싼타페 2.2 디젤 2WD	현대자동차㈜	경유	2199	1820	수동6	15.7	-	1	172	1,676,580
1052	308SW 2.0 HDi E5	한불모터스(주)	경유	1997	1470	자동6	15.6	-	1	173	1,687,327
1051	3008 2.0 HDi	한불모터스(주)	경유	1997	1460	자동6	15.6	-	1	173	1,687,327
1050	투싼 2.0디젤 2WD	현대자동차㈜	경유	1995	1550	자동6	15.6	-	1	172	1,687,327
1049	스포티지 2.0디젤	기아자동차㈜	경유	1995	1550	자동6	15.6	-	1	173	1,687,327
1048	i30 1.6가솔린 Wagon	현대자동차㈜	휘발유	1591	1270	수동5	15.6	-	1	150	1,855,317
1047	BMW X1 xDrive18d	BMW코리아㈜	경유	1995	1570	자동6	15.6	-	1	173	1,687,327
1046	BMW GT 20d	BMW코리아㈜	경유	1995	1845	자동8	15.6	-	1	124	1,687,327
1045	308CC 2.0 HDi E5	한불모터스(주)	경유	1997	1490	자동6	15.6	-	1	173	1,687,327
1044	푸조 508 2.2 HDi	한불모터스(주)	경유	2179	1625	자동6	15.5	-	1	174	1,698,213
1043	BMW 120d	BMW코리아㈜	경유	1995	1370	자동6	15.5	-	1	126	1,698,213
1042	싼타페 2.2디젤 4WD	현대자동차㈜	경유	2199	1840	수동6	15.5	-	1	174	1,698,213
1041	BMW X1 xDrive 18d	BMW코리아㈜	경유	1995	1575	자동8	15.5	-	1	126	1,698,213
1040	Benz C220 CDI	메르세데스-벤츠코리아(주)	경유	2143	1645	자동5	15.5	-	1	173	1,698,213
1039	MINI Cooper SD Coupe	BMW코리아㈜	경유	1995	1195	자동6	15.4	-	1	127	1,709,240
1038	볼보 V40D4	㈜볼보자동차코리아	경유	1984	1530	자동6	15.4	-	1	127	1,709,240
1037	The Beetle 2.0 TDI	아우디폭스바겐코리아(주)	경유	1968	1437	자동6	15.4	-	1	127	1,709,240
1036	Scirocco R-Line	아우디폭스바겐코리아(주)	경유	1968	1442	자동6	15.4	-	1	127	1,709,240
1035	볼보 S60D5	㈜볼보자동차코리아	경유	2401	1610	자동6	15.3	-	1	175	1,720,412
1034	A4 2.0 TDI quattro	아우디폭스바겐코리아(주)	경유	1968	1711	자동7	15.3	-	1	128	1,720,412
1033	벨로스터 1.6GDI	현대자동차㈜	휘발유	1591	1230	자동6	15.3	-	1	153	1,891,696
1032	볼보 V60D5	㈜볼보자동차코리아	경유	2401	1655	자동6	15.3	-	1	175	1,720,412
1031	Golf GTD	아우디폭스바겐코리아(주)	경유	1968	1495	자동6	15.3	-	1	128	1,720,412
1030	CC 2.0 TDI Blue Motion	아우디폭스바겐코리아(주)	경유	1968	1656	자동6	15.3	-	1	128	1,720,412
1029	볼보 S80D5	㈜볼보자동차코리아	경유	2401	1725	자동6	15.2	-	1	176	1,731,730
1028	i30 1.6가솔린	현대자동차㈜	휘발유	1591	1247	자동4	15.2	-	1	154	1,904,141
1027	MINI Cooper Coupe	BMW코리아㈜	휘발유	1598	1115	자동6	15.2	-	1	154	1,904,141
1026	BMW 730Ld	BMW코리아㈜	경유	2993	1875	자동8	15.2	-	1	128	1,731,730
1025	BMW X1 xDrive 20d	BMW코리아㈜	경유	1995	1585	자동8	15.2	-	1	129	1,731,730
1024	모닝 1.0가솔린(신연비)	기아자동차㈜	휘발유	998	910	자동4	15.2	-	경형	112	1,904,141
1023	모닝 1.0가솔린 밴(신연비)	기아자동차㈜	휘발유	998	905	자동4	15.2	-	경형	112	1,904,141
1022	BMW 730d	BMW코리아㈜	경유	2993	1840	자동8	15.2	-	1	128	1,731,730
1021	C220 CDI Coupe	메르세데스-벤츠코리아(주)	경유	2143	1585	자동7	15.2	-	1	129	1,731,730
1020	MINI Cooper	BMW코리아㈜	휘발유	1598	1115	자동6	15.2	-	1	154	1,904,141
1019	프라이드 1.6가솔린 4DR	기아자동차㈜	휘발유	1599	1101	자동4	15.1	-	1	155	1,916,752
1018	프라이드 1.4가솔린 4DR	기아자동차㈜	휘발유	1399	1092	자동4	15.1	-	1	155	1,916,752
1017	RCZ M6	한불모터스(주)	휘발유	1598	1350	수동6	15.1	-	1	155	1,916,752
1016	모닝 1.0 Bi-fuel LPI	기아자동차㈜	LPG	998	945	자동4	15.1	-	경형	117	1,091,980
1015	BMW GT 30d	BMW코리아㈜	경유	2993	1940	자동8	15.1	-	1	130	1,743,199
1014	MINI Cooper D Countryman	BMW코리아㈜	경유	1995	1335	자동6	15.1	-	1	130	1,743,199
1013	벤츠 E220 CDI	메르세데스-벤츠코리아(주)	경유	2143	1660	자동5	15.1	-	1	178	1,743,199
1012	QM5 2WD	르노삼성자동차㈜	경유	1995	1705	자동6	15.1	-	1	178	1,743,199
1011	BMW 525d xDrive	BMW코리아㈜	경유	1995	1720	자동8	15.1	-	1	129	1,743,199
1010	i40 1.7디젤(세단)(신연비)	현대자동차㈜	경유	1685	1515	자동6	15.1	-	1	130	1,743,199
1009	프라이드 1.4가솔린 5DR	기아자동차㈜	휘발유	1399	1107	자동4	15.1	-	1	155	1,916,752
1008	프라이드 1.6가솔린 5DR	기아자동차㈜	휘발유	1599	1129	자동4	15.1	-	1	155	1,916,752
1007	i40 1.7디젤(왜건)	현대자동차㈜	경유	1685	1530	자동6	15.1	-	1	130	1,743,199
1006	CLS250 CDI	메르세데스-벤츠코리아(주)	경유	2143	1840	자동7	15	-	1	131	1,754,820
1005	New SM3 1.6	르노삼성자동차㈜	휘발유	1598	1250	무단변속	15	-	1	114	1,929,530
1004	엑센트 카파 1.4가솔린(5DR)	현대자동차㈜	휘발유	1368	1040	수동6	15	-	1	113	1,929,530
1003	볼보 V60D5	㈜볼보자동차코리아	경유	2401	1655	자동6	15	-	1	180	1,754,820
1002	A5 Sportback 2.0 TDI quattro	아우디폭스바겐코리아(주)	경유	1968	1772	자동7	15	-	1	131	1,754,820
1001	볼보 S60D5	㈜볼보자동차코리아	경유	2401	1610	자동6	15	-	1	180	1,754,820
1000	크루즈 1.6 DOHC MT	한국지엠주식회사	휘발유	1598	1290	수동5	15	-	1	155	1,929,530
999	캡티바2.2 디젤 AWD MT 7인승	한국지엠주식회사	경유	2231	1880	수동6	15	-	1	179	1,754,820
998	캡티바2.2 디젤 AWD MT 5인승	한국지엠주식회사	경유	2231	1855	수동6	15	-	1	179	1,754,820
997	아베오 1.6 AT	한국지엠주식회사	휘발유	1598	1195	자동6	15	-	1	156	1,929,530
996	싼타페 2.0 디젤 2WD	현대자동차㈜	경유	1995	1830	자동6	15	-	1	180	1,754,820
995	쏘렌토 2.0 디젤 2WD	기아자동차㈜	경유	1995	1800	자동6	15	-	1	179	1,754,820
994	i30 1.6가솔린 Wagon	현대자동차㈜	휘발유	1591	1290	자동4	15	-	1	156	1,929,530
993	쏘울 1.6 가솔린	기아자동차㈜	휘발유	1591	1190	자동4	15	-	1	156	1,929,530
992	SM3	르노삼성자동차㈜	휘발유	1598	1250	무단변속	15	-	1	156	1,929,530
991	코란도C 2.0DI CDPF 2WD ECO	쌍용자동차㈜	경유	1998	1590	자동6	15	-	1	179	1,754,820
990	엑센트 카파 1.4가솔린	현대자동차㈜	휘발유	1368	1035	수동6	15	-	1	113	1,929,530
989	MINI Cooper Clubman	BMW코리아㈜	휘발유	1598	1175	자동6	14.9	-	2	157	1,942,480
988	MINI Cooper SD Clubman	BMW코리아㈜	경유	1995	1330	자동6	14.9	-	2	132	1,766,597
987	MINI Cooper Convertible	BMW코리아㈜	휘발유	1598	1205	자동6	14.9	-	2	157	1,942,480
986	스파크밴 1.0 AT	한국지엠주식회사	휘발유	995	910	자동4	14.8	-	경형	115	1,955,605
985	싼타페 2.2디젤 2WD(DM_5인)	현대자동차㈜	경유	2199	1727	수동6	14.8	-	2	133	1,778,534
984	푸조 508 2.0 HDi	한불모터스(주)	경유	1997	1550	자동6	14.8	-	2	133	1,778,534
983	아베오 1.6 AT	한국지엠주식회사	휘발유	1598	1180	자동6	14.8	-	2	158	1,955,605
982	싼타페 2.2디젤 2WD(DM)	현대자동차㈜	경유	2199	1760	수동6	14.8	-	2	133	1,778,534
981	쏘나타 2.0가솔린 ISG(고급형)	현대자동차㈜	휘발유	1999	1415	자동6	14.8	-	2	159	1,955,605
980	K5 2.0가솔린 ISG(고급형)	기아자동차㈜	휘발유	1999	1415	자동6	14.8	-	2	158	1,955,605
979	BMW 535d	BMW코리아㈜	경유	2993	1725	자동8	14.8	-	2	133	1,778,534
978	스파크 1.0 AT	한국지엠주식회사	휘발유	995	910	자동4	14.8	-	경형	115	1,955,605
977	아베오 1.6 MT	한국지엠주식회사	휘발유	1598	1180	수동5	14.7	-	2	116	1,968,908
976	아베오 1.6 MT	한국지엠주식회사	휘발유	1598	1165	수동5	14.7	-	2	116	1,968,908
975	프라이드 1.6GDI 5DR (신연비)	기아자동차㈜	휘발유	1591	1070	수동6	14.7	-	2	116	1,968,908
974	엑센트 1.6GDI_신연비	현대자동차㈜	휘발유	1591	1055	수동6	14.7	-	2	116	1,968,908
973	Nouvelle Peugeot 308CC HDi	한불모터스(주)	경유	1997	1600	자동6	14.7	-	2	183	1,790,633
972	BMW 525d xDrive Touring	BMW코리아㈜	경유	1995	1820	자동8	14.7	-	2	133	1,790,633
971	푸조 407 2.0 HDi E5	한불모터스(주)	경유	1997	1560	자동6	14.7	-	2	183	1,790,633
970	프라이드 1.6GDI (신연비)	기아자동차㈜	휘발유	1591	1076	수동6	14.7	-	2	116	1,968,908
969	K5 2.0가솔린	기아자동차㈜	휘발유	1999	1400	수동6	14.7	-	2	160	1,968,908
968	엑센트 1.6GDI(5DR)_신연비	현대자동차㈜	휘발유	1591	1060	수동6	14.7	-	2	116	1,968,908
967	쏘나타 2.0가솔린	현대자동차㈜	휘발유	1999	1400	수동6	14.7	-	2	159	1,968,908
966	BMW X1 xDrive20d	BMW코리아㈜	경유	1995	1580	자동6	14.7	-	2	183	1,790,633
965	Passat 2.0 TDI	아우디폭스바겐코리아(주)	경유	1968	1563	자동6	14.6	-	2	135	1,802,897
964	코란도C 2.0DI CDPF 2WD	쌍용자동차㈜	경유	1998	1645	자동6	14.6	-	2	184	1,802,897
963	CUBE	한국닛산(주)	휘발유	1798	1610	무단변속	14.6	-	2	160	1,982,394
962	레이 1.0 ISG(고급형) (신연비)	기아자동차㈜	휘발유	998	1045	무단변속	14.6	-	경형	117	1,982,394
961	Golf 1.4 TSI	아우디폭스바겐코리아(주)	휘발유	1390	1375	자동7	14.6	-	2	160	1,982,394
960	K3 1.6 GDI	기아자동차㈜	휘발유	1591	1159	수동6	14.5	-	2	118	1,996,066
959	K3 1.6 GDI ISG(고급형)	기아자동차㈜	휘발유	1591	1191	자동6	14.5	-	2	118	1,996,066
958	프라이드 1.4가솔린 5DR (신연비)	기아자동차㈜	휘발유	1396	1050	수동6	14.5	-	2	117	1,996,066
957	MINI Copper S	BMW코리아㈜	휘발유	1598	1165	자동6	14.5	-	2	162	1,996,066
956	BMW X1 xDrive 25d	BMW코리아㈜	경유	1995	1595	자동8	14.5	-	2	135	1,815,331
955	프라이드 1.4가솔린 (신연비)	기아자동차㈜	휘발유	1396	1056	수동6	14.5	-	2	117	1,996,066
954	CIVIC 1.8	혼다코리아(주)	휘발유	1798	1275	자동5	14.5	-	2	161	1,996,066
953	MINI Cooper S Coupe	BMW코리아㈜	휘발유	1598	1165	자동6	14.5	-	2	162	1,996,066
952	MINI Cooper SD Countryman	BMW코리아㈜	경유	1995	1345	자동6	14.4	-	2	136	1,827,938
951	쏘렌토 2.0디젤 2WD(신연비)	기아자동차㈜	경유	1995	1803	자동6	14.4	-	2	137	1,827,938
950	싼타페 2.0디젤 2WD(DM)	현대자동차㈜	경유	1995	1792	자동6	14.4	-	2	137	1,827,938
949	쏘렌토 2.0디젤 2WD(신연비_5인)	기아자동차㈜	경유	1995	1776	자동6	14.4	-	2	137	1,827,938
948	재규어 XF 2.2D (LUXURY)	(주)재규어랜드로버코리아	경유	2179	1825	자동8	14.4	-	2	186	1,827,938
947	싼타페 2.0디젤 2WD(DM_5인)	현대자동차㈜	경유	1995	1758	자동6	14.4	-	2	137	1,827,938
946	재규어 XF 2.2D	(주)재규어랜드로버코리아	경유	2179	1825	자동8	14.4	-	2	186	1,827,938
945	포르테쿠페 2.0가솔린	기아자동차㈜	휘발유	1998	1207	수동6	14.4	-	2	163	2,009,927
944	프라이드 1.6GDI(5DR) ISG(고급형) (신연비)	기아자동차㈜	휘발유	1591	1103	자동6	14.3	-	2	120	2,023,983
943	엑센트 1.4가솔린(5DR)_신연비	현대자동차㈜	휘발유	1396	1040	수동5	14.3	-	2	120	2,023,983
942	엑센트 1.6GDI ISG(고급형)_신연비	현대자동차㈜	휘발유	1591	1085	자동6	14.3	-	2	120	2,023,983
941	엑센트 1.4가솔린_신연비	현대자동차㈜	휘발유	1396	1035	수동5	14.3	-	2	120	2,023,983
940	QM5 4WD	르노삼성자동차㈜	경유	1995	1730	자동6	14.3	-	2	188	1,840,720
939	엑센트 1.6GDI(5DR) ISG(고급형)_신연비	현대자동차㈜	휘발유	1591	1090	자동6	14.3	-	2	120	2,023,983
938	프라이드 1.6GDI ISG(고급형) (신연비)	기아자동차㈜	휘발유	1591	1109	자동6	14.3	-	2	120	2,023,983
937	푸조 508 2.2 HDi	한불모터스(주)	경유	2179	1625	자동6	14.3	-	2	137	1,840,720
936	아베오 1.6 AT	한국지엠주식회사	휘발유	1598	1195	자동6	14.2	-	2	121	2,038,236
935	볼보 S80D5	㈜볼보자동차코리아	경유	2401	1725	자동6	14.2	-	2	139	1,853,683
934	Benz GLK220 CDI 4Matic	메르세데스-벤츠코리아(주)	경유	2143	1845	자동7	14.2	-	2	190	1,853,683
933	아베오 1.6 AT	한국지엠주식회사	휘발유	1598	1180	자동6	14.2	-	2	121	2,038,236
932	스포티지 2.0디젤 2WD(신연비)	기아자동차㈜	경유	1995	1515	수동6	14.2	-	2	138	1,853,683
931	투싼 2.0디젤 2WD (신연비)	현대자동차㈜	경유	1995	1515	수동6	14.2	-	2	138	1,853,683
930	Benz GLK220 CDI 4Matic	메르세데스-벤츠코리아(주)	경유	2143	1770	자동7	14.2	-	2	190	1,853,683
929	볼보 C30D4	㈜볼보자동차코리아	경유	1984	1490	자동6	14.1	-	2	140	1,866,830
928	코란도C 2.0DI CDPF AWD	쌍용자동차㈜	경유	1998	1710	수동6	14.1	-	2	140	1,866,830
927	캡티바 2.0 디젤 FWD AT 7인승	한국지엠주식회사	경유	1998	1905	자동6	14.1	-	2	191	1,866,830
926	투싼 2.0디젤 4WD	현대자동차㈜	경유	1995	1625	자동6	14.1	-	2	190	1,866,830
925	쏘렌토 2.2 디젤 2WD	기아자동차㈜	경유	2199	1800	자동6	14.1	-	2	191	1,866,830
924	싼타페 2.2 디젤 2WD	현대자동차㈜	경유	2199	1840	자동6	14.1	-	2	191	1,866,830
923	알페온 2.4 하이브리드	한국지엠주식회사	휘발유	2384	1710	자동6	14.1	-	2	162	2,052,691
922	BMW X1 xDrive23d	BMW코리아㈜	경유	1995	1590	자동6	14.1	-	2	191	1,866,830
921	GLK220 CDI 4Matic	메르세데스-벤츠코리아(주)	경유	2143	1985	자동7	14.1	-	2	191	1,866,830
920	아반떼 1.6GDI (신연비)	현대자동차㈜	휘발유	1591	1160	수동6	14.1	-	2	122	2,052,691
919	SM5	르노삼성자동차㈜	휘발유	1998	1470	무단변속	14.1	-	2	166	2,052,691
918	Q3 2.0 TDI quattro	아우디폭스바겐코리아(주)	경유	1968	1715	자동7	14.1	-	2	140	1,866,830
917	스포티지 2.0디젤	기아자동차㈜	경유	1995	1625	자동6	14.1	-	2	191	1,866,830
916	Q5 2.0 TDI quattro	아우디폭스바겐코리아(주)	경유	1968	2000	자동7	14	-	2	192	1,880,164
915	프라이드 1.6GDI (신연비)	기아자동차㈜	휘발유	1591	1109	자동6	14	-	2	123	2,067,354
914	싼타페 2.2디젤 4WD(DM)	현대자동차㈜	경유	2199	1826	수동6	14	-	2	141	1,880,164
913	MINI Cooper S Clubman	BMW코리아㈜	휘발유	1598	1230	자동6	14	-	2	168	2,067,354
912	K5 2.0가솔린	기아자동차㈜	휘발유	1999	1415	자동6	14	-	2	167	2,067,354
911	볼보 S60D4	㈜볼보자동차코리아	경유	1984	1595	자동6	14	-	2	141	1,880,164
910	쏘나타 2.0가솔린	현대자동차㈜	휘발유	1999	1415	자동6	14	-	2	167	2,067,354
909	MINI Cooper S Convertible	BMW코리아㈜	휘발유	1598	1255	자동6	14	-	2	168	2,067,354
908	BMW 520i	BMW코리아㈜	휘발유	1997	1610	자동8	14	-	2	167	2,067,354
907	K3 1.6 GDI	기아자동차㈜	휘발유	1591	1191	자동6	14	-	2	122	2,067,354
906	아반떼 1.6LPI 하이브리드	현대자동차㈜	LPG	1591	1297	무단변속	14	-	2	92	1,177,779
905	엑센트 1.6GDI_신연비	현대자동차㈜	휘발유	1591	1085	자동6	14	-	2	123	2,067,354
904	쏘울 1.6디젤(신연비)	기아자동차㈜	경유	1582	1285	자동6	14	-	2	141	1,880,164
903	프라이드 1.6GDI 5DR (신연비)	기아자동차㈜	휘발유	1591	1103	자동6	14	-	2	123	2,067,354
902	아반떼 1.6GDI ISG(고급형) (신연비)	현대자동차㈜	휘발유	1591	1190	자동6	14	-	2	122	2,067,354
901	올란도2.0 디젤 AT	한국지엠주식회사	경유	1998	1705	자동6	14	-	2	192	1,880,164
900	볼보 V60D4	㈜볼보자동차코리아	경유	1984	1635	자동6	14	-	2	141	1,880,164
899	엑센트 1.6GDI(5DR)_신연비	현대자동차㈜	휘발유	1591	1090	자동6	14	-	2	123	2,067,354
898	BMW GT 30d xDrive	BMW코리아㈜	경유	2993	2010	자동8	14	-	2	141	1,880,164
897	볼보 S60D4	㈜볼보자동차코리아	경유	1984	1595	자동6	14	-	2	141	1,880,164
896	싼타페 2.2디젤 4WD(DM_5인)	현대자동차㈜	경유	2199	1792	수동6	14	-	2	141	1,880,164
895	볼보 V60D3	㈜볼보자동차코리아	경유	1984	1635	자동6	14	-	2	141	1,880,164
894	모닝 1.0 바이퓨얼(신연비)	기아자동차㈜	LPG	998	935	수동5	14	-	경형	92	1,177,779
893	볼보 S60D3	㈜볼보자동차코리아	경유	1984	1595	자동6	14	-	2	141	1,880,164
892	스파크 1.0 LPG MT	한국지엠주식회사	LPG	995	925	수동5	14	-	경형	92	1,177,779
891	X3 xDrive30d	BMW코리아㈜	경유	2993	1800	자동8	13.9	-	2	141	1,893,691
890	볼보 XC60D5	㈜볼보자동차코리아	경유	2401	1940	자동6	13.9	-	2	193	1,893,691
889	볼보 XC70D5	㈜볼보자동차코리아	경유	2401	1940	자동6	13.9	-	2	193	1,893,691
888	CC 2.0 TDI Blue Motion 4Motion	아우디폭스바겐코리아(주)	경유	1968	1700	자동6	13.9	-	2	143	1,893,691
887	레이 1.0 TCI (신연비)	기아자동차㈜	휘발유	998	1070	무단변속	13.9	-	경형	123	2,082,227
886	캡티바2.2 디젤 FWD AT 5인승	한국지엠주식회사	경유	2231	1800	자동6	13.9	-	2	194	1,893,691
885	캡티바2.2 디젤 FWD AT 7인승	한국지엠주식회사	경유	2231	1825	자동6	13.9	-	2	194	1,893,691
884	아반떼 1.6GDI (신연비)	현대자동차㈜	휘발유	1591	1190	자동6	13.9	-	2	124	2,082,227
883	쏘렌토 2.2디젤 2WD(신연비)	기아자동차㈜	경유	2199	1807	자동6	13.8	-	2	143	1,907,413
882	볼보 S80D4	㈜볼보자동차코리아	경유	1984	1700	자동6	13.8	-	2	144	1,907,413
881	i30 1.6GDI ISG(고급형) (신연비)	현대자동차㈜	휘발유	1591	1231	자동6	13.8	-	2	125	2,097,315
880	싼타페 2.2디젤 2WD(DM_5인)	현대자동차㈜	경유	2199	1766	자동6	13.8	-	2	143	1,907,413
879	재규어 XF 3.0DS	(주)재규어랜드로버코리아	경유	2993	1880	자동8	13.8	-	2	194	1,907,413
878	크루즈 2.0 디젤 AT	한국지엠주식회사	경유	1998	1475	자동6	13.8	-	2	143	1,907,413
877	207 HB E5	한불모터스(주)	휘발유	1598	1320	자동4	13.8	-	2	169	2,097,315
876	207CC E5	한불모터스(주)	휘발유	1598	1380	자동4	13.8	-	2	169	2,097,315
875	K5 2.0가솔린	기아자동차㈜	휘발유	1998	1400	수동6	13.8	-	2	170	2,097,315
874	쏘나타 2.0가솔린	현대자동차㈜	휘발유	1998	1400	수동6	13.8	-	2	170	2,097,315
873	포르테쿠페 1.6GDI_신연비	기아자동차㈜	휘발유	1591	1166	수동6	13.8	-	2	124	2,097,315
872	Tiguan 2.0 TDI Blue Motion	아우디폭스바겐코리아(주)	경유	1968	1769	자동7	13.8	-	2	144	1,907,413
871	크루즈 2.0 디젤 AT	한국지엠주식회사	경유	1998	1530	자동6	13.8	-	2	143	1,907,413
870	A6 2.0 TFSI	아우디폭스바겐코리아(주)	휘발유	1984	1690	무단변속	13.8	-	2	194	2,097,315
869	207GT E5	한불모터스(주)	휘발유	1598	1380	자동4	13.8	-	2	169	2,097,315
868	300C	크라이슬러코리아㈜	경유	2987	2040	자동5	13.8	-	2	143	1,907,413
867	싼타페 2.2디젤 2WD(DM)	현대자동차㈜	경유	2199	1799	자동6	13.8	-	2	143	1,907,413
866	크루즈 1.8	한국지엠주식회사	휘발유	1796	1365	자동6	13.7	-	2	171	2,112,624
865	BMW X3 xDrive35d	BMW코리아㈜	경유	2993	1850	자동8	13.7	-	2	145	1,921,336
864	레인지로버 이보크 2.2D	(주)재규어랜드로버코리아	경유	2179	1875	자동6	13.7	-	2	197	1,921,336
863	렉스턴 2.0DI CDPF 2WD 자동5단	쌍용자동차㈜	경유	1998	1913	자동5	13.7	-	2	196	1,921,336
862	크루즈 1.8	한국지엠주식회사	휘발유	1796	1355	자동6	13.7	-	2	171	2,112,624
861	볼보 S80D3	㈜볼보자동차코리아	경유	1984	1700	자동6	13.6	-	2	146	1,935,463
860	MINI Cooper SD Countryman ALL4	BMW코리아㈜	경유	1995	1420	자동6	13.6	-	2	145	1,935,463
859	MINI Cooper D Countryman ALL4	BMW코리아㈜	경유	1995	1405	자동6	13.6	-	2	146	1,935,463
858	스파크 1.0 LPG AT	한국지엠주식회사	LPG	995	940	자동4	13.6	-	경형	130	1,212,419
857	벨로스터 1.6GDI(신연비)	현대자동차㈜	휘발유	1591	1235	자동6	13.6	-	2	127	2,128,158
856	재규어 XF 3.0D	(주)재규어랜드로버코리아	경유	2993	1880	자동8	13.5	-	2	199	1,949,800
855	i30 1.6GDI (신연비)	현대자동차㈜	휘발유	1591	1231	자동6	13.5	-	2	128	2,143,922
854	BMW 730d	BMW코리아㈜	경유	2993	1925	자동6	13.5	-	2	199	1,949,800
853	재규어 XF 2.2D	(주)재규어랜드로버코리아	경유	2179	1825	자동8	13.5	-	2	148	1,949,800
852	토요타 Corolla	한국토요타자동차㈜	휘발유	1798	1275	자동4	13.5	-	2	174	2,143,922
851	A7 3.0 TDI quattro	아우디폭스바겐코리아(주)	경유	2967	1975	자동7	13.5	-	2	199	1,949,800
850	A6 3.0 TDI quattro	아우디폭스바겐코리아(주)	경유	2967	1935	자동7	13.5	-	2	199	1,949,800
849	포르테 1.6GDI(5DR)_신연비	기아자동차㈜	휘발유	1591	1195	수동6	13.5	-	2	127	2,143,922
848	레이 1.0가솔린(신연비)	기아자동차㈜	휘발유	998	998	자동4	13.5	-	경형	126	2,143,922
847	BMW 730Ld	BMW코리아㈜	경유	2993	1960	자동6	13.5	-	2	199	1,949,800
846	레이 1.0가솔린(밴_신연비)	기아자동차㈜	휘발유	998	988	자동4	13.5	-	경형	126	2,143,922
845	시트로엥 DS3 R6	한불모터스(주)	휘발유	1598	1175	수동6	13.4	-	2	129	2,159,922
844	MINI Cooper Countryman	BMW코리아㈜	휘발유	1598	1295	자동6	13.4	-	2	175	2,159,922
843	스포티지 2.0디젤 2WD(신연비)	기아자동차㈜	경유	1995	1550	자동6	13.4	-	2	148	1,964,351
842	투싼 2.0디젤 2WD (신연비)	현대자동차㈜	경유	1995	1550	자동6	13.4	-	2	148	1,964,351
841	프리랜더 SD4	(주)재규어랜드로버코리아	경유	2179	1985	자동6	13.4	-	2	201	1,964,351
840	엑센트 1.4가솔린(5DR)_신연비	현대자동차㈜	휘발유	1396	1065	자동4	13.3	-	2	129	2,176,162
839	BMW X6 xDrive40d	BMW코리아㈜	경유	2993	2185	자동8	13.3	-	2	201	1,979,120
838	BMW X5 xDrive40d	BMW코리아㈜	경유	2993	2185	자동8	13.3	-	2	201	1,979,120
837	MINI Cooper S Countryman	BMW코리아㈜	휘발유	1598	1335	자동6	13.3	-	2	176	2,176,162
836	베라크루즈 3.0디젤 2WD	현대자동차㈜	경유	2959	2035	자동6	13.3	-	2	201	1,979,120
835	벨로스터 1.6GDI(신연비)	현대자동차㈜	휘발유	1591	1185	수동6	13.3	-	2	129	2,176,162
834	i30 2.0가솔린 5DR	현대자동차㈜	휘발유	1975	1290	수동5	13.3	2	2	176	2,176,162
833	볼보 S80D5	㈜볼보자동차코리아	경유	2401	1725	자동6	13.3	-	2	202	1,979,120
832	프라이드 1.4가솔린 (신연비)	기아자동차㈜	휘발유	1396	1082	자동4	13.3	-	2	129	2,176,162
831	렉스턴 2.0DI CDPF 2WD 수동6단	쌍용자동차㈜	경유	1998	1905	수동6	13.3	-	2	148	1,979,120
830	스포티지 2.0디젤 4WD(신연비)	기아자동차㈜	경유	1995	1590	수동6	13.3	-	2	149	1,979,120
829	프라이드 1.4가솔린 5DR (신연비)	기아자동차㈜	휘발유	1396	1077	자동4	13.3	-	2	129	2,176,162
828	투싼 2.0디젤 4WD (신연비)	현대자동차㈜	경유	1995	1590	수동6	13.3	-	2	148	1,979,120
827	BMW 528i	BMW코리아㈜	휘발유	1997	1620	자동8	13.3	-	2	176	2,176,162
826	BMW 740d xDrive	BMW코리아㈜	경유	2993	1940	자동8	13.3	-	2	149	1,979,120
825	엑센트 1.4가솔린_신연비	현대자동차㈜	휘발유	1396	1060	자동4	13.3	-	2	129	2,176,162
824	CIVIC 4D	혼다코리아(주)	휘발유	1798	1330	자동5	13.2	-	2	131	2,192,648
823	CIVIC 5D	혼다코리아(주)	휘발유	1798	1345	자동5	13.2	-	2	131	2,192,648
822	레이 1.0 Bi-fuel LPI	기아자동차㈜	LPG	998	1042	자동4	13.2	-	경형	134	1,249,159
821	싼타페 2.2 디젤 4WD	현대자동차㈜	경유	2199	1890	자동6	13.2	-	2	203	1,994,114
820	QM5 2WD	르노삼성자동차㈜	경유	1995	1705	자동6	13.2	-	2	151	1,994,114
819	쏘렌토 2.2 디젤 4WD	기아자동차㈜	경유	2199	1860	자동6	13.2	-	2	204	1,994,114
818	GLK220 CDI 4Matic	메르세데스-벤츠코리아(주)	경유	2143	1940	자동7	13.1	-	2	151	2,009,336
817	포르테쿠페 2.0가솔린	기아자동차㈜	휘발유	1998	1234	자동6	13.1	-	2	179	2,209,385
816	코란도C 2.0DI CDPF AWD	쌍용자동차㈜	경유	1998	1730	자동6	13.1	-	2	205	2,009,336
815	재규어 XF 2.2D	(주)재규어랜드로버코리아	경유	2179	1825	자동8	13.1	-	2	153	2,009,336
814	i40 2.0GDI(세단)	현대자동차㈜	휘발유	1999	1455	자동6	13.1	-	2	179	2,209,385
813	렉스턴 2.0DI CDPF 4WD 자동5단	쌍용자동차㈜	경유	1998	1998	자동5	13.1	-	2	205	2,009,336
812	i40 2.0GDI(왜건)	현대자동차㈜	휘발유	1999	1475	자동6	13.1	-	2	179	2,209,385
811	A6 3.0 TDI quattro	아우디폭스바겐코리아(주)	경유	2967	1935	자동7	13.1	-	2	151	2,009,336
810	싼타페 2.0디젤 4WD(DM)	현대자동차㈜	경유	1995	1859	자동6	13	-	2	153	2,024,792
809	쏘렌토 2.0디젤 4WD(신연비_5인)	기아자동차㈜	경유	1995	1843	자동6	13	-	2	153	2,024,792
808	포르테 1.6GDI(5DR)_신연비	기아자동차㈜	휘발유	1591	1228	자동6	13	-	2	133	2,226,381
807	A8 LWB 3.0 TDI quattro	아우디폭스바겐코리아(주)	경유	2967	2150	자동8	13	-	2	152	2,024,792
806	A7 3.0 TDI quattro	아우디폭스바겐코리아(주)	경유	2967	1931	자동8	13	-	2	152	2,024,792
805	New SM5 1.6	르노삼성자동차㈜	휘발유	1618	1525	자동6	13	-	2	134	2,226,381
804	MINI Cooper S JCW	BMW코리아㈜	휘발유	1598	1165	자동6	13	-	2	133	2,226,381
803	A8 3.0 TDI quattro	아우디폭스바겐코리아(주)	경유	2967	2110	자동8	13	-	2	152	2,024,792
802	포르테 1.6LPI	기아자동차㈜	LPG	1591	1190	수동6	13	-	2	136	1,268,377
801	쏘나타 2.4 GDI	현대자동차㈜	휘발유	2359	1465	자동6	13	-	2	180	2,226,381
800	K5 2.4GDI	기아자동차㈜	휘발유	2359	1470	자동6	13	-	2	180	2,226,381
799	재규어 XF 3.0D	(주)재규어랜드로버코리아	경유	2993	1880	자동6	13	-	2	207	2,024,792
798	K5 2.0가솔린	기아자동차㈜	휘발유	1998	1415	자동6	13	-	2	180	2,226,381
797	쏘나타 2.0가솔린	현대자동차㈜	휘발유	1998	1415	자동6	13	-	2	180	2,226,381
796	싼타페 2.0디젤 4WD(DM_5인)	현대자동차㈜	경유	1995	1826	자동6	13	-	2	153	2,024,792
795	크루즈 1.6 DOHC AT	한국지엠주식회사	휘발유	1598	1305	자동6	13	-	2	179	2,226,381
794	아반떼 1.6LPI	현대자동차㈜	LPG	1591	1180	수동6	13	-	2	136	1,268,377
793	크루즈 1.6 DOHC AT	한국지엠주식회사	휘발유	1598	1340	자동6	13	-	2	179	2,226,381
792	쏘렌토 2.0디젤 4WD(신연비)	기아자동차㈜	경유	1995	1871	자동6	13	-	2	153	2,024,792
791	포르테쿠페 1.6GDI_신연비	기아자동차㈜	휘발유	1591	1185	자동6	13	-	2	134	2,226,381
790	카니발리무진 2.2디젤	기아자동차㈜	경유	2199	2085	자동6	12.9	-	2	209	2,040,488
789	카니발 2.2디젤	기아자동차㈜	경유	2199	2030	자동6	12.9	-	2	209	2,040,488
788	쏘울 2.0 가솔린	기아자동차㈜	휘발유	1975	1285	자동4	12.9	-	2	181	2,243,640
787	렉스턴 2.0DI CDPF 4WD 수동6단	쌍용자동차㈜	경유	1998	1965	수동6	12.9	-	2	154	2,040,488
786	뉴 알티마 2.5	한국닛산(주)	휘발유	2488	1460	무단변속	12.8	-	2	136	2,261,168
785	RVR(2WD)	엠엠에스케이(주)	휘발유	1998	1425	무단변속	12.8	-	2	183	2,261,168
784	토요타 CAMRY	한국토요타자동차㈜	휘발유	2494	1485	자동6	12.8	-	2	183	2,261,168
783	쏘나타 2.0T-GDI	현대자동차㈜	휘발유	1998	1520	자동6	12.8	-	2	183	2,261,168
782	K7 2.4GDI	기아자동차㈜	휘발유	2359	1525	자동6	12.8	-	2	183	2,261,168
781	Q5 2.0 TDI quattro	아우디폭스바겐코리아(주)	경유	1968	1910	자동7	12.8	-	2	155	2,056,430
780	재규어 XF 3.0D	(주)재규어랜드로버코리아	경유	2993	1880	자동8	12.8	-	2	156	2,056,430
779	A8 3.0 TDI quattro	아우디폭스바겐코리아(주)	경유	2967	2110	자동8	12.8	-	2	210	2,056,430
778	RCZ	한불모터스(주)	휘발유	1598	1350	자동6	12.8	-	2	183	2,261,168
777	Benz B200	메르세데스-벤츠코리아(주)	휘발유	2035	1315	무단변속	12.8	2	2	183	2,261,168
776	BMW 320i	BMW코리아㈜	휘발유	1997	1495	자동8	12.8	-	2	136	2,261,168
775	캡티바2.2 디젤 AWD AT 5인승	한국지엠주식회사	경유	2231	1880	자동6	12.8	-	2	210	2,056,430
774	모하비 3.0 디젤 2WD	기아자동차㈜	경유	2959	2055	자동8	12.8	-	2	211	2,056,430
773	베라크루즈 3.0디젤 4WD	현대자동차㈜	경유	2959	2115	자동6	12.8	-	2	210	2,056,430
772	캡티바2.2 디젤 AWD AT 7인승	한국지엠주식회사	경유	2231	1905	자동6	12.8	-	2	210	2,056,430
771	A8 LWB 3.0 TDI quattro	아우디폭스바겐코리아(주)	경유	2967	2150	자동8	12.8	-	2	210	2,056,430
770	QM5 4WD	르노삼성자동차㈜	경유	1995	1730	자동6	12.8	-	2	155	2,056,430
769	K5 2.0T-GDI	기아자동차㈜	휘발유	1998	1520	자동6	12.8	-	2	183	2,261,168
768	아반떼쿠페 2.0가솔린	현대자동차㈜	휘발유	1999	1216	수동6	12.8	-	2	135	2,261,168
767	그랜저 2.4GDI	현대자동차㈜	휘발유	2359	1525	자동6	12.8	-	2	183	2,261,168
766	재규어 XF 3.0DS	(주)재규어랜드로버코리아	경유	2993	1880	자동6	12.8	-	2	211	2,056,430
765	Q5 3.0 TDI quattro	아우디폭스바겐코리아(주)	경유	2967	2135	자동7	12.8	-	2	210	2,056,430
764	재규어 XJ 3.0D (SWB)	(주)재규어랜드로버코리아	경유	2993	1910	자동6	12.7	-	3	212	2,072,622
763	재규어 XJ 3.0D	(주)재규어랜드로버코리아	경유	2993	1940	자동6	12.7	-	3	212	2,072,622
762	캡티바 2.0 디젤 FWD AT 7인승	한국지엠주식회사	경유	1998	1905	자동6	12.7	-	3	157	2,072,622
761	MINI Cooper Roadster	BMW코리아㈜	휘발유	1598	1165	자동6	12.7	-	3	136	2,278,972
760	렉서스 GS450h	한국토요타자동차㈜	휘발유	3456	1900	무단변속	12.7	-	3	137	2,278,972
759	렉서스 GS450h	한국토요타자동차㈜	휘발유	3456	1925	무단변속	12.7	-	3	184	2,278,972
758	BMW 528i xDrive	BMW코리아㈜	휘발유	1997	1705	자동8	12.7	-	3	185	2,278,972
757	New SM5	르노삼성자동차㈜	휘발유	1998	1415	무단변속	12.6	-	3	138	2,297,060
756	BMW X5 xDrive30d	BMW코리아㈜	경유	2993	2075	자동8	12.6	-	3	214	2,089,071
755	Golf GTI	아우디폭스바겐코리아(주)	휘발유	1984	1495	자동6	12.6	-	3	186	2,297,060
754	BMW X6 xDrive30d	BMW코리아㈜	경유	2993	2075	자동8	12.6	-	3	214	2,089,071
753	벨로스터 1.6 터보GDI 수동6단	현대자동차㈜	휘발유	1591	1280	수동6	12.6	-	3	138	2,297,060
752	랜서	엠엠에스케이(주)	휘발유	1998	1430	무단변속	12.6	-	3	186	2,297,060
751	S350 BlueTEC	메르세데스-벤츠코리아(주)	경유	2987	2050	자동7	12.6	-	3	214	2,089,071
750	SM5	르노삼성자동차㈜	휘발유	1998	1470	무단변속	12.5	-	3	187	2,315,436
749	Golf 1.4 TSI	아우디폭스바겐코리아(주)	휘발유	1390	1375	자동7	12.5	-	3	138	2,315,436
748	BMW Gran Turismo 30d	BMW코리아㈜	경유	2993	1960	자동8	12.5	-	3	159	2,105,784
747	ACCORD 2.4	혼다코리아(주)	휘발유	2356	1515	무단변속	12.5	-	3	139	2,315,436
746	로그(2WD)	한국닛산(주)	휘발유	2488	1495	무단변속	12.5	-	3	188	2,315,436
745	포커스	포드세일즈서비스코리아(유)	휘발유	1999	1420	자동6	12.4	-	3	140	2,334,109
744	볼보 XC60D5	㈜볼보자동차코리아	경유	2401	1940	자동6	12.4	-	3	161	2,122,766
743	RVR(4WD)	엠엠에스케이(주)	휘발유	1998	1515	무단변속	12.4	-	3	189	2,334,109
742	재규어 XJ 3.0D	(주)재규어랜드로버코리아	경유	2993	1940	자동8	12.4	-	3	161	2,122,766
741	크루즈 1.8	한국지엠주식회사	휘발유	1796	1355	자동6	12.4	-	3	140	2,334,109
740	아반떼쿠페 2.0가솔린	현대자동차㈜	휘발유	1999	1239	자동6	12.4	-	3	140	2,334,109
739	i30 2.0가솔린 웨곤	현대자동차㈜	휘발유	1975	1340	자동4	12.4	3	3	190	2,334,109
738	i30 2.0가솔린 5DR	현대자동차㈜	휘발유	1975	1305	자동4	12.4	3	3	190	2,334,109
737	볼보 XC60D5	㈜볼보자동차코리아	경유	2400	1870	자동6	12.4	-	3	216	2,122,766
736	크루즈 1.8	한국지엠주식회사	휘발유	1796	1365	자동6	12.4	-	3	140	2,334,109
735	쏘렌토 2.2디젤 4WD(신연비)	기아자동차㈜	경유	2199	1874	자동6	12.4	-	3	162	2,122,766
734	벨로스터 1.6GDI(신연비)	현대자동차㈜	휘발유	1591	1230	자동6	12.4	-	3	140	2,334,109
733	피아트 500	크라이슬러코리아㈜	휘발유	1368	1110	자동6	12.4	-	3	140	2,334,109
732	스포티지 2.0디젤 4WD(신연비)	기아자동차㈜	경유	1995	1625	자동6	12.4	-	3	161	2,122,766
731	투싼 2.0디젤 4WD (신연비)	현대자동차㈜	경유	1995	1625	자동6	12.4	-	3	161	2,122,766
730	재규어 XJ 3.0D (SWB)	(주)재규어랜드로버코리아	경유	2993	1910	자동8	12.4	-	3	161	2,122,766
729	싼타페 2.2디젤 4WD(DM)	현대자동차㈜	경유	2199	1864	자동6	12.4	-	3	161	2,122,766
728	싼타페 2.2디젤 4WD(DM_5인)	현대자동차㈜	경유	2199	1832	자동6	12.4	-	3	161	2,122,766
727	포커스	포드세일즈서비스코리아(유)	휘발유	1999	1415	자동6	12.4	-	3	140	2,334,109
726	MINI Cooper S Roadster	BMW코리아㈜	휘발유	1598	1205	자동6	12.4	-	3	140	2,334,109
725	말리부 2.0	한국지엠주식회사	휘발유	1998	1530	자동6	12.4	-	3	188	2,334,109
724	코란도C 2.0DI CDPF 2WD ECO	쌍용자동차㈜	경유	1998	1590	자동6	12.3	-	3	163	2,140,024
723	포커스	포드세일즈서비스코리아(유)	휘발유	1999	1415	자동6	12.3	-	3	142	2,353,085
722	쏘울 1.6GDI(신연비)	기아자동차㈜	휘발유	1591	1170	수동6	12.3	-	3	140	2,353,085
721	모닝 1.0 바이퓨얼(신연비)	기아자동차㈜	LPG	998	955	자동4	12.3	-	경형	106	1,340,561
720	쏘울 1.6GDI AT ISG(고급형)(신연비)	기아자동차㈜	휘발유	1591	1190	자동6	12.3	-	3	141	2,353,085
719	모하비 3.0 디젤 선택4WD	기아자동차㈜	경유	2959	2155	자동8	12.3	-	3	218	2,140,024
718	쏘나타 2.0가솔린(신연비)	현대자동차㈜	휘발유	1999	1400	수동6	12.3	-	3	142	2,353,085
717	포커스	포드세일즈서비스코리아(유)	휘발유	1999	1420	자동6	12.3	-	3	142	2,353,085
716	트랙스 1.4	한국지엠주식회사	휘발유	1362	1370	자동6	12.2	-	3	142	2,372,373
715	K5 2.0가솔린(신연비)	기아자동차㈜	휘발유	1999	1400	수동6	12.2	-	3	142	2,372,373
714	렉스턴 2.0DI CDPF 2WD 자동5단	쌍용자동차㈜	경유	1998	1905	자동5	12.2	-	3	163	2,157,566
713	투싼2.0가솔린	현대자동차㈜	휘발유	1998	1410	자동6	12.1	-	3	194	2,391,979
712	알페온 2.4 하이브리드	한국지엠주식회사	휘발유	2384	1710	자동6	12.1	-	3	144	2,391,979
711	쏘나타 2.0가솔린 ISG(고급형)(신연비)	현대자동차㈜	휘발유	1999	1415	자동6	12.1	-	3	144	2,391,979
710	모하비 3.0 디젤 상시4WD	기아자동차㈜	경유	2959	2155	자동8	12.1	-	3	222	2,175,397
709	렉서스 RX450h	한국토요타자동차㈜	휘발유	3456	2180	무단변속	12.1	-	3	143	2,391,979
708	A4 2.0 TFSI	아우디폭스바겐코리아(주)	휘발유	1984	1600	무단변속	12.1	-	3	194	2,391,979
707	시트로엥 DS3 1.6 VTi	한불모터스(주)	휘발유	1598	1320	자동4	12	-	3	145	2,411,913
706	프리랜더 SD4	(주)재규어랜드로버코리아	경유	2179	1985	자동6	12	-	3	167	2,193,525
705	K5 2.0가솔린 ISG(고급형)(신연비)	기아자동차㈜	휘발유	1999	1415	자동6	12	-	3	145	2,411,913
704	쏘울 1.6GDI(신연비)	기아자동차㈜	휘발유	1591	1190	자동6	12	-	3	144	2,411,913
703	MINI Cooper S Countryman ALL4	BMW코리아㈜	휘발유	1598	1405	자동6	12	-	3	196	2,411,913
702	아반떼 1.6 LPI	현대자동차㈜	LPG	1591	1210	자동6	12	-	3	147	1,374,075
701	볼보 XC70D5	㈜볼보자동차코리아	경유	2400	1940	자동6	12	-	3	225	2,193,525
700	올란도 2.0 디젤	한국지엠주식회사	경유	1998	1705	자동6	12	-	3	167	2,193,525
699	토요타 CAMRY	한국토요타자동차㈜	휘발유	2494	1520	자동6	12	-	3	196	2,411,913
698	포르테 1.6LPI	기아자동차㈜	LPG	1591	1210	자동6	12	-	3	147	1,374,075
697	카이엔 디젤	스투트가르트스포츠카(주)	경유	2967	2415	자동8	12	-	3	224	2,193,525
696	C200 CGI	메르세데스-벤츠코리아(주)	휘발유	1796	1505	자동5	11.9	-	3	197	2,432,181
695	레인지로버 이보크 2.2D	(주)재규어랜드로버코리아	경유	2179	1875	자동6	11.9	-	3	168	2,211,958
694	짚그랜드체로키	크라이슬러코리아㈜	경유	2987	2355	자동5	11.9	-	3	226	2,211,958
693	ML250 BlueTEC 4Matic	메르세데스-벤츠코리아(주)	경유	2143	2255	자동7	11.9	-	3	168	2,211,958
692	CR-V 2WD	혼다코리아(주)	휘발유	2354	1530	자동5	11.9	-	3	198	2,432,181
691	토요타 Corolla	한국토요타자동차㈜	휘발유	1798	1275	자동4	11.9	-	3	146	2,432,181
690	Q7 3.0 TDI quattro	아우디폭스바겐코리아(주)	경유	2967	2570	자동8	11.9	-	3	226	2,211,958
689	C200 CGI	메르세데스-벤츠코리아(주)	휘발유	1796	1500	자동7	11.9	-	3	197	2,432,181
688	쏘나타 2.0가솔린(신연비)	현대자동차㈜	휘발유	1999	1415	자동6	11.9	-	3	147	2,432,181
687	K5 2.0가솔린(신연비)	기아자동차㈜	휘발유	1999	1415	자동6	11.9	-	3	147	2,432,181
686	Q5 3.0 TDI quattro	아우디폭스바겐코리아(주)	경유	2967	1950	자동7	11.9	-	3	168	2,211,958
685	재규어 XJ 3.0D	(주)재규어랜드로버코리아	경유	2993	1940	자동6	11.8	-	3	171	2,230,703
684	재규어 XJ 3.0D(SWB)	(주)재규어랜드로버코리아	경유	2993	1910	자동6	11.8	-	3	171	2,230,703
683	벨로스터 1.6 터보GDI 자동6단	현대자동차㈜	휘발유	1591	1325	자동6	11.8	-	3	148	2,452,792
682	로그(4WD)	한국닛산(주)	휘발유	2488	1610	무단변속	11.8	-	3	199	2,452,792
681	아웃랜더 2.4	엠엠에스케이(주)	휘발유	2360	1605	무단변속	11.8	-	3	198	2,452,792
680	포르테쿠페 2.0가솔린_신연비	기아자동차㈜	휘발유	1998	1207	수동6	11.8	-	3	148	2,452,792
679	렉서스 GS450h	한국토요타자동차㈜	휘발유	3456	1900	무단변속	11.8	-	3	148	2,452,792
678	토요타 86	한국토요타자동차㈜	휘발유	1998	1240	수동6	11.8	-	3	148	2,452,792
677	말리부 2.4	한국지엠주식회사	휘발유	2384	1590	자동6	11.8	-	3	199	2,452,792
676	코란도C 2.0DI CDPF 2WD	쌍용자동차㈜	경유	1998	1645	자동6	11.8	-	3	169	2,230,703
675	QM5	르노삼성자동차㈜	휘발유	2488	1590	무단변속	11.8	-	3	198	2,452,792
674	파나메라 디젤	스투트가르트스포츠카(주)	경유	2967	2070	자동8	11.8	-	3	228	2,230,703
673	아반떼 1.6LPI (신연비)	현대자동차㈜	LPG	1591	1180	수동6	11.7	-	3	112	1,409,308
672	파제로	엠엠에스케이(주)	경유	3200	2360	자동5	11.7	-	3	231	2,249,769
671	푸조 RCZ	한불모터스(주)	휘발유	1598	1350	자동6	11.7	-	3	149	2,473,756
670	볼보 XC60D4	㈜볼보자동차코리아	경유	1984	1870	자동6	11.7	-	3	171	2,249,769
669	디스커버리4 3.0D	(주)재규어랜드로버코리아	경유	2993	2630	자동8	11.7	-	3	229	2,249,769
668	렉스턴 2.0DI CDPF 4WD 자동5단	쌍용자동차㈜	경유	1998	1990	자동5	11.7	-	3	171	2,249,769
667	투싼 2.0 가솔린	현대자동차㈜	휘발유	1998	1410	자동6	11.7	-	3	199	2,473,756
666	토요타 RAV4 2WD	한국토요타자동차㈜	휘발유	2494	1580	자동4	11.7	-	3	200	2,473,756
665	카이엔 디젤	스투트가르트스포츠카(주)	경유	2967	2395	자동8	11.7	-	3	230	2,249,769
664	볼보 XC60D3	㈜볼보자동차코리아	경유	1984	1870	자동6	11.7	-	3	171	2,249,769
663	INFINITI M30d	한국닛산(주)	경유	2993	1845	자동7	11.7	-	3	171	2,249,769
662	A8 LWB 4.2 TDI quattro	아우디폭스바겐코리아(주)	경유	4134	2249	자동8	11.6	-	3	173	2,269,164
661	BMW Z4 sDrive28i	BMW코리아㈜	휘발유	1997	1420	자동8	11.6	-	3	201	2,495,082
660	K7 3.0GDI	기아자동차㈜	휘발유	2999	1580	자동6	11.6	-	3	201	2,495,082
659	캐딜락 ATS	GM코리아㈜	휘발유	1998	1615	자동6	11.6	-	3	152	2,495,082
658	A8 4.2 TDI quattro	아우디폭스바겐코리아(주)	경유	4134	2172	자동8	11.6	-	3	173	2,269,164
657	i40 2.0가솔린(세단)(신연비)	현대자동차㈜	휘발유	1999	1455	자동6	11.6	-	3	151	2,495,082
656	A3 2.0 TFSI	아우디폭스바겐코리아(주)	휘발유	1984	1555	자동6	11.6	-	3	202	2,495,082
655	볼보 XC60D5	㈜볼보자동차코리아	경유	2400	1940	자동6	11.6	-	3	233	2,269,164
654	알티마 2.5	한국닛산(주)	휘발유	2488	1480	무단변속	11.6	-	3	202	2,495,082
653	i40 2.0가솔린(왜건)	현대자동차㈜	휘발유	1999	1475	자동6	11.6	-	3	151	2,495,082
652	E200 CGI	메르세데스-벤츠코리아(주)	휘발유	1796	1645	자동7	11.6	-	3	202	2,495,082
651	말리부 2.0	한국지엠주식회사	휘발유	1998	1530	자동6	11.6	-	3	151	2,495,082
650	SLK200	메르세데스-벤츠코리아(주)	휘발유	1796	1520	자동7	11.6	-	3	202	2,495,082
649	볼보 XC90D5	㈜볼보자동차코리아	경유	2401	2185	자동6	11.6	-	3	231	2,269,164
648	그랜저 3.0GDI	현대자동차㈜	휘발유	2999	1580	자동6	11.6	-	3	202	2,495,082
647	토요타 86	한국토요타자동차㈜	휘발유	1998	1280	자동6	11.6	-	3	150	2,495,082
646	피아트 프리몬트	크라이슬러코리아㈜	경유	1956	1960	자동6	11.5	-	3	175	2,288,896
645	CC 2.0 TSI	아우디폭스바겐코리아(주)	휘발유	1984	1531	자동6	11.5	-	3	203	2,516,778
644	볼보 XC90D5	㈜볼보자동차코리아	경유	2401	2185	자동6	11.5	-	3	174	2,288,896
643	스파크 1.0 LPG AT	한국지엠주식회사	LPG	995	940	자동4	11.5	-	경형	114	1,433,817
642	랜서	엠엠에스케이(주)	휘발유	1998	1370	무단변속	11.4	-	3	206	2,538,855
641	Touareg 3.0 TDI Blue Motion	아우디폭스바겐코리아(주)	경유	2967	2380	자동8	11.4	-	3	236	2,308,974
640	BMW 328i	BMW코리아㈜	휘발유	1997	1570	자동8	11.4	-	3	153	2,538,855
639	렉서스 IS250	한국토요타자동차㈜	휘발유	2500	1630	자동6	11.4	3	3	205	2,538,855
638	랜서	엠엠에스케이(주)	휘발유	1998	1430	무단변속	11.4	-	3	206	2,538,855
637	알페온 2.4	한국지엠주식회사	휘발유	2384	1695	자동6	11.3	-	3	208	2,561,323
636	K7 2.4GDI	기아자동차㈜	휘발유	2359	1535	자동6	11.3	-	3	155	2,561,323
635	카니발 리무진 2.2디젤(신연비)	기아자동차㈜	경유	2199	2085	자동6	11.3	-	3	178	2,329,407
634	TT Roadster 2.0 TFSI quattro	아우디폭스바겐코리아(주)	휘발유	1984	1505	자동6	11.3	-	3	207	2,561,323
633	TT Coupe 2.0 TFSI quattro	아우디폭스바겐코리아(주)	휘발유	1984	1430	자동6	11.3	-	3	206	2,561,323
632	그랜저 2.4GDI(신연비)	현대자동차㈜	휘발유	2359	1530	자동6	11.3	-	3	155	2,561,323
631	CR-V 4WD	혼다코리아(주)	휘발유	2354	1610	자동5	11.3	-	3	207	2,561,323
630	파나메라 디젤	스투트가르트스포츠카(주)	경유	2967	2070	자동8	11.3	-	3	179	2,329,407
629	카니발 2.2디젤(신연비)	기아자동차㈜	경유	2199	2030	자동6	11.3	-	3	178	2,329,407
628	쏘나타 2.0LPI	현대자동차㈜	LPG	1999	1425	수동6	11.2	-	3	158	1,472,223
627	프리랜더 TD4	(주)재규어랜드로버코리아	경유	2179	1960	자동6	11.2	3	3	240	2,350,205
626	K5 2.0LPI	기아자동차㈜	LPG	1999	1430	수동6	11.2	-	3	158	1,472,223
625	스포티지 2.0T-GDI	기아자동차㈜	휘발유	1998	1485	자동6	11.2	-	3	209	2,584,192
624	베라크루즈 3.0디젤 2WD(신연비)	현대자동차㈜	경유	2959	2035	자동6	11.2	-	3	180	2,350,205
623	Scirocco R	아우디폭스바겐코리아(주)	휘발유	1984	1430	자동6	11.2	-	3	157	2,584,192
622	Legacy 2.5	스바루코리아(주)	휘발유	2457	1545	무단변속	11.2	-	3	209	2,584,192
621	푸조 Expert Tepee 2.0 HDi	한불모터스(주)	경유	1997	1935	자동6	11.2	-	3	179	2,350,205
620	TT Roadster 2.0 TFSI quattro	아우디폭스바겐코리아(주)	휘발유	1984	1505	자동6	11.1	-	3	157	2,607,473
619	볼보 XC70D5	㈜볼보자동차코리아	경유	2401	1940	자동6	11.1	-	3	181	2,371,378
618	Legacy 2.5	스바루코리아(주)	휘발유	2498	1550	무단변속	11.1	-	3	159	2,607,473
617	Accord 2.4	혼다코리아(주)	휘발유	2354	1535	자동5	11.1	-	3	211	2,607,473
616	New Beetle 2.0	아우디폭스바겐코리아(주)	휘발유	1984	1340	자동6	11.1	3	3	210	2,607,473
615	TT Coupe 2.0 TFSI quattro	아우디폭스바겐코리아(주)	휘발유	1984	1430	자동6	11.1	-	3	157	2,607,473
614	랜서	씨엑스씨 주식회사	휘발유	1998	1430	무단변속	11.1	-	3	158	2,607,473
613	모하비 3.0디젤 2WD	기아자동차㈜	경유	2959	2055	자동6	11.1	3	3	242	2,371,378
612	A6 3.0 TDI quattro	아우디폭스바겐코리아(주)	경유	2967	2070	자동6	11.1	-	3	242	2,371,378
611	K5 2.0LPI ISG(경제형)	기아자동차㈜	LPG	1999	1450	자동6	11	-	3	159	1,498,991
610	쏘나타 2.0LPI ISG(경제형)	현대자동차㈜	LPG	1999	1445	자동6	11	-	3	159	1,498,991
609	인피니티 G25	한국닛산(주)	휘발유	2496	1635	자동7	11	-	3	213	2,631,177
608	제네시스 쿠페 2.0TCI	현대자동차㈜	휘발유	1998	1505	수동6	11	-	3	213	2,631,177
607	제네시스 쿠페 2.0TCI	현대자동차㈜	휘발유	1998	1525	수동6	11	-	3	212	2,631,177
606	RVR 2WD	씨엑스씨 주식회사	휘발유	1998	1405	무단변속	11	-	3	160	2,631,177
605	이클립스	엠엠에스케이(주)	휘발유	2378	1530	자동4	11	-	3	212	2,631,177
604	베라크루즈 3.0디젤 2WD	현대자동차㈜	경유	2959	2030	자동6	11	3	3	245	2,392,936
603	캡티바 2.2 디젤 AWD AT 5인승	한국지엠주식회사	경유	2231	1880	자동6	11	-	3	183	2,392,936
602	캡티바 2.2 디젤 AWD AT 7인승	한국지엠주식회사	경유	2231	1905	자동6	11	-	3	183	2,392,936
601	뉴 SM7	르노삼성자동차㈜	휘발유	2495	1635	자동6	11	-	3	212	2,631,177
600	푸조 407 Coupe 2.7 HDi	한불모터스(주)	경유	2721	1775	자동6	11	3	3	244	2,392,936
599	포르테쿠페 2.0가솔린_신연비	기아자동차㈜	휘발유	1998	1234	자동6	10.9	-	3	162	2,655,317
598	TTS Coupe quattro	아우디폭스바겐코리아(주)	휘발유	1984	1490	자동6	10.9	-	3	215	2,655,317
597	K7 3.3GDI	기아자동차㈜	휘발유	3342	1625	자동6	10.9	-	3	215	2,655,317
596	파나메라 S 하이브리드	스투트가르트스포츠카(주)	휘발유	2995	2120	자동8	10.9	-	3	160	2,655,317
595	제네시스 쿠페 2.0TCI	현대자동차㈜	휘발유	1998	1550	자동8	10.9	-	3	216	2,655,317
594	Outback 2.5	스바루코리아(주)	휘발유	2457	1605	무단변속	10.9	-	3	215	2,655,317
593	렉서스 IS250C	한국토요타자동차㈜	휘발유	2500	1750	자동6	10.9	-	3	214	2,655,317
592	카이엔 디젤	스투트가르트스포츠카(주)	경유	2967	2395	자동8	10.9	-	3	184	2,414,890
591	Touareg 3.0 TDI Blue Motion	아우디폭스바겐코리아(주)	경유	2967	2380	자동8	10.9	-	3	185	2,414,890
590	TTS Roadster quattro	아우디폭스바겐코리아(주)	휘발유	1984	1555	자동6	10.9	-	3	215	2,655,317
589	그랜저 3.3GDI	현대자동차㈜	휘발유	3342	1635	자동6	10.9	-	3	215	2,655,317
588	Outback 2.5	스바루코리아(주)	휘발유	2498	1605	무단변속	10.9	-	3	161	2,655,317
587	파나메라 S 하이브리드	스투트가르트스포츠카(주)	휘발유	2995	2055	자동8	10.9	-	3	160	2,655,317
586	E200 CGI	메르세데스-벤츠코리아(주)	휘발유	1796	1665	자동5	10.8	-	3	217	2,679,903
585	말리부 2.4	한국지엠주식회사	휘발유	2384	1590	자동6	10.8	-	3	164	2,679,903
584	BMW X6 M50d	BMW코리아㈜	경유	2993	2150	자동8	10.8	-	3	186	2,437,250
583	짚 그랜드체로키	크라이슬러코리아㈜	경유	2987	2355	자동5	10.8	-	3	186	2,437,250
582	스포티지 2.0T-GDI	기아자동차㈜	휘발유	1998	1550	자동6	10.8	-	3	217	2,679,903
581	모하비 3.0디젤 상시4WD	기아자동차㈜	경유	2959	2160	자동6	10.8	3	3	249	2,437,250
580	토요타 RAV4 4WD	한국토요타자동차㈜	휘발유	2494	1640	자동4	10.8	-	3	218	2,679,903
579	퓨전	포드세일즈서비스코리아(유)	휘발유	1596	1615	자동6	10.8	-	3	163	2,679,903
578	알페온 2.4	한국지엠주식회사	휘발유	2384	1695	자동6	10.8	-	3	162	2,679,903
577	모하비 3.0디젤 선택4WD	기아자동차㈜	경유	2959	2160	자동6	10.8	3	3	248	2,437,250
576	A6 2.0 TFSI	아우디폭스바겐코리아(주)	휘발유	1984	1800	무단변속	10.8	3	3	216	2,679,903
575	캡티바 2.4 7인승	한국지엠주식회사	휘발유	2384	1700	자동6	10.8	-	3	217	2,679,903
574	레이1.0 바이퓨얼(신연비)	기아자동차㈜	LPG	998	1042	자동4	10.8	-	경형	122	1,526,750
573	캡티바 2.4 5인승	한국지엠주식회사	휘발유	2384	1675	자동6	10.8	-	3	217	2,679,903
572	BMW 535i	BMW코리아㈜	휘발유	2979	1700	자동8	10.8	-	3	217	2,679,903
571	코란도C 2.0DI CDPF AWD	쌍용자동차㈜	경유	1998	1730	자동6	10.8	-	3	186	2,437,250
570	레인지로버 스포츠 3.0D	(주)재규어랜드로버코리아	경유	2993	2590	자동8	10.8	-	3	249	2,437,250
569	CR-V 2WD	혼다코리아(주)	휘발유	2354	1530	자동5	10.7	-	3	165	2,704,949
568	RVR 4WD	씨엑스씨 주식회사	휘발유	1998	1515	무단변속	10.7	-	3	164	2,704,949
567	K5 2.0LPI	기아자동차㈜	LPG	1998	1430	수동5	10.7	-	3	165	1,541,019
566	베라크루즈 3.0디젤 4WD	현대자동차㈜	경유	2959	2112	자동6	10.7	3	3	251	2,460,028
565	아웃랜더 2.4	엠엠에스케이(주)	휘발유	2360	1605	무단변속	10.7	-	3	220	2,704,949
564	베라크루즈 3.0디젤 4WD(신연비)	현대자동차㈜	경유	2959	2115	자동6	10.7	-	3	189	2,460,028
563	쏘나타 2.0LPI	현대자동차㈜	LPG	1998	1425	수동5	10.7	-	3	165	1,541,019
562	모하비 3.0 디젤 2WD(신연비)	기아자동차㈜	경유	2959	2055	자동8	10.7	-	3	189	2,460,028
561	아반떼 1.6LPI (신연비)	현대자동차㈜	LPG	1591	1210	자동6	10.7	-	3	124	1,541,019
560	짚랭글러	크라이슬러코리아㈜	경유	2776	2000	자동5	10.7	-	3	252	2,460,028
559	박스터	스투트가르트스포츠카(주)	휘발유	2706	1410	자동7	10.7	-	3	164	2,704,949
558	레인지로버 3.0D	(주)재규어랜드로버코리아	경유	2993	2450	자동8	10.7	-	3	188	2,460,028
557	쏘나타 2.0LPI ISG(경제형)	현대자동차㈜	LPG	1998	1450	자동5	10.6	-	3	167	1,555,557
556	카렌스 2.0가솔린	기아자동차㈜	휘발유	1998	1510	자동4	10.6	-	3	220	2,730,467
555	이스케이프	포드세일즈서비스코리아(유)	휘발유	1596	1660	자동6	10.6	-	3	166	2,730,467
554	Forester	스바루코리아(주)	휘발유	2498	1525	자동4	10.6	-	3	221	2,730,467
553	제네시스 쿠페 2.0TCI	현대자동차㈜	휘발유	1998	1548	자동5	10.6	-	3	220	2,730,467
552	오피러스 μ2.7 CVVT	기아자동차㈜	휘발유	2656	1655	자동6	10.6	-	3	221	2,730,467
551	K5 2.0LPI ISG(경제형)	기아자동차㈜	LPG	1998	1450	자동5	10.6	-	3	167	1,555,557
550	알페온 2.4	한국지엠주식회사	휘발유	2384	1695	자동6	10.6	-	3	221	2,730,467
549	제네시스 3.3GDI	현대자동차㈜	휘발유	3342	1750	자동8	10.6	-	3	221	2,730,467
548	쏘나타 2.0LPI	현대자동차㈜	LPG	1999	1445	자동6	10.5	-	4	169	1,570,371
547	토요타 SIENNA	한국토요타자동차㈜	휘발유	2672	1935	자동6	10.5	-	4	224	2,756,471
546	K5 2.0LPI	기아자동차㈜	LPG	1999	1450	자동6	10.5	-	4	168	1,570,371
545	CC 2.0 TSI	아우디폭스바겐코리아(주)	휘발유	1984	1536	자동6	10.5	-	4	169	2,756,471
544	ACCORD 3.5	혼다코리아(주)	휘발유	3471	1625	자동6	10.5	-	4	168	2,756,471
543	A4 2.0 TFSI quattro	아우디폭스바겐코리아(주)	휘발유	1984	1700	자동8	10.5	-	4	223	2,756,471
542	A5 2.0 TFSI quattro	아우디폭스바겐코리아(주)	휘발유	1984	1695	자동8	10.5	-	4	223	2,756,471
541	뉴 알티마 3.5	한국닛산(주)	휘발유	3498	1530	무단변속	10.5	-	4	168	2,756,471
540	쏘나타 2.0 LPI	현대자동차㈜	LPG	1998	1471	수동5	10.4	4	4	170	1,585,471
539	파제로	엠엠에스케이(주)	경유	3200	2360	자동5	10.4	-	4	258	2,530,990
538	토요타 RAV4 2WD	한국토요타자동차㈜	휘발유	2494	1580	자동4	10.4	-	4	170	2,782,976
537	K7 3.0GDI	기아자동차㈜	휘발유	2999	1590	자동6	10.4	-	4	170	2,782,976
536	Touareg 4.2 TDI	아우디폭스바겐코리아(주)	경유	4134	2445	자동8	10.4	-	4	258	2,530,990
535	캡티바2.4 5인승	한국지엠주식회사	휘발유	2384	1675	자동6	10.4	-	4	224	2,782,976
534	캡티바2.4 7인승	한국지엠주식회사	휘발유	2384	1700	자동6	10.4	-	4	224	2,782,976
533	CR-V 4WD	혼다코리아(주)	휘발유	2354	1610	자동5	10.4	-	4	169	2,782,976
532	짚랭글러	크라이슬러코리아㈜	경유	2776	2175	자동5	10.4	-	4	260	2,530,990
531	그랜저 3.0GDI(신연비)	현대자동차㈜	휘발유	2999	1590	자동6	10.4	-	4	170	2,782,976
530	토러스	포드세일즈서비스코리아(유)	휘발유	1999	1890	자동6	10.4	-	4	171	2,782,976
529	QM5 가솔린	르노삼성자동차㈜	휘발유	2488	1590	무단변속	10.4	-	4	170	2,782,976
528	BMW 640i Gran Coupe	BMW코리아㈜	휘발유	2979	1750	자동8	10.4	-	4	169	2,782,976
527	모하비 3.0 디젤 선택4WD(신연비)	기아자동차㈜	경유	2959	2155	자동8	10.3	-	4	196	2,555,563
526	E350	메르세데스-벤츠코리아(주)	휘발유	3498	1790	자동7	10.3	-	4	228	2,809,995
525	레인지로버 이보크 2.0GTDi(5DR)	(주)재규어랜드로버코리아	휘발유	1999	1820	자동6	10.3	-	4	227	2,809,995
524	퓨전	포드세일즈서비스코리아(유)	휘발유	1999	1645	자동6	10.3	-	4	172	2,809,995
523	볼보 C30	㈜볼보자동차코리아	휘발유	2435	1470	자동5	10.3	4	4	226	2,809,995
522	제네시스 쿠페 3.8GDI	현대자동차㈜	휘발유	3778	1560	수동6	10.3	-	4	227	2,809,995
521	레인지로버 이보크 2.0GTDi	(주)재규어랜드로버코리아	휘발유	1999	1790	자동6	10.3	-	4	227	2,809,995
520	Q7 3.0 TDI quattro	아우디폭스바겐코리아(주)	경유	2967	2570	자동8	10.3	-	4	195	2,555,563
519	Altima 3.5	한국닛산(주)	휘발유	3498	1560	무단변속	10.3	-	4	227	2,809,995
518	볼보 V50 2.4i	㈜볼보자동차코리아	휘발유	2435	1530	자동5	10.3	4	4	226	2,809,995
517	볼보 S60T4	㈜볼보자동차코리아	휘발유	1984	1610	자동6	10.3	-	4	172	2,809,995
516	볼보 S40 2.4i	㈜볼보자동차코리아	휘발유	2435	1510	자동5	10.3	4	4	226	2,809,995
515	Passat 2.5	아우디폭스바겐코리아(주)	휘발유	2480	1524	자동6	10.3	-	4	172	2,809,995
514	렉서스 GS350	한국토요타자동차㈜	휘발유	3456	1710	자동6	10.3	4	4	227	2,809,995
513	쏘나타 2.0T-GDI(신연비)	현대자동차㈜	휘발유	1998	1520	자동6	10.3	-	4	171	2,809,995
512	K5 2.0T-GDI(신연비)	기아자동차㈜	휘발유	1998	1520	자동6	10.3	-	4	171	2,809,995
511	파나메라 S 하이브리드	스투트가르트스포츠카(주)	휘발유	2995	2120	자동8	10.2	-	4	231	2,837,544
510	렉서스 ES350	한국토요타자동차㈜	휘발유	3456	1630	자동6	10.2	-	4	173	2,837,544
509	모하비 3.0 디젤 상시4WD(신연비)	기아자동차㈜	경유	2959	2155	자동8	10.2	-	4	200	2,580,618
508	인피니티 FX30d	한국닛산(주)	경유	2993	2165	자동7	10.2	-	4	264	2,580,618
507	레인지로버 스포츠 3.0D	(주)재규어랜드로버코리아	경유	2993	2590	자동8	10.2	-	4	200	2,580,618
506	볼보 XC90D5	㈜볼보자동차코리아	경유	2401	2110	자동6	10.2	4	4	263	2,580,618
505	New SM7 2.5	르노삼성자동차㈜	휘발유	2495	1635	자동6	10.2	-	4	174	2,837,544
504	제네시스 3.8GDI	현대자동차㈜	휘발유	3778	1795	자동8	10.2	-	4	229	2,837,544
503	볼보 S60T5	㈜볼보자동차코리아	휘발유	2521	1610	자동6	10.2	-	4	230	2,837,544
502	CLS350	메르세데스-벤츠코리아(주)	휘발유	3498	1780	자동7	10.1	-	4	232	2,865,639
501	SM5	르노삼성자동차㈜	휘발유	2495	1585	자동6	10.1	-	4	231	2,865,639
500	오피러스 λ3.3 CVVT	기아자동차㈜	휘발유	3342	1695	자동6	10.1	-	4	230	2,865,639
499	BMW 640i Convertible	BMW코리아㈜	휘발유	2979	1840	자동8	10.1	-	4	176	2,865,639
498	ML300 CDI	메르세데스-벤츠코리아(주)	경유	2987	2325	자동7	10.1	-	4	267	2,606,168
497	박스터 S	스투트가르트스포츠카(주)	휘발유	3436	1420	자동7	10.1	-	4	175	2,865,639
496	ML350 BlueTEC 4Matic	메르세데스-벤츠코리아(주)	경유	2987	2340	자동7	10.1	-	4	201	2,606,168
495	이스케이프	포드세일즈서비스코리아(유)	휘발유	1596	1740	자동6	10.1	-	4	174	2,865,639
494	K7 3.3GDI	기아자동차㈜	휘발유	3342	1635	자동6	10	-	4	178	2,894,295
493	카이엔 S 하이브리드	스투트가르트스포츠카(주)	휘발유	2995	2495	자동8	10	-	4	177	2,894,295
492	제네시스 쿠페 2.0TCI (신연비)	현대자동차㈜	휘발유	1998	1525	수동6	10	-	4	177	2,894,295
491	박스터	스투트가르트스포츠카(주)	휘발유	2706	1380	수동6	10	-	4	177	2,894,295
490	그랜저 3.3GDI(신연비)	현대자동차㈜	휘발유	3342	1640	자동6	10	-	4	178	2,894,295
489	A4 2.0 TFSI quattro	아우디폭스바겐코리아(주)	휘발유	1984	1685	자동8	10	-	4	177	2,894,295
488	카이엔 S 하이브리드	스투트가르트스포츠카(주)	휘발유	2995	2495	자동8	10	-	4	235	2,894,295
487	렉서스 IS250	한국토요타자동차㈜	휘발유	2500	1630	자동6	10	-	4	177	2,894,295
486	A5 2.0 TFSI quattro	아우디폭스바겐코리아(주)	휘발유	1984	1690	자동8	10	-	4	177	2,894,295
485	뉴 SM5 LPLi	르노삼성자동차㈜	LPG	1998	1510	무단변속	10	-	4	176	1,648,890
484	K5 2.0LPI	기아자동차㈜	LPG	1998	1450	자동5	10	-	4	177	1,648,890
483	A6 3.2 FSI	아우디폭스바겐코리아(주)	휘발유	3197	1755	무단변속	10	-	4	234	2,894,295
482	짚 컴패스	크라이슬러코리아㈜	휘발유	2360	1580	무단변속	10	-	4	234	2,894,295
481	제네시스 쿠페 3.8가솔린	현대자동차㈜	휘발유	3778	1560	수동6	10	-	4	234	2,894,295
480	쏘나타 2.0LPI	현대자동차㈜	LPG	1998	1450	자동5	10	-	4	177	1,648,890
479	토요타 VENZA	한국토요타자동차㈜	휘발유	2672	1780	자동6	9.9	-	4	178	2,923,530
478	E350 Coupe	메르세데스-벤츠코리아(주)	휘발유	3498	1685	자동7	9.9	-	4	236	2,923,530
477	BMW Z4 sDrive35i	BMW코리아㈜	휘발유	2979	1535	자동7	9.9	-	4	237	2,923,530
476	K5 2.0LPI(신연비)	기아자동차㈜	LPG	1999	1430	수동6	9.9	-	4	135	1,665,545
475	아웃랜더 2.4	씨엑스씨 주식회사	휘발유	2360	1605	무단변속	9.9	-	4	178	2,923,530
474	제네시스 쿠페 2.0TCI (신연비)	현대자동차㈜	휘발유	1998	1550	자동8	9.9	-	4	180	2,923,530
473	박스터	스투트가르트스포츠카(주)	휘발유	2893	1465	자동7	9.9	-	4	236	2,923,530
472	CROSSTOUR	혼다코리아(주)	휘발유	3471	1790	자동6	9.9	-	4	180	2,923,530
471	Accord 3.5	혼다코리아(주)	휘발유	3471	1630	자동5	9.9	-	4	236	2,923,530
470	Phaeton 3.0 TDI	아우디폭스바겐코리아(주)	경유	2967	2356	자동6	9.9	-	4	271	2,658,818
469	BMW 740i	BMW코리아㈜	휘발유	2979	1825	자동8	9.9	-	4	179	2,923,530
468	BMW 740Li	BMW코리아㈜	휘발유	2979	1845	자동8	9.9	-	4	179	2,923,530
467	쏘나타 2.0LPI(신연비)	현대자동차㈜	LPG	1999	1425	수동6	9.9	-	4	135	1,665,545
466	렉서스 GS250	한국토요타자동차㈜	휘발유	2500	1710	자동6	9.9	-	4	180	2,923,530
465	카이맨	스투트가르트스포츠카(주)	휘발유	2893	1465	자동7	9.8	-	4	240	2,953,362
464	렉서스 ES350	한국토요타자동차㈜	휘발유	3456	1670	자동6	9.8	4	4	240	2,953,362
463	카렌스 2.0 LPI	기아자동차㈜	LPG	1998	1525	수동5	9.8	4	4	180	1,682,541
462	BMW 535i GT	BMW코리아㈜	휘발유	2979	1950	자동8	9.8	-	4	239	2,953,362
461	BMW Z4 sDrive35is	BMW코리아㈜	휘발유	2979	1525	자동7	9.8	-	4	239	2,953,362
460	TTS Coupe quattro	아우디폭스바겐코리아(주)	휘발유	1984	1490	자동6	9.8	-	4	180	2,953,362
459	BMW 335i Convertible	BMW코리아㈜	휘발유	2979	1800	자동7	9.8	-	4	238	2,953,362
458	TTS Roadster quattro	아우디폭스바겐코리아(주)	휘발유	1984	1555	자동6	9.8	-	4	180	2,953,362
457	300C	크라이슬러코리아㈜	휘발유	3604	1840	자동8	9.7	-	4	241	2,983,809
456	A5 Cabriolet 2.0 TFSI quattro	아우디폭스바겐코리아(주)	휘발유	1984	1845	자동8	9.7	-	4	182	2,983,809
455	스포티지 2.0T-GDI 2WD(신연비)	기아자동차㈜	휘발유	1998	1485	자동6	9.7	-	4	182	2,983,809
454	Touareg 4.2 TDI	아우디폭스바겐코리아(주)	경유	4134	2445	자동8	9.7	-	4	210	2,713,639
453	짚 컴패스 FWD	크라이슬러코리아㈜	휘발유	2360	1440	무단변속	9.7	-	4	182	2,983,809
452	에쿠스 3.8GDI	현대자동차㈜	휘발유	3778	1915	자동8	9.7	-	4	240	2,983,809
451	쏘나타 2.0LPI ISG(경제형)(신연비)	현대자동차㈜	LPG	1999	1445	자동6	9.7	-	4	139	1,699,887
450	New SM5 LPLi	르노삼성자동차㈜	LPG	1998	1470	무단변속	9.6	-	4	139	1,717,594
449	BMW 535i xDrive	BMW코리아㈜	휘발유	2979	1765	자동8	9.6	-	4	244	3,014,891
448	제네시스 쿠페 3.8GDI	현대자동차㈜	휘발유	3778	1580	자동8	9.6	-	4	244	3,014,891
447	레인지로버 4.4D	(주)재규어랜드로버코리아	경유	4367	2715	자동8	9.6	-	4	280	2,741,906
446	뉴 SM7	르노삼성자동차㈜	휘발유	3498	1640	자동6	9.6	-	4	244	3,014,891
445	제네시스 3.3GDI	현대자동차㈜	휘발유	3342	1750	자동8	9.6	-	4	184	3,014,891
444	Phaeton 3.0 TDI	아우디폭스바겐코리아(주)	경유	2967	2356	자동6	9.6	-	4	211	2,741,906
443	토요타 RAV4 4WD	한국토요타자동차㈜	휘발유	2494	1640	자동4	9.6	-	4	184	3,014,891
442	370Z	한국닛산(주)	휘발유	3696	1545	자동7	9.6	-	4	243	3,014,891
441	오피러스 λ3.8 CVVT	기아자동차㈜	휘발유	3778	1700	자동6	9.6	-	4	243	3,014,891
440	K5 2.0LPI ISG(경제형)(신연비)	기아자동차㈜	LPG	1999	1450	자동6	9.6	-	4	139	1,717,594
439	K9 3.3GDI	기아자동차㈜	휘발유	3342	1870	자동8	9.6	-	4	184	3,014,891
438	300C	크라이슬러코리아㈜	휘발유	3604	1840	자동8	9.5	-	4	187	3,046,626
437	Q7 4.2 TDI quattro	아우디폭스바겐코리아(주)	경유	4134	2740	자동8	9.5	-	4	213	2,770,768
436	볼보 C70	㈜볼보자동차코리아	휘발유	2521	1780	자동5	9.5	-	4	245	3,046,626
435	A6 3.0 TFSI quattro	아우디폭스바겐코리아(주)	휘발유	2995	1845	자동8	9.5	-	4	247	3,046,626
434	E350 4Matic	메르세데스-벤츠코리아(주)	휘발유	3498	1860	자동7	9.5	-	4	246	3,046,626
433	짚랭글러 2.8	크라이슬러코리아㈜	경유	2776	2000	자동5	9.5	-	4	214	2,770,768
432	볼보 C70	㈜볼보자동차코리아	휘발유	2521	1730	자동5	9.5	4	4	245	3,046,626
431	볼보C30T5	㈜볼보자동차코리아	휘발유	2521	1475	자동5	9.5	4	4	246	3,046,626
430	렉서스 LS600hL	한국토요타자동차㈜	휘발유	4969	2365	무단변속	9.5	4	4	246	3,046,626
429	인피니티 G37S	한국닛산(주)	휘발유	3696	1695	자동7	9.5	-	4	247	3,046,626
428	아웃랜더	엠엠에스케이(주)	휘발유	2998	1700	자동6	9.5	-	4	247	3,046,626
427	인피니티 M37	한국닛산(주)	휘발유	3696	1775	자동7	9.5	-	4	247	3,046,626
426	카렌스 2.0가솔린	기아자동차㈜	휘발유	1998	1510	자동4	9.5	-	4	187	3,046,626
425	렉서스 GS350	한국토요타자동차㈜	휘발유	3456	1720	자동6	9.5	-	4	188	3,046,626
424	박스터 S	스투트가르트스포츠카(주)	휘발유	3436	1390	수동6	9.5	-	4	187	3,046,626
423	짚 컴패스 (4X4)	크라이슬러코리아㈜	휘발유	2360	1580	무단변속	9.4	-	4	189	3,079,037
422	재규어 XF 2.0GTDI	(주)재규어랜드로버코리아	휘발유	1999	1760	자동8	9.4	-	4	189	3,079,037
421	에쿠스리무진 3.8 GDI	현대자동차㈜	휘발유	3778	2065	자동8	9.4	-	4	248	3,079,037
420	짚 랭글러	크라이슬러코리아㈜	경유	2776	2000	자동5	9.4	-	4	216	2,800,245
419	박스터 S 블랙에디션	스투트가르트스포츠카(주)	휘발유	3436	1440	수동6	9.4	-	4	249	3,079,037
418	알페온 3.0	한국지엠주식회사	휘발유	2997	1725	자동6	9.4	-	4	190	3,079,037
417	박스터 스파이더	스투트가르트스포츠카(주)	휘발유	3436	1345	수동6	9.4	-	4	250	3,079,037
416	E300	메르세데스-벤츠코리아(주)	휘발유	3498	1750	자동7	9.4	-	4	188	3,079,037
415	토요타 SIENNA	한국토요타자동차㈜	휘발유	2672	1935	자동6	9.4	-	4	189	3,079,037
414	짚 컴패스	크라이슬러코리아㈜	휘발유	2360	1580	무단변속	9.4	-	4	187	3,079,037
413	911 카레라 S	스투트가르트스포츠카(주)	휘발유	3800	1500	자동7	9.4	-	4	189	3,079,037
412	New SM7 3.5	르노삼성자동차㈜	휘발유	3498	1640	자동6	9.4	-	4	188	3,079,037
411	캐딜락 CTS 3.0	GM코리아㈜	휘발유	2997	1800	자동6	9.4	-	4	249	3,079,037
410	캐딜락 CTS Wagon 3.0	GM코리아㈜	휘발유	2997	1870	자동6	9.4	-	4	249	3,079,037
409	카이맨 S	스투트가르트스포츠카(주)	휘발유	3436	1440	수동6	9.4	-	4	249	3,079,037
408	INFINITI G37 Convertible	한국닛산(주)	휘발유	3696	1905	자동7	9.4	-	4	250	3,079,037
407	스피라	어울림네트웍스(주)	휘발유	2656	1320	수동6	9.4	-	4	248	3,079,037
406	E350 Cabriolet	메르세데스-벤츠코리아(주)	휘발유	3498	1805	자동7	9.4	-	4	248	3,079,037
405	A7 3.0 TFSI quattro	아우디폭스바겐코리아(주)	휘발유	2995	1920	자동8	9.4	-	4	249	3,079,037
404	파제로	씨엑스씨 주식회사	경유	3200	2360	자동5	9.4	-	4	216	2,800,245
403	토요타 SIENNA	한국토요타자동차㈜	휘발유	3456	2075	자동6	9.4	-	4	249	3,079,037
402	K5 2.0LPI(신연비)	기아자동차㈜	LPG	1999	1450	자동6	9.3	-	4	145	1,773,000
401	K9 3.8GDI	기아자동차㈜	휘발유	3778	1910	자동8	9.3	-	4	191	3,112,145
400	911 카레라	스투트가르트스포츠카(주)	휘발유	3436	1495	자동7	9.3	-	4	191	3,112,145
399	911 카레라 카브리올레	스투트가르트스포츠카(주)	휘발유	3436	1550	자동7	9.3	-	4	191	3,112,145
398	디스커버리4 3.0D	(주)재규어랜드로버코리아	경유	2993	2630	자동6	9.3	-	4	290	2,830,355
397	제네시스 3.8GDI	현대자동차㈜	휘발유	3778	1795	자동8	9.3	-	4	191	3,112,145
396	911 카레라 카브리올레	스투트가르트스포츠카(주)	휘발유	3436	1530	자동7	9.3	-	4	191	3,112,145
395	BMW ActiveHybrid 7	BMW코리아㈜	휘발유	4395	2070	자동8	9.3	-	4	248	3,112,145
394	머스탱	포드세일즈서비스코리아(유)	휘발유	3726	1625	자동6	9.3	-	4	191	3,112,145
393	911 카레라	스투트가르트스포츠카(주)	휘발유	3436	1480	자동7	9.3	-	4	191	3,112,145
392	카이맨 S 블랙에디션	스투트가르트스포츠카(주)	휘발유	3436	1440	수동6	9.3	-	4	253	3,112,145
391	쏘나타 2.0LPI(신연비)	현대자동차㈜	LPG	1999	1445	자동6	9.3	-	4	144	1,773,000
390	카이맨 R	스투트가르트스포츠카(주)	휘발유	3436	1430	수동6	9.3	-	4	253	3,112,145
389	박스터 S	스투트가르트스포츠카(주)	휘발유	3436	1440	수동6	9.3	-	4	253	3,112,145
388	인피니티 G37C	한국닛산(주)	휘발유	3696	1730	자동7	9.3	-	4	253	3,112,145
387	무라노	한국닛산(주)	휘발유	3498	1895	무단변속	9.3	-	4	253	3,112,145
386	디스커버리4 3.0D	(주)재규어랜드로버코리아	경유	2993	2665	자동6	9.3	-	4	290	2,830,355
385	알페온 3.0	한국지엠주식회사	휘발유	2997	1785	자동6	9.3	-	4	252	3,112,145
384	911 카레라 S	스투트가르트스포츠카(주)	휘발유	3800	1530	자동7	9.2	-	4	193	3,145,973
383	911 카레라 S	스투트가르트스포츠카(주)	휘발유	3800	1470	수동7	9.2	-	4	195	3,145,973
382	911 카레라 S 카브리올레	스투트가르트스포츠카(주)	휘발유	3800	1585	자동7	9.2	-	4	193	3,145,973
381	스포티지 2.0T-GDI 4WD(신연비)	기아자동차㈜	휘발유	1998	1550	자동6	9.2	-	4	194	3,145,973
380	이스케이프	포드세일즈서비스코리아(유)	휘발유	1999	1785	자동6	9.2	-	4	192	3,145,973
379	짚랭글러 2.8	크라이슬러코리아㈜	경유	2776	2175	자동5	9.2	-	4	222	2,861,120
378	짚 랭글러	크라이슬러코리아㈜	경유	2776	2175	자동5	9.2	-	4	221	2,861,120
377	카니발 3.5가솔린(9인)	기아자동차㈜	휘발유	3470	2062	자동6	9.2	-	4	255	3,145,973
376	토러스	포드세일즈서비스코리아(유)	휘발유	3496	1900	자동6	9.2	-	4	193	3,145,973
375	제네시스 쿠페 3.8가솔린	현대자동차㈜	휘발유	3778	1564	자동6	9.2	-	4	254	3,145,973
374	Benz E300	메르세데스-벤츠코리아(주)	휘발유	3498	1775	자동7	9.2	-	4	254	3,145,973
373	벤츠 E350 Coupe	메르세데스-벤츠코리아(주)	휘발유	3498	1670	자동7	9.2	-	4	255	3,145,973
372	Benz E300	메르세데스-벤츠코리아(주)	휘발유	2996	1735	자동7	9.2	-	4	256	3,145,973
371	Benz E350	메르세데스-벤츠코리아(주)	휘발유	3498	1815	자동7	9.2	-	4	254	3,145,973
370	벤츠 S400 Hybrid L	메르세데스-벤츠코리아(주)	휘발유	3498	2130	자동7	9.2	-	4	259	3,145,973
369	911 카레라 S 카브리올레	스투트가르트스포츠카(주)	휘발유	3800	1550	자동7	9.2	-	4	193	3,145,973
368	BMW 535i xDrive	BMW코리아㈜	휘발유	2979	1765	자동8	9.1	-	4	195	3,180,544
367	SLK55 AMG	메르세데스-벤츠코리아(주)	휘발유	5461	1630	자동7	9.1	-	4	195	3,180,544
366	박스터 S 블랙에디션	스투트가르트스포츠카(주)	휘발유	3436	1470	자동7	9.1	-	4	259	3,180,544
365	S350 CGI L	메르세데스-벤츠코리아(주)	휘발유	3498	2000	자동7	9.1	-	4	258	3,180,544
364	300C	크라이슬러코리아㈜	휘발유	3604	1815	자동5	9.1	-	4	258	3,180,544
363	A5 Cabriolet 2.0 TFSI quattro	아우디폭스바겐코리아(주)	휘발유	1984	1848	자동8	9.1	-	4	257	3,180,544
362	시보레카마로	(주)오토젠	휘발유	3564	1720	자동6	9.1	-	4	256	3,180,544
361	카이맨 R	스투트가르트스포츠카(주)	휘발유	3436	1455	자동7	9.1	-	4	257	3,180,544
360	Benz C230	메르세데스-벤츠코리아(주)	휘발유	2496	1625	자동7	9.1	4	4	258	3,180,544
359	카이맨 S	스투트가르트스포츠카(주)	휘발유	3436	1470	자동7	9.1	-	4	259	3,180,544
358	렉서스 RX350	한국토요타자동차㈜	휘발유	3456	2060	자동6	9.1	-	4	258	3,180,544
357	Benz C250	메르세데스-벤츠코리아(주)	휘발유	2496	1625	자동7	9.1	-	4	258	3,180,544
356	Legacy 3.6	스바루코리아(주)	휘발유	3630	1605	자동5	9.1	-	4	257	3,180,544
355	Outback 3.6	스바루코리아(주)	휘발유	3630	1645	자동5	9.1	-	4	258	3,180,544
354	카이맨 S 블랙에디션	스투트가르트스포츠카(주)	휘발유	3436	1470	자동7	9.1	-	4	257	3,180,544
353	인피니티 EX35	한국닛산(주)	휘발유	3498	1830	자동7	9.1	-	4	257	3,180,544
352	A7 3.0 TFSI quattro	아우디폭스바겐코리아(주)	휘발유	2995	1920	자동8	9	-	4	198	3,215,883
351	A6 3.0 TFSI quattro	아우디폭스바겐코리아(주)	휘발유	2995	1845	자동8	9	-	4	198	3,215,883
350	A6 2.0 TFSI quattro	아우디폭스바겐코리아(주)	휘발유	1984	1775	자동8	9	-	4	198	3,215,883
349	BMW X6 xDrive35i	BMW코리아㈜	휘발유	2979	2070	자동8	9	-	4	259	3,215,883
348	링컨MKS	포드세일즈서비스코리아(유)	휘발유	3726	1955	자동6	9	-	4	197	3,215,883
347	제네시스 쿠페 3.8GDI (신연비)	현대자동차㈜	휘발유	3778	1560	수동6	9	-	4	198	3,215,883
346	제네시스 5.0GDI	현대자동차㈜	휘발유	5038	1870	자동8	9	-	4	259	3,215,883
345	BMW X5 xDrive35i	BMW코리아㈜	휘발유	2979	2070	자동8	9	-	4	259	3,215,883
344	쏘나타 2.0LPI(대형)	현대자동차㈜	LPG	1998	1510	자동4	9	4	4	196	1,832,100
343	박스터 S	스투트가르트스포츠카(주)	휘발유	3436	1470	자동7	9	-	4	259	3,215,883
342	E350 Cabriolet	메르세데스-벤츠코리아(주)	휘발유	3498	1790	자동7	9	-	4	261	3,215,883
341	레인지로버 스포츠 3.0D	(주)재규어랜드로버코리아	경유	2993	2590	자동6	9	-	4	298	2,924,700
340	박스터 스파이더	스투트가르트스포츠카(주)	휘발유	3436	1370	자동7	9	-	4	261	3,215,883
339	911 카레라 4 카브리올레	스투트가르트스포츠카(주)	휘발유	3436	1580	자동7	9	-	4	198	3,215,883
338	BMW 535i xDrive GT	BMW코리아㈜	휘발유	2979	1995	자동8	9	-	4	261	3,215,883
337	에쿠스 3.8GDI(신연비)	현대자동차㈜	휘발유	3778	1915	자동8	8.9	-	4	201	3,252,017
336	볼보 S80T6	㈜볼보자동차코리아	휘발유	2953	1850	자동6	8.9	-	4	262	3,252,017
335	파나메라	스투트가르트스포츠카(주)	휘발유	3605	1845	자동7	8.9	-	4	201	3,252,017
334	익스플로러	포드세일즈서비스코리아(유)	휘발유	1999	2130	자동6	8.9	-	4	200	3,252,017
333	INFINITI M37x	한국닛산(주)	휘발유	3696	1845	자동7	8.9	-	4	200	3,252,017
332	카이엔	스투트가르트스포츠카(주)	휘발유	3598	2380	자동8	8.9	-	4	265	3,252,017
331	K7 3.0LPI	기아자동차㈜	LPG	2999	1620	자동6	8.9	-	4	199	1,852,685
330	그랜저 3.0LPI	현대자동차㈜	LPG	2999	1620	자동6	8.9	-	4	199	1,852,685
329	머스탱	포드세일즈서비스코리아(유)	휘발유	3726	1680	자동6	8.9	-	4	200	3,252,017
328	캐딜락 CTS Coupe	GM코리아㈜	휘발유	3564	1810	자동6	8.8	-	4	266	3,288,972
327	Q7 4.2 TDI quattro	아우디폭스바겐코리아(주)	경유	4134	2740	자동8	8.8	-	4	305	2,991,170
326	캐딜락 CTS 3.6	GM코리아㈜	휘발유	3564	1865	자동6	8.8	-	4	204	3,288,972
325	아웃랜더	씨엑스씨 주식회사	휘발유	2998	1700	자동6	8.8	-	4	202	3,288,972
324	에쿠스 5.0GDI	현대자동차㈜	휘발유	5038	2040	자동8	8.8	-	4	265	3,288,972
323	렉서스 LS460	한국토요타자동차㈜	휘발유	4608	2030	자동7	8.8	4	4	266	3,288,972
322	A8 LWB 3.0 TFSI quattro	아우디폭스바겐코리아(주)	휘발유	2995	2065	자동8	8.8	-	4	203	3,288,972
321	파나메라	스투트가르트스포츠카(주)	휘발유	3605	2000	자동7	8.8	-	4	264	3,288,972
320	레인지로버 TDV8	(주)재규어랜드로버코리아	경유	3628	2735	자동6	8.8	-	4	304	2,991,170
319	BMW ActiveHybrid X6	BMW코리아㈜	휘발유	4395	2450	자동7	8.8	-	4	262	3,288,972
318	ODYSSEY	혼다코리아(주)	휘발유	3471	2010	자동5	8.8	-	4	204	3,288,972
317	디스커버리4 2.7D	(주)재규어랜드로버코리아	경유	2720	2515	자동6	8.8	-	4	305	2,991,170
316	렉서스 LS460L	한국토요타자동차㈜	휘발유	4608	2050	자동7	8.8	4	4	266	3,288,972
315	볼보 XC60T6	㈜볼보자동차코리아	휘발유	2953	1920	자동6	8.8	-	4	265	3,288,972
314	체어맨H 가솔린 2.8	쌍용자동차㈜	휘발유	2799	1730	자동5	8.8	-	4	266	3,288,972
313	캐딜락 CTS Coupe	GM코리아㈜	휘발유	3564	1825	자동6	8.8	-	4	204	3,288,972
312	A8 3.0 TFSI quattro	아우디폭스바겐코리아(주)	휘발유	2995	2005	자동8	8.8	-	4	203	3,288,972
311	캐딜락 CTS	GM코리아㈜	휘발유	3564	1830	자동6	8.8	4	4	266	3,288,972
310	파나메라 4	스투트가르트스포츠카(주)	휘발유	3605	1900	자동7	8.7	-	4	205	3,326,776
309	제네시스 쿠페 3.8GDI (신연비)	현대자동차㈜	휘발유	3778	1580	자동8	8.7	-	4	207	3,326,776
308	올란도 2.0 LPG	한국지엠주식회사	LPG	1998	1645	자동6	8.7	-	4	203	1,895,276
307	말리부 2.0 LPG	한국지엠주식회사	LPG	1998	1585	자동6	8.7	-	4	202	1,895,276
306	S4 3.0 TFSI quattro	아우디폭스바겐코리아(주)	휘발유	2995	1830	자동7	8.7	-	4	205	3,326,776
305	S5 3.0 TFSI quattro	아우디폭스바겐코리아(주)	휘발유	2995	1820	자동7	8.7	-	4	205	3,326,776
304	카이맨 R	스투트가르트스포츠카(주)	휘발유	3436	1455	자동7	8.7	-	4	206	3,326,776
303	재규어 F-TYPE	(주)재규어랜드로버코리아	휘발유	2995	1730	자동8	8.7	-	4	206	3,326,776
302	체어맨H 가솔린 3.2	쌍용자동차㈜	휘발유	3199	1735	자동5	8.7	-	4	269	3,326,776
301	볼보 S80 3.2	㈜볼보자동차코리아	휘발유	3192	1720	자동6	8.7	4	4	268	3,326,776
300	Benz CLS350	메르세데스-벤츠코리아(주)	휘발유	3498	1760	자동7	8.7	4	4	270	3,326,776
299	올란도 2.0 LPG	한국지엠주식회사	LPG	1998	1635	자동6	8.7	-	4	203	1,895,276
298	링컨MKZ	포드세일즈서비스코리아(유)	휘발유	3496	1670	자동6	8.7	-	4	206	3,326,776
297	캐딜락 CTS 3.0	GM코리아㈜	휘발유	2997	1855	자동6	8.6	-	4	209	3,365,459
296	911 블랙에디션	스투트가르트스포츠카(주)	휘발유	3614	1545	자동7	8.6	-	4	274	3,365,459
295	911 블랙에디션 카브리올레	스투트가르트스포츠카(주)	휘발유	3614	1605	자동7	8.6	-	4	274	3,365,459
294	캐딜락 CTS Wagon 3.0	GM코리아㈜	휘발유	2997	1915	자동6	8.6	-	4	209	3,365,459
293	카렌스 2.0 LPI	기아자동차㈜	LPG	1998	1555	자동4	8.6	4	4	205	1,917,314
292	베라크루즈 3.8가솔린 2WD	현대자동차㈜	휘발유	3778	1970	자동6	8.5	-	4	275	3,405,053
291	BMW 328i Convertible	BMW코리아㈜	휘발유	2996	1650	자동6	8.5	4	4	276	3,405,053
290	BMW 740i	BMW코리아㈜	휘발유	2979	1950	자동6	8.5	-	4	276	3,405,053
289	BMW 740Li	BMW코리아㈜	휘발유	2979	2000	자동6	8.5	-	4	276	3,405,053
288	재규어 XF 3.0SC	(주)재규어랜드로버코리아	휘발유	2995	1950	자동8	8.5	-	4	210	3,405,053
287	벤츠 E350 4Matic	메르세데스-벤츠코리아(주)	휘발유	3498	1885	자동7	8.5	-	4	276	3,405,053
286	S4 3.0 TFSI quattro	아우디폭스바겐코리아(주)	휘발유	2995	1810	자동7	8.5	-	4	275	3,405,053
285	토요타 VENZA	한국토요타자동차㈜	휘발유	3456	1920	자동6	8.5	-	4	209	3,405,053
284	911 카레라 GTS	스투트가르트스포츠카(주)	휘발유	3800	1560	자동7	8.5	-	4	274	3,405,053
283	쏘나타(NF) 2.0LPI(신연비)	현대자동차㈜	LPG	1998	1480	수동5	8.5	-	4	159	1,939,871
282	파나메라 4	스투트가르트스포츠카(주)	휘발유	3605	2045	자동7	8.5	-	4	276	3,405,053
281	토요타 SIENNA	한국토요타자동차㈜	휘발유	3456	2080	자동6	8.5	-	4	210	3,405,053
280	911 카레라 4	스투트가르트스포츠카(주)	휘발유	3614	1595	자동7	8.5	-	4	277	3,405,053
279	911 카레라 4 카브리올레	스투트가르트스포츠카(주)	휘발유	3614	1655	자동7	8.5	-	4	277	3,405,053
278	911 타르가 4	스투트가르트스포츠카(주)	휘발유	3614	1635	자동7	8.5	-	4	277	3,405,053
277	911 카레라 GTS 카브리올레	스투트가르트스포츠카(주)	휘발유	3800	1620	자동7	8.5	-	4	274	3,405,053
276	체어맨H 가솔린 3.2	쌍용자동차㈜	휘발유	3199	1735	자동5	8.5	-	4	211	3,405,053
275	체어맨W 가솔린 3.2 2WD	쌍용자동차㈜	휘발유	3199	1930	자동7	8.5	-	4	276	3,405,053
274	체어맨H 가솔린 2.8	쌍용자동차㈜	휘발유	2799	1730	자동5	8.4	-	4	212	3,445,589
273	911 카레라 S 파워킷	스투트가르트스포츠카(주)	휘발유	3800	1500	자동7	8.4	-	4	212	3,445,589
272	체어맨W 가솔린 3.6 2WD	쌍용자동차㈜	휘발유	3598	1990	자동7	8.4	-	4	278	3,445,589
271	에쿠스리무진 3.8GDI(신연비)	현대자동차㈜	휘발유	3778	2065	자동8	8.4	-	4	214	3,445,589
270	카이엔	스투트가르트스포츠카(주)	휘발유	3598	2185	자동8	8.4	-	4	212	3,445,589
269	911 카레라 S 파워킷 카브리올레	스투트가르트스포츠카(주)	휘발유	3800	1550	자동7	8.4	-	4	212	3,445,589
268	재규어 XJ 3.0SC	(주)재규어랜드로버코리아	휘발유	2995	1910	자동8	8.4	-	4	213	3,445,589
267	체어맨W 리무진 가솔린 3.6	쌍용자동차㈜	휘발유	3598	2070	자동7	8.4	-	4	279	3,445,589
266	렉서스 ISF	한국토요타자동차㈜	휘발유	4969	1740	자동8	8.4	-	4	279	3,445,589
265	911 카레라 S	스투트가르트스포츠카(주)	휘발유	3800	1520	수동6	8.4	-	4	277	3,445,589
264	오피러스 μ2.7 LPI	기아자동차㈜	LPG	2656	1705	자동6	8.4	-	4	211	1,962,964
263	911 카레라 S 카브리올레	스투트가르트스포츠카(주)	휘발유	3800	1580	수동6	8.4	-	4	277	3,445,589
262	INFINITI JX35 (2WD)	한국닛산(주)	휘발유	3498	1990	무단변속	8.4	-	4	211	3,445,589
261	GT-R	한국닛산(주)	휘발유	3799	1760	자동6	8.4	-	4	279	3,445,589
260	쉐보레 카마로	GM코리아㈜	휘발유	3564	1755	자동6	8.4	-	4	214	3,445,589
259	A8 4.2 FSI quattro	아우디폭스바겐코리아(주)	휘발유	4163	2010	자동8	8.3	-	5	282	3,487,102
258	A8 3.0 TFSI quattro	아우디폭스바겐코리아(주)	휘발유	2995	1995	자동8	8.3	-	5	282	3,487,102
257	A8 LWB 3.0 TFSI quattro	아우디폭스바겐코리아(주)	휘발유	2995	2015	자동8	8.3	-	5	282	3,487,102
256	카렌스 2.0LPI	기아자동차㈜	LPG	1998	1525	수동5	8.3	-	5	161	1,986,614
255	BMW 650i Convertible	BMW코리아㈜	휘발유	4395	1940	자동8	8.3	-	5	214	3,487,102
254	말리부 2.0 LPG	한국지엠주식회사	LPG	1998	1585	자동6	8.3	-	5	163	1,986,614
253	A8 LWB 4.2 FSI quattro	아우디폭스바겐코리아(주)	휘발유	4163	2040	자동8	8.3	-	5	282	3,487,102
252	렉서스 RX350	한국토요타자동차㈜	휘발유	3456	2060	자동6	8.3	-	5	215	3,487,102
251	GT-R	한국닛산(주)	휘발유	3799	1735	자동6	8.3	-	5	283	3,487,102
250	Benz S350	메르세데스-벤츠코리아(주)	휘발유	3498	1980	자동7	8.3	5	5	282	3,487,102
249	제네시스 5.0GDI	현대자동차㈜	휘발유	5038	1870	자동8	8.2	-	5	218	3,529,628
248	카니발 3.5가솔린 7인(신연비)	기아자동차㈜	휘발유	3470	2032	자동6	8.2	-	5	218	3,529,628
247	INFINITI JX35 (4WD)	한국닛산(주)	휘발유	3498	2060	무단변속	8.2	-	5	217	3,529,628
246	인피니티 M56	한국닛산(주)	휘발유	5552	1895	자동7	8.2	-	5	285	3,529,628
245	CLS63 AMG	메르세데스-벤츠코리아(주)	휘발유	5461	1930	자동7	8.2	-	5	286	3,529,628
244	BMW 750Li	BMW코리아㈜	휘발유	4395	1960	자동8	8.2	-	5	220	3,529,628
243	PILOT	혼다코리아(주)	휘발유	3471	2080	자동5	8.2	-	5	217	3,529,628
242	그랜저 3.0LPI(신연비)	현대자동차㈜	LPG	2999	1620	자동6	8.2	-	5	166	2,010,841
241	911 카레라 4S 카브리올레	스투트가르트스포츠카(주)	휘발유	3800	1600	자동7	8.2	-	5	219	3,529,628
240	911 카레라 S 카브리올레	스투트가르트스포츠카(주)	휘발유	3800	1610	자동7	8.2	-	5	285	3,529,628
239	토러스SHO	포드세일즈서비스코리아(유)	휘발유	3496	2020	자동6	8.2	-	5	220	3,529,628
238	911 카레라 S	스투트가르트스포츠카(주)	휘발유	3800	1550	자동7	8.2	-	5	285	3,529,628
237	카니발 3.5가솔린 9인(신연비)	기아자동차㈜	휘발유	3470	2062	자동6	8.2	-	5	218	3,529,628
236	체어맨H 가솔린 2.8	쌍용자동차㈜	휘발유	2799	1820	자동5	8.2	5	5	285	3,529,628
235	K7 3.0LPI	기아자동차㈜	LPG	2999	1625	자동6	8.2	-	5	166	2,010,841
234	렌서 에볼루션	엠엠에스케이(주)	휘발유	1998	1645	자동6	8.1	-	5	289	3,573,204
233	캐딜락 SRX 3.0	GM코리아㈜	휘발유	2997	2075	자동6	8.1	-	5	288	3,573,204
232	911 터보 S 918 에디션	스투트가르트스포츠카(주)	휘발유	3800	1635	자동7	8.1	-	5	221	3,573,204
231	911 터보 카브리올레	스투트가르트스포츠카(주)	휘발유	3800	1705	자동7	8.1	-	5	221	3,573,204
230	A8 4.0 TFSI quattro	아우디폭스바겐코리아(주)	휘발유	3993	2070	자동8	8.1	-	5	222	3,573,204
229	BMW M5	BMW코리아㈜	휘발유	4395	1870	자동7	8.1	-	5	220	3,573,204
228	BMW 650i Convertible	BMW코리아㈜	휘발유	4395	1940	자동8	8.1	-	5	289	3,573,204
227	911 터보 S	스투트가르트스포츠카(주)	휘발유	3800	1635	자동7	8.1	-	5	221	3,573,204
226	A8 LWB 4.0 TFSI quattro	아우디폭스바겐코리아(주)	휘발유	3993	2095	자동8	8.1	-	5	222	3,573,204
225	BMW 750Li xDrive	BMW코리아㈜	휘발유	4395	2035	자동8	8.1	-	5	222	3,573,204
224	911 터보	스투트가르트스포츠카(주)	휘발유	3800	1645	자동7	8.1	-	5	221	3,573,204
223	911 카레라 4S	스투트가르트스포츠카(주)	휘발유	3800	1570	수동6	8.1	-	5	289	3,573,204
222	911 터보 S 카브리올레 918 에디션	스투트가르트스포츠카(주)	휘발유	3800	1695	자동7	8.1	-	5	221	3,573,204
221	체어맨W 가솔린 3.2 2WD	쌍용자동차㈜	휘발유	3199	1935	자동7	8.1	-	5	222	3,573,204
220	911 터보 S 카브리올레	스투트가르트스포츠카(주)	휘발유	3800	1695	자동7	8.1	-	5	221	3,573,204
219	에쿠스 5.0GDI(신연비)	현대자동차㈜	휘발유	5038	2040	자동8	8.1	-	5	223	3,573,204
218	에쿠스리무진 5.0 GDI	현대자동차㈜	휘발유	5038	2150	자동8	8.1	-	5	289	3,573,204
217	볼보 XC60T6	㈜볼보자동차코리아	휘발유	2953	1870	자동6	8.1	-	5	290	3,573,204
216	911 타르가 4S	스투트가르트스포츠카(주)	휘발유	3800	1610	수동6	8.1	-	5	289	3,573,204
215	911 카레라 4S 카브리올레	스투트가르트스포츠카(주)	휘발유	3800	1630	수동6	8.1	-	5	289	3,573,204
214	베라크루즈 3.8가솔린 4WD	현대자동차㈜	휘발유	3778	2110	자동6	8.1	5	5	293	3,573,204
213	911 카레라 4S 카브리올레	스투트가르트스포츠카(주)	휘발유	3800	1660	자동7	8	-	5	294	3,617,869
212	벤츠 SLK350	메르세데스-벤츠코리아(주)	휘발유	3498	1520	자동7	8	-	5	293	3,617,869
211	체어맨W 가솔린 3.6 2WD	쌍용자동차㈜	휘발유	3598	1990	자동7	8	-	5	225	3,617,869
210	S500 CGI L	메르세데스-벤츠코리아(주)	휘발유	4663	2135	자동7	8	-	5	292	3,617,869
209	올란도 2.0 LPG	한국지엠주식회사	LPG	1998	1635	자동6	8	-	5	169	2,061,113
208	E63 AMG	메르세데스-벤츠코리아(주)	휘발유	5461	1980	자동7	8	-	5	294	3,617,869
207	911 카레라 4 GTS 카브리올레	스투트가르트스포츠카(주)	휘발유	3800	1660	자동7	8	-	5	292	3,617,869
206	911 카레라 4 GTS	스투트가르트스포츠카(주)	휘발유	3800	1600	자동7	8	-	5	292	3,617,869
205	911 타르가 4S	스투트가르트스포츠카(주)	휘발유	3800	1640	자동7	8	-	5	294	3,617,869
204	911 카레라 4S	스투트가르트스포츠카(주)	휘발유	3800	1600	자동7	8	-	5	294	3,617,869
203	올란도 2.0 LPG	한국지엠주식회사	LPG	1998	1645	자동6	8	-	5	169	2,061,113
202	A6 3.0 TFSI quattro	아우디폭스바겐코리아(주)	휘발유	2995	1925	자동6	8	-	5	293	3,617,869
201	프리랜더 3.2	(주)재규어랜드로버코리아	휘발유	3192	1900	자동6	8	5	5	294	3,617,869
200	체어맨W 가솔린 3.6 리무진	쌍용자동차㈜	휘발유	3598	2070	자동7	8	-	5	225	3,617,869
199	체어맨W 가솔린 3.2 2WD	쌍용자동차㈜	휘발유	3199	1950	자동7	8	5	5	292	3,617,869
198	볼보 S80T6	㈜볼보자동차코리아	휘발유	2953	1870	자동6	8	-	5	292	3,617,869
197	S7 4.0 TFSI quattro	아우디폭스바겐코리아(주)	휘발유	3993	2042	자동7	7.9	-	5	227	3,663,665
196	S6 4.0 TFSI quattro	아우디폭스바겐코리아(주)	휘발유	3993	2042	자동7	7.9	-	5	227	3,663,665
195	그랜드보이저	크라이슬러코리아㈜	휘발유	3604	2140	자동6	7.9	-	5	296	3,663,665
194	체어맨W 가솔린 3.6 AWD	쌍용자동차㈜	휘발유	3598	2075	자동7	7.9	-	5	297	3,663,665
193	체어맨W 가솔린 3.2 AWD	쌍용자동차㈜	휘발유	3199	2030	자동7	7.9	-	5	296	3,663,665
192	볼보 S80T6	㈜볼보자동차코리아	휘발유	2953	1850	자동6	7.9	-	5	228	3,663,665
191	인피니티 FX35	한국닛산(주)	휘발유	3498	1970	자동7	7.9	-	5	297	3,663,665
190	쏘나타(NF) 2.0LPI(신연비)	현대자동차㈜	LPG	1998	1510	자동4	7.8	-	5	174	2,113,962
189	S500 CGI 4Matic L	메르세데스-벤츠코리아(주)	휘발유	4663	2210	자동7	7.8	-	5	300	3,710,635
188	911 터보 S 카브리올레	스투트가르트스포츠카(주)	휘발유	3800	1695	자동7	7.8	-	5	301	3,710,635
187	911 터보 S	스투트가르트스포츠카(주)	휘발유	3800	1635	자동7	7.8	-	5	301	3,710,635
186	볼보 S80 3.2AWD	㈜볼보자동차코리아	휘발유	3192	1815	자동6	7.8	-	5	302	3,710,635
185	체어맨H 가솔린 3.2	쌍용자동차㈜	휘발유	3199	1840	자동5	7.8	5	5	300	3,710,635
184	체어맨W 가솔린 3.6 2WD	쌍용자동차㈜	휘발유	3598	2015	자동7	7.8	5	5	300	3,710,635
183	재규어 XK 5.0	(주)재규어랜드로버코리아	휘발유	5000	1730	자동6	7.8	-	5	301	3,710,635
182	911 GT3	스투트가르트스포츠카(주)	휘발유	3797	1460	수동6	7.8	-	5	299	3,710,635
181	체어맨W 리무진 가솔린 3.6	쌍용자동차㈜	휘발유	3598	2075	자동7	7.8	5	5	300	3,710,635
180	재규어 XK 5.0	(주)재규어랜드로버코리아	휘발유	5000	1690	자동6	7.8	-	5	301	3,710,635
179	볼보 XC90 3.2	㈜볼보자동차코리아	휘발유	3192	2180	자동6	7.8	5	5	299	3,710,635
178	볼보 XC60T6	㈜볼보자동차코리아	휘발유	2953	1920	자동6	7.8	-	5	228	3,710,635
177	SL63 AMG	메르세데스-벤츠코리아(주)	휘발유	5461	1855	자동7	7.8	-	5	230	3,710,635
176	짚그랜드체로키	크라이슬러코리아㈜	휘발유	3604	2190	자동5	7.8	-	5	302	3,710,635
175	카이엔 S	스투트가르트스포츠카(주)	휘발유	4806	2295	자동8	7.8	-	5	231	3,710,635
174	파나메라 S	스투트가르트스포츠카(주)	휘발유	4806	1900	자동7	7.8	-	5	231	3,710,635
173	911 카레라 GTS 카브리올레	스투트가르트스포츠카(주)	휘발유	3800	1620	자동7	7.7	-	5	235	3,758,825
172	짚그랜드체로키	크라이슬러코리아㈜	휘발유	3604	2190	자동5	7.7	-	5	233	3,758,825
171	링컨MKX	포드세일즈서비스코리아(유)	휘발유	3726	2070	자동6	7.7	-	5	232	3,758,825
170	카렌스 2.0LPI	기아자동차㈜	LPG	1998	1555	자동4	7.7	-	5	177	2,141,416
169	911 터보 카브리올레	스투트가르트스포츠카(주)	휘발유	3800	1705	자동7	7.7	-	5	306	3,758,825
168	S8 4.0 TFSI quattro	아우디폭스바겐코리아(주)	휘발유	3993	2155	자동8	7.7	-	5	235	3,758,825
167	익스플로러	포드세일즈서비스코리아(유)	휘발유	3496	2230	자동6	7.7	-	5	235	3,758,825
166	911 터보	스투트가르트스포츠카(주)	휘발유	3800	1645	자동7	7.7	-	5	306	3,758,825
165	911 카레라 GTS	스투트가르트스포츠카(주)	휘발유	3800	1560	자동7	7.7	-	5	235	3,758,825
164	911 카레라 4 GTS 카브리올레	스투트가르트스포츠카(주)	휘발유	3800	1660	자동7	7.6	-	5	237	3,808,283
163	S63 AMG L	메르세데스-벤츠코리아(주)	휘발유	5461	2275	자동7	7.6	-	5	310	3,808,283
162	캐딜락 SRX 3.0	GM코리아㈜	휘발유	2997	2100	자동6	7.6	-	5	235	3,808,283
161	짚랭글러 3.6	크라이슬러코리아㈜	휘발유	3604	1920	자동5	7.6	-	5	235	3,808,283
160	체어맨W 가솔린 3.2 AWD	쌍용자동차㈜	휘발유	3199	2035	자동7	7.6	-	5	238	3,808,283
159	체어맨W 가솔린 5.0 2WD	쌍용자동차㈜	휘발유	4966	1960	자동7	7.6	-	5	238	3,808,283
158	911 카레라 4S 카브리올레	스투트가르트스포츠카(주)	휘발유	3800	1660	자동7	7.6	-	5	237	3,808,283
157	911 카레라 4 GTS	스투트가르트스포츠카(주)	휘발유	3800	1600	자동7	7.6	-	5	237	3,808,283
156	랜서 에볼루션	씨엑스씨 주식회사	휘발유	1998	1645	자동6	7.6	-	5	235	3,808,283
155	S500 CGI 4Matic L	메르세데스-벤츠코리아(주)	휘발유	4663	2210	자동7	7.6	-	5	236	3,808,283
154	911 카레라 4S	스투트가르트스포츠카(주)	휘발유	3800	1600	자동7	7.6	-	5	237	3,808,283
153	재규어 XJ 5.0 (PORTFOLIO)	(주)재규어랜드로버코리아	휘발유	5000	1955	자동6	7.6	-	5	309	3,808,283
152	재규어 XJ 5.0	(주)재규어랜드로버코리아	휘발유	5000	1900	자동6	7.6	-	5	309	3,808,283
151	파나메라 S	스투트가르트스포츠카(주)	휘발유	4806	2040	자동7	7.6	-	5	307	3,808,283
150	그랜저 2.7LPI 대형	현대자동차㈜	LPG	2656	1655	자동5	7.6	5	5	233	2,169,592
149	재규어 XF5.0	(주)재규어랜드로버코리아	휘발유	5000	1930	자동6	7.6	-	5	308	3,808,283
148	프리랜더 3.2	(주)재규어랜드로버코리아	휘발유	3192	1900	자동6	7.6	-	5	236	3,808,283
147	CL63 AMG	메르세데스-벤츠코리아(주)	휘발유	5461	2185	자동7	7.6	-	5	238	3,808,283
146	BMW 550i xDrive	BMW코리아㈜	휘발유	4395	1900	자동8	7.5	-	5	240	3,859,060
145	체어맨W 가솔린 3.6 AWD	쌍용자동차㈜	휘발유	3598	2075	자동7	7.5	-	5	240	3,859,060
144	BMW M3	BMW코리아㈜	휘발유	3999	1680	자동7	7.5	-	5	312	3,859,060
143	체어맨W 가솔린 3.6 AWD	쌍용자동차㈜	휘발유	3598	2075	자동7	7.5	5	5	313	3,859,060
142	체어맨W 가솔린 5.0 리무진	쌍용자동차㈜	휘발유	4966	2070	자동7	7.5	-	5	240	3,859,060
141	렉서스 LS460	한국토요타자동차㈜	휘발유	4608	2105	자동8	7.5	-	5	312	3,859,060
140	BMW 750Li	BMW코리아㈜	휘발유	4395	2100	자동6	7.5	-	5	312	3,859,060
139	체어맨W 가솔린 3.2 AWD	쌍용자동차㈜	휘발유	3199	2065	자동7	7.5	5	5	312	3,859,060
138	New Continental GT V8	아우디폭스바겐코리아(주)	휘발유	3993	2333	자동8	7.5	-	5	240	3,859,060
137	BMW M3 Convertible	BMW코리아㈜	휘발유	3999	1830	자동7	7.4	-	5	244	3,911,209
136	파나메라 4S	스투트가르트스포츠카(주)	휘발유	4806	2085	자동7	7.4	-	5	317	3,911,209
135	New Continental GTC V8	아우디폭스바겐코리아(주)	휘발유	3993	2514	자동8	7.4	-	5	245	3,911,209
134	G350 BlueTEC	메르세데스-벤츠코리아(주)	경유	2987	2550	자동7	7.4	-	5	278	3,557,068
133	재규어 XJ5.0	(주)재규어랜드로버코리아	휘발유	5000	1900	자동6	7.4	-	5	244	3,911,209
132	짚랭글러 3.6	크라이슬러코리아㈜	휘발유	3604	2050	자동5	7.4	-	5	242	3,911,209
131	에쿠스리무진 5.0GDI(신연비)	현대자동차㈜	휘발유	5038	2150	자동8	7.4	-	5	244	3,911,209
130	카이엔	스투트가르트스포츠카(주)	휘발유	3598	2380	자동8	7.4	-	5	244	3,911,209
129	그랜저 2.7LPI 중형	현대자동차㈜	LPG	2656	1650	자동5	7.4	5	5	238	2,228,230
128	베라크루즈 3.8가솔린 4WD(신연비)	현대자동차㈜	휘발유	3778	2050	자동6	7.3	-	5	246	3,964,788
127	체어맨W 가솔린 5.0 리무진	쌍용자동차㈜	휘발유	4966	2060	자동7	7.3	5	5	321	3,964,788
126	BMW 750Li xDrive	BMW코리아㈜	휘발유	4395	2060	자동6	7.3	-	5	322	3,964,788
125	볼보 S80 4.4	㈜볼보자동차코리아	휘발유	4414	1860	자동6	7.3	5	5	322	3,964,788
124	모하비 4.6 가솔린	기아자동차㈜	휘발유	4627	2120	자동6	7.3	-	5	321	3,964,788
123	재규어 XKR 5.0SC	(주)재규어랜드로버코리아	휘발유	5000	1900	자동6	7.3	-	5	323	3,964,788
122	RS5 4.2 FSI quattro	아우디폭스바겐코리아(주)	휘발유	4163	1845	자동7	7.3	-	5	246	3,964,788
121	체어맨W 가솔린 5.0 2WD	쌍용자동차㈜	휘발유	4966	1960	자동7	7.3	5	5	320	3,964,788
120	인피니티 FX50	한국닛산(주)	휘발유	5026	2110	자동7	7.2	-	5	324	4,019,854
119	BMW GT 50i xDrive	BMW코리아㈜	휘발유	4395	2130	자동8	7.2	-	5	250	4,019,854
118	카이엔 GTS	스투트가르트스포츠카(주)	휘발유	4806	2295	자동8	7.2	-	5	251	4,019,854
117	CL63 AMG	메르세데스-벤츠코리아(주)	휘발유	5461	2185	자동7	7.2	-	5	324	4,019,854
116	파나메라 4S	스투트가르트스포츠카(주)	휘발유	4806	2015	자동7	7.2	-	5	251	4,019,854
115	파나메라 GTS	스투트가르트스포츠카(주)	휘발유	4806	2075	자동7	7.2	-	5	251	4,019,854
114	쉐보레 콜벳	GM코리아㈜	휘발유	6162	1530	자동6	7.1	-	5	253	4,076,472
113	재규어 XKR 5.0SC	(주)재규어랜드로버코리아	휘발유	5000	1860	자동6	7.1	-	5	255	4,076,472
112	재규어 XFR 5.0SC	(주)재규어랜드로버코리아	휘발유	5000	1960	자동6	7.1	-	5	328	4,076,472
111	재규어 XJ 5.0SC	(주)재규어랜드로버코리아	휘발유	5000	1930	자동6	7	-	5	259	4,134,707
110	A8 LWB 6.3 FSI quattro	아우디폭스바겐코리아(주)	휘발유	6299	2185	자동8	7	-	5	334	4,134,707
109	Phaeton 4.2 NWB	아우디폭스바겐코리아(주)	휘발유	4172	2276	자동6	6.9	-	5	265	4,194,630
108	Benz S500	메르세데스-벤츠코리아(주)	휘발유	5462	2080	자동7	6.9	5	5	340	4,194,630
107	재규어 XJ 5.0SC	(주)재규어랜드로버코리아	휘발유	5000	1960	자동6	6.9	-	5	338	4,194,630
106	카이엔 터보	스투트가르트스포츠카(주)	휘발유	4806	2465	자동8	6.9	-	5	264	4,194,630
105	재규어 XJ 5.0SC(SWB)	(주)재규어랜드로버코리아	휘발유	5000	1930	자동6	6.9	-	5	338	4,194,630
104	300C SRT8	크라이슬러코리아㈜	휘발유	6417	2010	자동5	6.9	-	5	264	4,194,630
103	Phaeton 4.2	아우디폭스바겐코리아(주)	휘발유	4172	2356	자동6	6.9	-	5	265	4,194,630
102	재규어 XKR 5.0SC(R-S CONV)	(주)재규어랜드로버코리아	휘발유	5000	1900	자동6	6.8	-	5	266	4,256,316
101	인피니티 QX56	한국닛산(주)	휘발유	5552	2730	자동7	6.8	-	5	345	4,256,316
100	파나메라 터보	스투트가르트스포츠카(주)	휘발유	4806	2145	자동7	6.8	-	5	344	4,256,316
99	재규어 XKR 5.0SC(R-S COUP)	(주)재규어랜드로버코리아	휘발유	5000	1860	자동6	6.8	-	5	266	4,256,316
98	카이엔 S	스투트가르트스포츠카(주)	휘발유	4806	2415	자동8	6.7	-	5	347	4,319,843
97	파나메라 터보 S	스투트가르트스포츠카(주)	휘발유	4806	2145	자동7	6.7	-	5	351	4,319,843
96	C63 AMG	메르세데스-벤츠코리아(주)	휘발유	6208	1790	자동7	6.7	-	5	352	4,319,843
95	SLS63 AMG	메르세데스-벤츠코리아(주)	휘발유	6208	1700	자동7	6.7	-	5	350	4,319,843
94	카이엔 터보	스투트가르트스포츠카(주)	휘발유	4806	2465	자동8	6.7	-	5	352	4,319,843
93	파나메라 터보 S	스투트가르트스포츠카(주)	휘발유	4806	2145	자동7	6.6	-	5	273	4,385,295
92	Phaeton 4.2 NWB	아우디폭스바겐코리아(주)	휘발유	4172	2276	자동6	6.6	-	5	355	4,385,295
91	A8 LWB 6.3 FSI quattro	아우디폭스바겐코리아(주)	휘발유	6299	2191	자동8	6.6	-	5	274	4,385,295
90	911 GT3 RS 4.0	스투트가르트스포츠카(주)	휘발유	3996	1485	수동6	6.6	-	5	355	4,385,295
89	마제라티 그란투리스모 MC Stradale	(주) 에프엠케이	휘발유	4691	1890	자동6	6.6	-	5	357	4,385,295
88	파나메라 터보 파워킷	스투트가르트스포츠카(주)	휘발유	4806	2145	자동7	6.6	-	5	357	4,385,295
87	Phaeton 4.2	아우디폭스바겐코리아(주)	휘발유	4172	2356	자동6	6.6	5	5	355	4,385,295
86	파나메라 터보	스투트가르트스포츠카(주)	휘발유	4806	2145	자동7	6.6	-	5	273	4,385,295
85	마제라티 그란카브리오	(주) 에프엠케이	휘발유	4691	1995	자동6	6.5	-	5	362	4,452,762
84	벤츠 E63 AMG	메르세데스-벤츠코리아(주)	휘발유	6208	1940	자동7	6.5	-	5	360	4,452,762
83	Gallardo LP560-4 Spyder	(주) 참존임포트	휘발유	5204	1650	자동6	6.5	-	5	359	4,452,762
82	페라리 599GTO	(주) 에프엠케이	휘발유	5999	1625	자동6	6.5	-	5	354	4,452,762
81	C63 AMG Coupe	메르세데스-벤츠코리아(주)	휘발유	6208	1800	자동7	6.5	-	5	277	4,452,762
80	Gallardo LP560-4	(주) 참존임포트	휘발유	5204	1575	자동6	6.5	-	5	359	4,452,762
79	BMW X5 xDrive50i	BMW코리아㈜	휘발유	4395	2190	자동8	6.5	-	5	358	4,452,762
78	BMW X6 xDrive50i	BMW코리아㈜	휘발유	4395	2190	자동8	6.5	-	5	358	4,452,762
77	S500L 4-matic	메르세데스-벤츠코리아(주)	휘발유	5462	2150	자동7	6.5	5	5	363	4,452,762
76	BMW 760Li	BMW코리아㈜	휘발유	5972	2280	자동8	6.4	-	5	367	4,522,336
75	레인지로버 스포츠 5.0	(주)재규어랜드로버코리아	휘발유	5000	2595	자동6	6.4	-	5	364	4,522,336
74	ML63 AMG	메르세데스-벤츠코리아(주)	휘발유	5461	2420	자동7	6.4	-	5	280	4,522,336
73	디스커버리4 5.0	(주)재규어랜드로버코리아	휘발유	5000	2635	자동6	6.3	-	5	371	4,594,119
72	캐딜락 CTS-V	GM코리아㈜	휘발유	6162	1945	수동6	6.3	-	5	370	4,594,119
71	SLS AMG Roadster	메르세데스-벤츠코리아(주)	휘발유	6208	1740	자동7	6.3	-	5	290	4,594,119
70	SLS AMG	메르세데스-벤츠코리아(주)	휘발유	6208	1700	자동7	6.3	-	5	290	4,594,119
69	Gallardo LP570-4 Superleggera	(주) 참존임포트	휘발유	5204	1505	자동6	6.3	-	5	372	4,594,119
68	마제라티 그란카브리오 Sport	(주) 에프엠케이	휘발유	4691	1995	자동6	6.3	-	5	286	4,594,119
67	BMW X6 M	BMW코리아㈜	휘발유	4395	2305	자동6	6.3	-	5	371	4,594,119
66	BMW X5 M	BMW코리아㈜	휘발유	4395	2305	자동6	6.3	-	5	371	4,594,119
65	R8 5.2 FSI quattro	아우디폭스바겐코리아(주)	휘발유	5204	1710	자동6	6.2	-	5	380	4,668,218
64	R8 Spyder 5.2 FSI quattro	아우디폭스바겐코리아(주)	휘발유	5204	1795	자동6	6.2	-	5	380	4,668,218
63	캐딜락 Escalade	GM코리아㈜	휘발유	6162	2630	자동6	6.2	-	5	380	4,668,218
62	CLS 63 AMG	메르세데스-벤츠코리아(주)	휘발유	6209	1830	자동7	6.1	5	5	382	4,744,746
61	마제라티 콰토르포르테 S	(주) 에프엠케이	휘발유	4691	2010	자동6	6.1	-	5	384	4,744,746
60	레인지로버 5.0	(주)재규어랜드로버코리아	휘발유	5000	2610	자동6	6.1	-	5	387	4,744,746
59	마제라티 그란투리스모	(주) 에프엠케이	휘발유	4244	1890	자동6	6.1	5	5	386	4,744,746
58	벤츠 C63 AMG	메르세데스-벤츠코리아(주)	휘발유	6208	1655	자동7	6.1	-	5	385	4,744,746
57	911 GT3 RS 4.0	스투트가르트스포츠카(주)	휘발유	3996	1485	수동6	6.1	-	5	299	4,744,746
56	마제라티 콰토르포르테 Sport GT S	(주) 에프엠케이	휘발유	4691	2010	자동6	6.1	-	5	384	4,744,746
55	Gallardo LP550-2	(주) 참존임포트	휘발유	5204	1545	자동6	6	-	5	390	4,823,825
54	Benz S600L	메르세데스-벤츠코리아(주)	휘발유	5514	2260	자동5	6	-	5	390	4,823,825
53	마제라티 콰토르포르테	(주) 에프엠케이	휘발유	4244	2010	자동6	6	-	5	387	4,823,825
52	R8 GT Spyder 5.2 FSI quattro	아우디폭스바겐코리아(주)	휘발유	5204	1810	자동6	6	-	5	302	4,823,825
51	레인지로버 5.0	(주)재규어랜드로버코리아	휘발유	5000	2610	자동6	6	-	5	304	4,823,825
50	캐딜락 Escalade	GM코리아㈜	휘발유	6162	2630	자동6	6	-	5	304	4,823,825
49	마제라티 콰토르포르테	(주) 에프엠케이	휘발유	4244	1990	자동6	6	5	5	387	4,823,825
48	캐딜락 CTS-V	GM코리아㈜	휘발유	6162	1970	자동6	6	-	5	303	4,823,825
47	디스커버리3	(주)재규어랜드로버코리아	휘발유	4009	2550	자동6	5.9	5	5	395	4,905,585
46	디스커버리4 5.0	(주)재규어랜드로버코리아	휘발유	5000	2635	자동6	5.9	-	5	309	4,905,585
45	Continental Supersports	아우디폭스바겐코리아(주)	휘발유	5998	2240	자동6	5.9	-	5	400	4,905,585
44	CL 63 AMG	메르세데스-벤츠코리아(주)	휘발유	6209	2090	자동7	5.8	5	5	401	4,990,164
43	레인지로버 5.0SC	(주)재규어랜드로버코리아	휘발유	5000	2650	자동6	5.8	-	5	312	4,990,164
42	레인지로버스포츠 5.0SC	(주)재규어랜드로버코리아	휘발유	5000	2655	자동6	5.7	-	5	408	5,077,711
41	Rolls Royce Ghost	BMW코리아㈜	휘발유	6592	2360	자동8	5.7	-	5	413	5,077,711
40	벤츠 S63 AMG	메르세데스-벤츠코리아(주)	휘발유	6208	2140	자동7	5.7	-	5	410	5,077,711
39	New Continental GT	아우디폭스바겐코리아(주)	휘발유	5998	2320	자동6	5.7	-	5	406	5,077,711
38	Continental Supersports Convertible	아우디폭스바겐코리아(주)	휘발유	5998	2430	자동6	5.7	-	5	408	5,077,711
37	페라리 캘리포니아	(주) 에프엠케이	휘발유	4297	1800	자동7	5.7	-	5	408	5,077,711
36	페라리 캘리포니아	(주) 에프엠케이	휘발유	4297	1820	자동7	5.7	-	5	408	5,077,711
35	마제라티 그란투리스모 에스	(주) 에프엠케이	휘발유	4691	1890	자동6	5.6	-	5	415	5,168,384
34	페라리 458 Spider	(주) 에프엠케이	휘발유	4497	1585	자동7	5.6	-	5	324	5,168,384
33	New Continental GTC	아우디폭스바겐코리아(주)	휘발유	5998	2535	자동6	5.6	-	5	329	5,168,384
32	G63 AMG	메르세데스-벤츠코리아(주)	휘발유	5461	2530	자동7	5.6	-	5	325	5,168,384
31	페라리 458 이탈리아	(주) 에프엠케이	휘발유	4497	1535	자동7	5.6	-	5	415	5,168,384
30	페라리 458 이탈리아	(주) 에프엠케이	휘발유	4497	1535	자동7	5.6	-	5	324	5,168,384
29	레인지로버 SC	(주)재규어랜드로버코리아	휘발유	4197	2650	자동6	5.5	5	5	421	5,262,355
28	페라리 FF	(주) 에프엠케이	휘발유	6262	1900	자동7	5.5	-	5	424	5,262,355
27	짚 그랜드체로키 SRT8	크라이슬러코리아㈜	휘발유	6417	2380	자동5	5.5	-	5	330	5,262,355
26	Continental GT 6.0	아우디폭스바겐코리아(주)	휘발유	5998	2410	자동6	5.4	5	5	432	5,359,806
25	Continental GTC 6.0	아우디폭스바겐코리아(주)	휘발유	5998	2560	자동6	5.4	5	5	435	5,359,806
24	Continental GTC Speed	아우디폭스바겐코리아(주)	휘발유	5998	2565	자동6	5.4	-	5	435	5,359,806
23	Continental Flying Spur 6.0	아우디폭스바겐코리아(주)	휘발유	5998	2525	자동6	5.3	5	5	444	5,460,934
22	페라리 SA Aperta	(주) 에프엠케이	휘발유	5999	1760	자동6	5.3	-	5	438	5,460,934
21	Continental Flying Spur Speed	아우디폭스바겐코리아(주)	휘발유	5998	2525	자동6	5.3	-	5	444	5,460,934
20	레인지로버 5.0SC	(주)재규어랜드로버코리아	휘발유	5000	2650	자동6	5.3	-	5	446	5,460,934
19	레인지로버 5.0SC (ULTIMATE LM)	(주)재규어랜드로버코리아	휘발유	5000	2650	자동6	5.3	-	5	446	5,460,934
18	Maybach57	메르세데스-벤츠코리아(주)	휘발유	5513	2660	자동5	5.3	-	5	440	5,460,934
17	Maybach62	메르세데스-벤츠코리아(주)	휘발유	5513	2780	자동5	5.3	5	5	440	5,460,934
16	페라리F430	(주) 에프엠케이	휘발유	4308	1470	자동6	5.2	-	5	448	5,565,952
15	페라리 599GTB 피오라노	(주) 에프엠케이	휘발유	5999	1720	자동6	5.2	5	5	448	5,565,952
14	Maybach 62S Zeppelin	메르세데스-벤츠코리아(주)	휘발유	5981	2780	자동5	5.2	-	5	452	5,565,952
13	Maybach 62S	메르세데스-벤츠코리아(주)	휘발유	5981	2780	자동5	5.2	5	5	452	5,565,952
12	페라리 F430 스파이더	(주) 에프엠케이	휘발유	4308	1540	자동6	5.2	5	5	448	5,565,952
11	Maybach 57S	메르세데스-벤츠코리아(주)	휘발유	5981	2740	자동5	5.2	5	5	452	5,565,952
10	페라리F430스쿠데리아	(주) 에프엠케이	휘발유	4308	1400	자동6	5.1	-	5	460	5,675,088
9	Mulsanne	아우디폭스바겐코리아(주)	휘발유	6752	2686	자동8	5	-	5	471	5,788,590
8	레이 전기차	기아자동차㈜	전기	0	1185	없음	5	-	경형	91	
7	Rolls-Royce Phantom	BMW코리아㈜	휘발유	6749	2495	자동6	5	5	5	464	5,788,590
6	Mulsanne	아우디폭스바겐코리아(주)	휘발유	6752	2764	자동8	4.9	-	5	377	5,906,724
5	Continental GT Speed	아우디폭스바겐코리아(주)	휘발유	5998	2370	자동6	4.8	5	5	486	6,029,781
4	Aventador LP700-4	(주) 참존임포트	휘발유	6498	1820	자동7	4.5	-	5	522	6,431,767
3	Change	(주)AD 모터스	전기	0	840	없음	4.3	-	경형	50	